id,time,balance,equity,margin,free_margin,profit
1,2026-03-16 13:59:07.134612,100000.0,100000.0,0.0,100000.0,0.0
2,2026-03-16 14:05:00.874774,100000.0,100000.0,0.0,100000.0,0.0
3,2026-03-16 14:18:19.421377,100000.0,100000.0,0.0,100000.0,0.0
4,2026-03-16 14:24:25.406014,100000.0,100000.0,0.0,100000.0,0.0
5,2026-03-16 15:05:06.013568,100000.0,100000.0,0.0,100000.0,0.0
6,2026-03-16 15:05:06.732885,100000.0,100000.0,0.0,100000.0,0.0
7,2026-03-16 16:05:02.201836,100000.0,100000.0,0.0,100000.0,0.0
8,2026-03-16 16:05:02.798220,100000.0,100000.0,0.0,100000.0,0.0
9,2026-03-16 17:05:02.675031,100000.0,100000.0,0.0,100000.0,0.0
10,2026-03-16 17:05:03.149240,100000.0,100000.0,0.0,100000.0,0.0
11,2026-03-16 18:05:02.326837,100000.0,100000.0,0.0,100000.0,0.0
12,2026-03-16 18:05:02.500639,100000.0,100000.0,0.0,100000.0,0.0
14,2026-03-16 19:05:00.729016,100000.0,100000.0,0.0,100000.0,0.0
13,2026-03-16 19:05:00.857743,100000.0,100000.0,0.0,100000.0,0.0
15,2026-03-16 20:05:00.764910,100000.0,100000.0,0.0,100000.0,0.0
16,2026-03-16 20:05:01.029261,100000.0,100000.0,0.0,100000.0,0.0
17,2026-03-16 21:05:00.827494,100000.0,100000.0,0.0,100000.0,0.0
18,2026-03-16 21:05:01.107700,100000.0,100000.0,0.0,100000.0,0.0
19,2026-03-16 22:05:00.854612,100000.0,100000.0,0.0,100000.0,0.0
20,2026-03-16 22:05:01.123649,100000.0,100000.0,0.0,100000.0,0.0
21,2026-03-16 23:05:00.873026,100000.0,100000.0,0.0,100000.0,0.0
22,2026-03-16 23:05:01.330661,100000.0,100000.0,0.0,100000.0,0.0
23,2026-03-17 00:05:00.983336,100000.0,100000.0,0.0,100000.0,0.0
24,2026-03-17 00:05:01.259855,100000.0,100000.0,0.0,100000.0,0.0
25,2026-03-17 01:05:00.935702,100000.0,100000.0,0.0,100000.0,0.0
26,2026-03-17 01:05:01.247906,100000.0,100000.0,0.0,100000.0,0.0
27,2026-03-17 02:05:00.864138,100000.0,100000.0,0.0,100000.0,0.0
28,2026-03-17 02:05:01.045752,100000.0,100000.0,0.0,100000.0,0.0
29,2026-03-17 03:05:00.874650,100000.0,100000.0,0.0,100000.0,0.0
30,2026-03-17 03:05:01.154480,100000.0,100000.0,0.0,100000.0,0.0
32,2026-03-17 04:05:00.810563,100000.0,100000.0,0.0,100000.0,0.0
31,2026-03-17 04:05:00.925479,100000.0,100000.0,0.0,100000.0,0.0
33,2026-03-17 05:05:00.873806,100000.0,100000.0,0.0,100000.0,0.0
34,2026-03-17 05:05:01.217619,100000.0,100000.0,0.0,100000.0,0.0
36,2026-03-17 06:05:00.858152,100000.0,100000.0,0.0,100000.0,0.0
35,2026-03-17 06:05:00.951983,100000.0,100000.0,0.0,100000.0,0.0
37,2026-03-17 07:05:00.811660,100000.0,100000.0,0.0,100000.0,0.0
38,2026-03-17 07:05:01.264377,100000.0,100000.0,0.0,100000.0,0.0
39,2026-03-17 08:05:00.968042,100000.0,100000.0,0.0,100000.0,0.0
40,2026-03-17 08:05:01.242443,100000.0,100000.0,0.0,100000.0,0.0
41,2026-03-17 09:05:00.696417,100000.0,100000.0,0.0,100000.0,0.0
42,2026-03-17 09:05:01.467786,100000.0,100000.0,0.0,100000.0,0.0
43,2026-03-17 10:05:00.904939,100000.0,100000.0,0.0,100000.0,0.0
44,2026-03-17 10:05:01.164437,100000.0,100000.0,0.0,100000.0,0.0
45,2026-03-17 11:05:00.858547,100000.0,100000.0,0.0,100000.0,0.0
46,2026-03-17 11:05:01.045529,100000.0,100000.0,0.0,100000.0,0.0
47,2026-03-17 12:05:01.054448,100000.0,100000.0,0.0,100000.0,0.0
48,2026-03-17 12:05:01.311613,100000.0,100000.0,0.0,100000.0,0.0
49,2026-03-17 12:55:55.786035,100000.0,100000.0,0.0,100000.0,0.0
50,2026-03-17 13:05:01.108389,100000.0,100000.0,0.0,100000.0,0.0
51,2026-03-17 13:05:01.514540,100000.0,100000.0,0.0,100000.0,0.0
52,2026-03-17 13:35:01.428171,100000.0,100000.0,0.0,100000.0,0.0
53,2026-03-17 14:05:01.025214,100000.0,100000.0,0.0,100000.0,0.0
54,2026-03-17 14:05:03.248053,100000.0,100000.0,0.0,100000.0,0.0
55,2026-03-17 14:35:01.186465,100000.0,100000.0,0.0,100000.0,0.0
56,2026-03-17 15:05:00.759986,100000.0,100000.0,0.0,100000.0,0.0
57,2026-03-17 15:05:01.176328,100000.0,100000.0,0.0,100000.0,0.0
58,2026-03-17 15:35:00.609650,100000.0,100000.0,0.0,100000.0,0.0
59,2026-03-17 16:05:00.713859,100000.0,100000.0,0.0,100000.0,0.0
60,2026-03-17 16:05:01.302033,100000.0,100000.0,0.0,100000.0,0.0
61,2026-03-17 16:35:01.170774,100000.0,100000.0,0.0,100000.0,0.0
62,2026-03-17 17:05:00.872268,100000.0,100000.0,0.0,100000.0,0.0
63,2026-03-17 17:05:01.148111,100000.0,100000.0,0.0,100000.0,0.0
64,2026-03-17 17:35:00.874197,100000.0,100000.0,0.0,100000.0,0.0
65,2026-03-17 18:05:00.927047,100000.0,100000.0,0.0,100000.0,0.0
66,2026-03-17 18:05:01.374759,100000.0,100000.0,0.0,100000.0,0.0
67,2026-03-17 18:35:00.974383,100000.0,100000.0,0.0,100000.0,0.0
68,2026-03-17 18:55:02.771207,100000.0,100000.0,0.0,100000.0,0.0
69,2026-03-17 19:02:03.294944,100000.0,100000.0,0.0,100000.0,0.0
70,2026-03-17 19:05:00.545987,100000.0,100000.0,0.0,100000.0,0.0
71,2026-03-17 19:17:02.963001,100000.0,100000.0,0.0,100000.0,0.0
72,2026-03-17 19:32:03.173216,100000.0,100000.0,0.0,100000.0,0.0
73,2026-03-17 19:47:02.991256,100000.0,100000.0,0.0,100000.0,0.0
74,2026-03-17 20:02:03.091530,100000.0,100000.0,0.0,100000.0,0.0
75,2026-03-17 20:05:00.584351,100000.0,100000.0,0.0,100000.0,0.0
76,2026-03-17 20:17:02.587974,100000.0,100000.0,0.0,100000.0,0.0
77,2026-03-17 20:47:03.934271,100000.0,100000.0,0.0,100000.0,0.0
78,2026-03-17 21:02:04.067237,100000.0,100000.0,0.0,100000.0,0.0
79,2026-03-17 21:05:00.920133,100000.0,100000.0,0.0,100000.0,0.0
80,2026-03-17 21:14:31.655126,100000.0,100000.0,0.0,100000.0,0.0
81,2026-03-17 21:17:02.812263,100000.0,100000.0,0.0,100000.0,0.0
82,2026-03-17 21:32:02.764092,100000.0,100000.0,0.0,100000.0,0.0
83,2026-03-17 21:47:02.460960,100000.0,100000.0,0.0,100000.0,0.0
84,2026-03-17 22:02:03.579196,100000.0,100000.0,0.0,100000.0,0.0
85,2026-03-17 22:05:00.626976,100000.0,100000.0,0.0,100000.0,0.0
86,2026-03-17 22:17:03.209138,100000.0,100000.0,0.0,100000.0,0.0
87,2026-03-17 22:32:03.402212,100000.0,100000.0,0.0,100000.0,0.0
88,2026-03-17 22:47:03.684160,100000.0,99999.89,49.97,99949.92,-0.11
89,2026-03-17 23:02:04.827017,100000.0,99994.79,100.03,99894.76,-5.21
90,2026-03-17 23:05:00.724969,100000.0,99994.92,100.03,99894.89,-5.08
91,2026-03-17 23:17:04.443129,100000.0,99992.26,100.03,99892.23,-7.74
92,2026-03-17 23:32:03.683666,100000.0,99992.17,150.06,99842.11,-7.83
93,2026-03-17 23:47:05.062777,100000.0,99992.28,150.06,99842.22,-7.72
94,2026-03-18 00:02:05.570292,100000.0,99991.52,150.06,99841.46,-8.48
95,2026-03-18 00:05:04.966341,99985.05,99999.3,150.06,99849.24,14.25
96,2026-03-18 00:17:05.661004,99985.05,99918.24,9733.96,90184.28,-66.81
97,2026-03-18 00:32:02.502633,99985.05,100273.59,9733.96,90539.63,288.54
98,2026-03-18 00:47:04.901032,99994.17,100306.36,9733.96,90572.4,312.19
99,2026-03-18 01:02:05.075976,99994.17,99564.57,27325.48,72239.09,-429.6
100,2026-03-18 01:05:00.623505,99994.17,99373.34,27325.48,72047.86,-620.83
101,2026-03-18 01:17:04.728809,100020.59,99771.6,27225.55,72546.05,-248.99
102,2026-03-18 01:32:02.584788,100020.59,99731.6,27225.55,72506.05,-288.99
103,2026-03-18 01:47:04.791582,100031.24,99845.66,27225.44,72620.22,-185.58
104,2026-03-18 02:02:04.389652,99463.67,99398.98,27273.17,72125.81,-64.69
105,2026-03-18 02:05:00.684964,99463.67,99905.98,27273.17,72632.81,442.31
106,2026-03-18 02:17:04.897288,99463.67,100039.26,44843.48,55195.78,575.59
107,2026-03-18 02:32:03.412124,98984.88,99302.97,27218.54,72084.43,318.09
108,2026-03-18 02:47:04.405432,98984.88,99401.99,44797.8,54604.19,417.11
109,2026-03-18 03:02:03.562802,99584.88,100273.43,27208.99,73064.44,688.55
110,2026-03-18 03:05:02.091107,99584.88,100324.08,27208.99,73115.09,739.2
111,2026-03-18 03:17:02.950779,99584.88,100194.08,27208.99,72985.09,609.2
112,2026-03-18 03:32:04.318970,99584.88,100133.75,44823.07,55310.68,548.87
113,2026-03-18 03:47:02.818629,99584.88,99552.58,44823.07,54729.51,-32.3
114,2026-03-18 04:02:04.173833,99034.88,99088.73,27258.86,71829.87,53.85
115,2026-03-18 04:05:00.577466,99034.88,99098.7,27258.86,71839.84,63.82
116,2026-03-18 04:17:03.505347,99034.88,99318.73,27258.86,72059.87,283.85
117,2026-03-18 04:32:03.802686,99034.88,98767.73,27262.43,71505.3,-267.15
118,2026-03-18 04:47:05.611663,99040.74,98675.87,44794.28,53881.59,-364.87
119,2026-03-18 05:04:27.195425,98570.74,99002.98,77167.69,21835.29,432.24
120,2026-03-18 05:05:00.846100,98570.74,99033.68,77167.69,21865.99,462.94
121,2026-03-18 05:17:09.995696,98140.97,98888.89,71706.79,27182.1,747.92
122,2026-03-18 05:32:04.233206,98140.97,98714.34,71706.79,27007.55,573.37
123,2026-03-18 05:47:04.497997,97540.97,99065.5,71986.11,27079.39,1524.53
124,2026-03-18 06:02:05.213544,98010.97,98967.2,60179.81,38787.39,956.23
125,2026-03-18 06:05:02.893738,98010.97,99208.11,60179.81,39028.3,1197.14
126,2026-03-18 06:17:04.994825,99613.26,99491.31,32159.61,67331.7,-121.95
127,2026-03-18 06:32:04.551895,99133.26,99023.75,41778.31,57245.44,-109.51
128,2026-03-18 06:47:04.102554,99793.26,100103.54,31662.61,68440.93,310.28
129,2026-03-18 07:02:03.081778,100333.26,100238.32,22049.91,78188.41,-94.94
130,2026-03-18 07:05:01.259276,100333.26,100189.24,22049.91,78139.33,-144.02
131,2026-03-18 07:17:07.727397,100333.26,100410.25,94325.71,6084.54,76.99
132,2026-03-18 07:32:04.177607,100027.92,101668.66,94325.71,7342.95,1640.74
133,2026-03-18 07:47:06.754043,102173.32,102517.54,84183.31,18334.23,344.22
134,2026-03-18 08:02:05.480875,102843.32,103067.14,84192.04,18875.1,223.82
135,2026-03-18 08:05:00.664892,102843.32,103582.76,84192.04,19390.72,739.44
136,2026-03-18 08:17:04.733803,103237.27,103394.31,84192.04,19202.27,157.04
137,2026-03-18 08:32:08.818981,103075.99,102896.82,91927.34,10969.48,-179.17
138,2026-03-18 08:47:04.662512,103090.15,104127.17,91927.31,12199.86,1037.02
139,2026-03-18 09:02:05.897862,105131.29,105419.07,13359.81,92059.26,287.78
140,2026-03-18 09:05:01.642803,105131.29,105520.49,13359.81,92160.68,389.2
141,2026-03-18 09:17:03.883092,105131.29,105285.12,13359.81,91925.31,153.83
142,2026-03-18 09:32:03.088209,105911.29,105913.54,49.91,105863.63,2.25
143,2026-03-18 09:47:03.688034,105911.29,105892.08,26661.81,79230.27,-19.21
144,2026-03-18 10:02:04.788562,105911.29,105970.4,68326.31,37644.09,59.11
145,2026-03-18 10:05:01.088374,105911.29,105889.19,68326.31,37562.88,-22.1
146,2026-03-18 10:17:02.832084,105911.29,106276.65,68326.31,37950.34,365.36
147,2026-03-18 10:32:05.372639,105911.29,104453.15,68326.31,36126.84,-1458.14
148,2026-03-18 10:47:06.380127,104523.15,104823.08,26661.69,78161.39,299.93
149,2026-03-18 11:02:05.141356,104514.56,104944.56,71996.7,32947.86,430.0
150,2026-03-18 11:05:00.676768,104514.56,105504.56,71996.7,33507.86,990.0
151,2026-03-18 11:17:05.000660,105754.56,106134.34,66760.01,39374.33,379.78
152,2026-03-18 11:32:06.728981,108274.31,108584.26,45424.48,63159.78,309.95
153,2026-03-18 11:47:08.587385,108262.1,109172.93,45424.24,63748.69,910.83
154,2026-03-18 12:02:06.198436,107512.24,108002.24,13310.8,94691.44,490.0
155,2026-03-18 12:05:00.985180,107512.24,108372.24,13310.8,95061.44,860.0
156,2026-03-18 12:17:14.156732,108782.24,108565.74,44993.3,63572.44,-216.5
157,2026-03-18 12:32:10.465608,107222.24,106725.39,66945.6,39779.79,-496.85
158,2026-03-18 12:47:08.825241,105691.89,105839.9,84408.9,21431.0,148.01
159,2026-03-18 13:02:11.923226,104985.35,105365.29,103359.97,2005.32,379.94
160,2026-03-18 13:05:01.278830,105823.9,105750.23,103359.97,2390.26,-73.67
161,2026-03-18 13:17:11.563251,102557.6,101742.85,98765.47,2977.38,-814.75
162,2026-03-18 13:32:04.225245,105747.6,106353.5,32376.87,73976.63,605.9
163,2026-03-18 13:47:05.389214,105771.61,106748.37,45719.2,61029.17,976.76
164,2026-03-18 14:02:04.775618,107181.61,107703.08,13990.8,93712.28,521.47
165,2026-03-18 14:05:00.725075,107181.61,107913.08,13990.8,93922.28,731.47
166,2026-03-18 14:17:15.259082,107181.61,107343.21,57410.6,49932.61,161.6
167,2026-03-18 14:32:04.726741,107181.61,106396.11,78817.8,27578.31,-785.5
168,2026-03-18 14:44:59.071534,106349.51,107529.48,56817.8,50711.68,1179.97
169,2026-03-18 15:05:03.591199,110217.98,110301.46,1050.0,109251.46,83.48
170,2026-03-18 15:05:07.161112,110217.98,110288.73,3098.7,107190.03,70.75
171,2026-03-18 16:05:00.775485,110217.98,110241.99,3098.7,107143.29,24.01
172,2026-03-18 16:05:05.533813,110217.98,110245.66,3098.7,107146.96,27.68
173,2026-03-18 17:05:00.835249,110217.98,110265.68,3098.7,107166.98,47.7
174,2026-03-18 17:05:04.147357,110217.98,110263.18,3098.7,107164.48,45.2
175,2026-03-18 18:05:03.500602,110318.98,110314.93,2278.7,108036.23,-4.05
176,2026-03-18 18:05:06.358518,110318.98,110313.64,2278.7,108034.94,-5.34
177,2026-03-18 19:05:01.940835,110387.27,110144.32,2048.7,108095.62,-242.95
178,2026-03-18 19:05:07.796873,110387.27,110137.92,2048.7,108089.22,-249.35
179,2026-03-18 20:05:02.361807,109976.38,109952.2,48.7,109903.5,-24.18
180,2026-03-18 20:05:13.458497,109976.38,109886.18,3209.2,106676.98,-90.2
181,2026-03-18 21:05:05.105739,109926.26,109727.76,3160.5,106567.26,-198.5
182,2026-03-18 21:05:15.377211,109926.26,109531.76,4566.78,104964.98,-394.5
183,2026-03-18 22:05:00.870799,109926.26,109978.01,4566.78,105411.23,51.75
184,2026-03-18 22:05:08.805258,109926.26,109977.2,4615.04,105362.16,50.94
185,2026-03-18 23:05:01.392517,109926.26,109936.73,4615.04,105321.69,10.47
186,2026-03-18 23:05:03.896916,109926.26,109933.04,4615.04,105318.0,6.78
187,2026-03-19 00:05:03.264044,109926.26,110078.92,4615.04,105463.88,152.66
188,2026-03-19 00:05:08.934840,109926.26,110079.02,4615.04,105463.98,152.76
189,2026-03-19 01:05:01.405817,109926.26,109961.51,4615.04,105346.47,35.25
190,2026-03-19 01:05:04.654911,109926.26,109944.13,4615.04,105329.09,17.87
191,2026-03-19 02:05:01.200823,109926.26,109875.69,4615.04,105260.65,-50.57
192,2026-03-19 02:05:03.871962,109926.26,109875.02,4615.04,105259.98,-51.24
193,2026-03-19 03:05:01.142669,109926.26,109976.75,4615.04,105361.71,50.49
194,2026-03-19 03:05:04.156824,109926.26,109975.98,4615.04,105360.94,49.72
195,2026-03-19 04:05:01.252611,109926.26,109866.98,4615.04,105251.94,-59.28
196,2026-03-19 04:05:03.631937,109926.26,109866.41,4615.04,105251.37,-59.85
197,2026-03-19 05:05:01.005756,109926.26,109752.51,4615.04,105137.47,-173.75
198,2026-03-19 05:05:04.098392,109926.26,109740.44,7269.34,102471.1,-185.82
199,2026-03-19 06:05:03.325046,109926.26,109901.79,7269.34,102632.45,-24.47
200,2026-03-19 06:05:05.136840,109926.26,109895.36,7269.34,102626.02,-30.9
201,2026-03-19 07:05:01.666336,109871.5,110089.58,7221.08,102868.5,218.08
202,2026-03-19 07:05:06.393535,109871.5,110087.31,7268.76,102818.55,215.81
203,2026-03-19 08:05:01.130773,109871.5,109755.26,7268.76,102486.5,-116.24
204,2026-03-19 08:05:05.457475,109871.5,109744.72,7298.76,102445.96,-126.78
205,2026-03-19 09:05:02.167442,109567.71,109647.29,5251.08,104396.21,79.58
206,2026-03-19 09:05:07.894196,109567.71,109648.7,5298.23,104350.47,80.99
207,2026-03-19 10:05:01.885875,109205.71,109268.37,2643.93,106624.44,62.66
208,2026-03-19 10:05:04.577461,109205.71,109269.05,2643.93,106625.12,63.34
209,2026-03-19 10:38:40.787571,109205.71,109257.85,4643.93,104613.92,52.14
210,2026-03-19 10:42:15.865055,109205.71,109323.45,4643.93,104679.52,117.74
211,2026-03-19 11:05:02.085704,109205.71,109230.65,4643.93,104586.72,24.94
212,2026-03-19 11:05:05.084508,109205.71,109235.7,4643.93,104591.77,29.99
213,2026-03-19 11:39:32.564495,109373.51,109215.4,3237.65,105977.75,-158.11
214,2026-03-19 12:05:02.794408,109309.75,109018.56,3190.5,105828.06,-291.19
215,2026-03-19 12:05:05.314456,109309.75,109020.56,3190.5,105830.06,-289.19
216,2026-03-19 12:58:27.880628,109309.75,108776.59,3190.5,105586.09,-533.16
217,2026-03-19 13:05:02.122112,109302.7,108721.06,3160.5,105560.56,-581.64
218,2026-03-19 13:05:07.509035,109302.7,108698.32,6563.14,102135.18,-604.38
219,2026-03-19 14:05:03.587695,108296.13,108296.13,0.0,108296.13,0.0
220,2026-03-19 14:05:10.695441,108296.13,108279.6,5839.52,102440.08,-16.53
221,2026-03-19 15:05:00.669041,108296.13,108025.97,5839.52,102186.45,-270.16
222,2026-03-19 15:05:07.562303,108296.13,108023.97,5839.52,102184.45,-272.16
223,2026-03-19 16:05:01.639958,108413.66,108271.66,3839.52,104432.14,-142.0
224,2026-03-19 16:05:05.211556,108413.66,108269.66,3839.52,104430.14,-144.0
225,2026-03-19 17:05:00.687205,108413.66,108011.66,3839.52,104172.14,-402.0
226,2026-03-19 17:05:05.349893,108413.66,107993.66,6147.56,101846.1,-420.0
227,2026-03-19 18:05:01.630767,107683.66,107171.66,3475.9,103695.76,-512.0
228,2026-03-19 18:05:09.208828,107683.66,107173.66,6155.5,101018.16,-510.0
229,2026-03-19 19:05:04.124975,105555.66,105555.66,0.0,105555.66,0.0
230,2026-03-19 19:05:10.445912,105555.66,105555.66,0.0,105555.66,0.0
231,2026-03-19 20:05:01.210363,105555.66,105555.66,0.0,105555.66,0.0
232,2026-03-19 20:05:05.750504,105555.66,105555.66,0.0,105555.66,0.0
233,2026-03-19 21:05:01.128717,105555.66,105555.66,0.0,105555.66,0.0
234,2026-03-19 21:05:05.870805,105555.66,105555.66,0.0,105555.66,0.0
235,2026-03-19 22:05:00.897497,105555.66,105555.66,0.0,105555.66,0.0
236,2026-03-19 22:05:03.311534,105555.66,105555.66,0.0,105555.66,0.0
237,2026-03-19 23:05:03.219107,105555.66,105555.66,0.0,105555.66,0.0
238,2026-03-19 23:05:05.843300,105555.66,105555.66,0.0,105555.66,0.0
239,2026-03-20 00:05:00.871834,105555.66,105555.66,0.0,105555.66,0.0
240,2026-03-20 00:05:05.877913,105555.66,105555.66,0.0,105555.66,0.0
241,2026-03-20 01:05:00.906198,105555.66,105555.66,0.0,105555.66,0.0
242,2026-03-20 01:05:06.175092,105555.66,105555.66,0.0,105555.66,0.0
243,2026-03-20 02:05:00.825213,105555.66,105555.66,0.0,105555.66,0.0
244,2026-03-20 02:05:05.211594,105555.66,105555.66,0.0,105555.66,0.0
245,2026-03-20 03:05:01.097083,105555.66,105555.66,0.0,105555.66,0.0
246,2026-03-20 03:05:05.038282,105555.66,105555.66,0.0,105555.66,0.0
247,2026-03-20 04:05:01.201870,105555.66,105555.66,0.0,105555.66,0.0
248,2026-03-20 04:05:08.959213,105555.66,105555.66,0.0,105555.66,0.0
249,2026-03-20 05:05:00.942315,105555.66,105555.66,0.0,105555.66,0.0
250,2026-03-20 05:05:05.331051,105555.66,105555.66,0.0,105555.66,0.0
251,2026-03-20 06:05:02.134673,105555.66,105555.66,0.0,105555.66,0.0
252,2026-03-20 06:05:05.055740,105555.66,105555.66,0.0,105555.66,0.0
253,2026-03-20 07:05:01.630924,105555.66,105555.66,0.0,105555.66,0.0
254,2026-03-20 07:05:05.011601,105555.66,105555.66,0.0,105555.66,0.0
255,2026-03-20 08:05:01.182762,105555.66,105555.66,0.0,105555.66,0.0
256,2026-03-20 08:05:05.186451,105555.66,105555.66,0.0,105555.66,0.0
257,2026-03-20 09:05:01.588184,105555.66,105555.66,0.0,105555.66,0.0
258,2026-03-20 09:05:05.244590,105555.66,105555.66,0.0,105555.66,0.0
259,2026-03-20 10:05:01.292793,105555.66,105555.66,0.0,105555.66,0.0
260,2026-03-20 10:05:07.178520,105555.66,105555.66,0.0,105555.66,0.0
261,2026-03-20 11:05:01.589400,105555.66,105555.66,0.0,105555.66,0.0
262,2026-03-20 11:05:05.296645,105555.66,105555.66,0.0,105555.66,0.0
263,2026-03-20 12:05:01.360635,105555.66,105555.66,0.0,105555.66,0.0
264,2026-03-20 12:05:04.976000,105555.66,105555.66,0.0,105555.66,0.0
265,2026-03-20 13:05:01.421118,105555.66,105555.66,0.0,105555.66,0.0
266,2026-03-20 13:05:06.203300,105555.66,105555.66,0.0,105555.66,0.0
267,2026-03-20 14:05:01.339763,105555.66,105555.66,0.0,105555.66,0.0
268,2026-03-20 14:05:07.767594,105555.66,105555.66,0.0,105555.66,0.0
269,2026-03-20 14:41:44.967329,105555.66,105394.96,10454.04,94940.92,-160.7
270,2026-03-20 15:05:01.545582,105555.66,106284.44,10454.04,95830.4,728.78
271,2026-03-20 15:05:06.632514,105555.66,106414.48,10454.04,95960.44,858.82
272,2026-03-20 16:05:00.726638,105555.66,105640.13,10454.04,95186.09,84.47
273,2026-03-20 16:05:04.855977,105555.66,105946.53,10454.04,95492.49,390.87
274,2026-03-20 16:25:42.938695,105555.66,102740.24,10454.04,92286.2,-2815.42
275,2026-03-20 17:03:22.752391,105595.66,102984.32,9047.58,93936.74,-2611.34
276,2026-03-20 17:05:01.405427,105595.66,103052.42,9047.58,94004.84,-2543.24
277,2026-03-20 17:05:03.412607,105595.66,102987.74,9047.58,93940.16,-2607.92
278,2026-03-20 18:05:00.832769,105595.66,106081.33,9047.58,97033.75,485.67
279,2026-03-20 18:05:04.060980,105595.66,106050.07,9047.58,97002.49,454.41
280,2026-03-20 18:37:21.739637,105595.66,110178.18,9047.58,101130.6,4582.52
281,2026-03-20 19:05:01.069033,105595.66,117201.26,9047.58,108153.68,11605.6
282,2026-03-20 19:05:03.427690,105595.66,117289.04,9047.58,108241.46,11693.38
283,2026-03-20 20:05:00.766671,105595.66,116420.48,9047.58,107372.9,10824.82
284,2026-03-20 20:05:04.352748,105595.66,116656.1,9047.58,107608.52,11060.44
285,2026-03-20 21:05:00.907492,105595.66,117971.47,9047.58,108923.89,12375.81
286,2026-03-20 21:05:04.917949,105595.66,117971.47,9047.58,108923.89,12375.81
287,2026-03-20 22:05:01.634252,105595.66,117964.64,9047.58,108917.06,12368.98
288,2026-03-20 22:05:05.598739,105595.66,117964.64,9047.58,108917.06,12368.98
289,2026-03-20 22:11:18.816249,105595.66,117964.64,9047.58,108917.06,12368.98
290,2026-03-20 23:05:01.675944,105595.66,117964.64,9047.58,108917.06,12368.98
291,2026-03-20 23:05:03.708533,105595.66,117964.64,9047.58,108917.06,12368.98
292,2026-03-21 00:05:00.939865,105595.66,117964.64,9047.58,108917.06,12368.98
293,2026-03-21 00:05:05.440628,105595.66,117964.64,9047.58,108917.06,12368.98
294,2026-03-21 01:05:00.876754,105595.66,117964.64,9047.58,108917.06,12368.98
295,2026-03-21 01:05:04.762940,105595.66,117964.64,9047.58,108917.06,12368.98
296,2026-03-21 02:05:01.189697,105595.66,117964.64,9047.58,108917.06,12368.98
297,2026-03-21 02:05:07.435975,105595.66,117964.64,9047.58,108917.06,12368.98
298,2026-03-21 03:05:00.959270,105595.66,117964.64,9047.58,108917.06,12368.98
299,2026-03-21 03:05:05.671625,105595.66,117964.64,9047.58,108917.06,12368.98
300,2026-03-21 04:05:00.992216,105595.66,117964.64,9047.58,108917.06,12368.98
301,2026-03-21 04:05:04.730286,105595.66,117964.64,9047.58,108917.06,12368.98
302,2026-03-21 05:05:01.203662,105595.66,117964.64,9047.58,108917.06,12368.98
303,2026-03-21 05:05:05.009783,105595.66,117964.64,9047.58,108917.06,12368.98
304,2026-03-21 06:05:01.980941,105595.66,117964.64,9047.58,108917.06,12368.98
305,2026-03-21 06:05:04.796125,105595.66,117964.64,9047.58,108917.06,12368.98
306,2026-03-21 07:05:01.331162,105595.66,117964.64,9047.58,108917.06,12368.98
307,2026-03-21 07:05:04.653450,105595.66,117964.64,9047.58,108917.06,12368.98
308,2026-03-21 08:05:01.355559,105595.66,117964.64,9047.58,108917.06,12368.98
309,2026-03-21 08:05:05.262608,105595.66,117964.64,9047.58,108917.06,12368.98
310,2026-03-21 09:05:01.296816,105595.66,117964.64,9047.58,108917.06,12368.98
311,2026-03-21 09:05:04.915671,105595.66,117964.64,9047.58,108917.06,12368.98
312,2026-03-21 10:05:01.146368,105595.66,117964.64,9047.58,108917.06,12368.98
313,2026-03-21 10:05:05.786172,105595.66,117964.64,9047.58,108917.06,12368.98
314,2026-03-21 11:05:02.590907,105595.66,117964.64,9047.58,108917.06,12368.98
315,2026-03-21 11:05:06.185276,105595.66,117964.64,9047.58,108917.06,12368.98
316,2026-03-21 12:05:02.792604,105595.66,117964.64,9047.58,108917.06,12368.98
317,2026-03-21 12:05:07.479498,105595.66,117964.64,9047.58,108917.06,12368.98
318,2026-03-21 13:05:01.431355,105595.66,117964.64,9047.58,108917.06,12368.98
319,2026-03-21 13:05:05.357642,105595.66,117964.64,9047.58,108917.06,12368.98
320,2026-03-21 14:05:01.344592,105595.66,117964.64,9047.58,108917.06,12368.98
321,2026-03-21 14:05:05.118957,105595.66,117964.64,9047.58,108917.06,12368.98
322,2026-03-21 15:05:01.160672,105595.66,117964.64,9047.58,108917.06,12368.98
323,2026-03-21 15:05:05.799709,105595.66,117964.64,9047.58,108917.06,12368.98
324,2026-03-21 16:05:01.284240,105595.66,117964.64,9047.58,108917.06,12368.98
325,2026-03-21 16:05:05.226393,105595.66,117964.64,9047.58,108917.06,12368.98
326,2026-03-21 17:05:01.378126,105595.66,117964.64,9047.58,108917.06,12368.98
327,2026-03-21 17:05:06.326858,105595.66,117964.64,9047.58,108917.06,12368.98
328,2026-03-21 18:05:01.600050,105595.66,117964.64,9047.58,108917.06,12368.98
329,2026-03-21 18:05:04.609620,105595.66,117964.64,9047.58,108917.06,12368.98
330,2026-03-21 19:05:01.186273,105595.66,117964.64,9047.58,108917.06,12368.98
331,2026-03-21 19:05:05.583525,105595.66,117964.64,9047.58,108917.06,12368.98
332,2026-03-21 20:05:01.749986,105595.66,117964.64,9047.58,108917.06,12368.98
333,2026-03-21 20:05:05.819920,105595.66,117964.64,9047.58,108917.06,12368.98
334,2026-03-21 21:05:01.357165,105595.66,117964.64,9047.58,108917.06,12368.98
335,2026-03-21 21:05:03.736215,105595.66,117964.64,9047.58,108917.06,12368.98
336,2026-03-21 22:05:00.902136,105595.66,117964.64,9047.58,108917.06,12368.98
337,2026-03-21 22:05:04.822713,105595.66,117964.64,9047.58,108917.06,12368.98
338,2026-03-21 23:05:06.044573,105595.66,117964.64,9047.58,108917.06,12368.98
339,2026-03-21 23:05:11.418965,105595.66,117964.64,9047.58,108917.06,12368.98
340,2026-03-22 00:05:00.890672,105595.66,117964.64,9047.58,108917.06,12368.98
341,2026-03-22 00:05:05.737535,105595.66,117964.64,9047.58,108917.06,12368.98
342,2026-03-22 01:05:02.138205,105595.66,117964.64,9047.58,108917.06,12368.98
343,2026-03-22 01:05:05.928404,105595.66,117964.64,9047.58,108917.06,12368.98
344,2026-03-22 02:05:01.569968,105595.66,117964.64,9047.58,108917.06,12368.98
345,2026-03-22 02:05:05.294371,105595.66,117964.64,9047.58,108917.06,12368.98
346,2026-03-22 03:05:00.989061,105595.66,117964.64,9047.58,108917.06,12368.98
347,2026-03-22 03:05:05.096754,105595.66,117964.64,9047.58,108917.06,12368.98
348,2026-03-22 04:05:01.258483,105595.66,117964.64,9047.58,108917.06,12368.98
349,2026-03-22 04:05:04.999453,105595.66,117964.64,9047.58,108917.06,12368.98
350,2026-03-22 05:05:01.291973,105595.66,117964.64,9047.58,108917.06,12368.98
351,2026-03-22 05:05:05.179809,105595.66,117964.64,9047.58,108917.06,12368.98
352,2026-03-22 06:05:02.377652,105595.66,117964.64,9047.58,108917.06,12368.98
353,2026-03-22 06:05:05.421798,105595.66,117964.64,9047.58,108917.06,12368.98
354,2026-03-22 07:05:01.218606,105595.66,117964.64,9047.58,108917.06,12368.98
355,2026-03-22 07:05:05.167409,105595.66,117964.64,9047.58,108917.06,12368.98
356,2026-03-22 08:05:01.623449,105595.66,117964.64,9047.58,108917.06,12368.98
357,2026-03-22 08:05:05.478567,105595.66,117964.64,9047.58,108917.06,12368.98
358,2026-03-22 09:05:01.425563,105595.66,117964.64,9047.58,108917.06,12368.98
359,2026-03-22 09:05:04.994150,105595.66,117964.64,9047.58,108917.06,12368.98
360,2026-03-22 10:05:00.749265,105595.66,117964.64,9047.58,108917.06,12368.98
361,2026-03-22 11:05:00.740837,105595.66,117964.64,9047.58,108917.06,12368.98
362,2026-03-22 12:05:00.797785,105595.66,117964.64,9047.58,108917.06,12368.98
363,2026-03-22 13:05:00.736644,105595.66,117964.64,9047.58,108917.06,12368.98
364,2026-03-22 14:05:01.077284,105595.66,117964.64,9047.58,108917.06,12368.98
365,2026-03-22 15:05:00.733009,105595.66,117964.64,9047.58,108917.06,12368.98
366,2026-03-22 16:05:00.747226,105595.66,117964.64,9047.58,108917.06,12368.98
367,2026-03-22 17:05:00.704157,105595.66,117964.64,9047.58,108917.06,12368.98
368,2026-03-22 18:05:02.022885,105595.66,117964.64,9047.58,108917.06,12368.98
369,2026-03-22 19:05:00.674576,105595.66,117964.64,9047.58,108917.06,12368.98
370,2026-03-22 20:05:01.353346,105595.66,117964.64,9047.58,108917.06,12368.98
371,2026-03-22 21:05:01.638631,105595.66,117964.64,9047.58,108917.06,12368.98
372,2026-03-22 22:05:01.095480,105595.66,120689.94,9047.58,111642.36,15094.28
373,2026-03-22 22:05:06.002744,105595.66,121113.98,9047.58,112066.4,15518.32
374,2026-03-22 23:05:02.487722,116748.89,116748.89,0.0,116748.89,0.0
375,2026-03-22 23:05:07.636721,116748.89,116748.89,0.0,116748.89,0.0
376,2026-03-23 00:05:01.058188,116748.89,116748.89,0.0,116748.89,0.0
377,2026-03-23 00:05:07.269102,116748.89,116748.89,0.0,116748.89,0.0
378,2026-03-23 01:05:01.215990,116748.89,116748.89,0.0,116748.89,0.0
379,2026-03-23 01:05:04.386983,116748.89,116748.89,0.0,116748.89,0.0
380,2026-03-23 02:05:01.104240,116748.89,116748.89,0.0,116748.89,0.0
381,2026-03-23 02:05:03.608391,116748.89,116748.89,0.0,116748.89,0.0
382,2026-03-23 03:05:01.378547,116748.89,116748.89,0.0,116748.89,0.0
383,2026-03-23 03:05:04.095542,116748.89,116748.89,0.0,116748.89,0.0
384,2026-03-23 04:05:01.022498,116748.89,116748.89,0.0,116748.89,0.0
385,2026-03-23 04:05:04.036686,116748.89,116748.89,0.0,116748.89,0.0
386,2026-03-23 05:05:04.646131,116748.89,116748.89,0.0,116748.89,0.0
387,2026-03-23 05:05:04.833621,116748.89,116748.89,0.0,116748.89,0.0
388,2026-03-23 06:05:02.556063,116748.89,116748.89,0.0,116748.89,0.0
389,2026-03-23 06:05:05.107479,116748.89,116745.98,2000.0,114745.98,-2.91
390,2026-03-23 07:05:01.269021,116748.89,116763.45,2000.0,114763.45,14.56
391,2026-03-23 07:05:04.142423,116748.89,116763.45,2000.0,114763.45,14.56
392,2026-03-23 08:05:02.218203,116778.01,116778.01,0.0,116778.01,0.0
393,2026-03-23 08:05:04.577463,116778.01,116778.01,0.0,116778.01,0.0
394,2026-03-23 09:05:01.193046,116778.01,116778.01,0.0,116778.01,0.0
395,2026-03-23 09:05:04.160752,116778.01,116778.01,0.0,116778.01,0.0
396,2026-03-23 10:05:01.059663,116778.01,116778.01,0.0,116778.01,0.0
397,2026-03-23 10:05:06.870595,116778.01,116778.01,0.0,116778.01,0.0
398,2026-03-23 11:05:01.439772,116778.01,116778.01,0.0,116778.01,0.0
399,2026-03-23 11:05:06.802747,116778.01,116768.01,1385.1,115382.91,-10.0
400,2026-03-23 12:05:06.808014,117624.01,117624.01,0.0,117624.01,0.0
401,2026-03-23 12:05:12.179732,117624.01,117610.98,3397.32,114213.66,-13.03
402,2026-03-23 13:05:02.753319,117080.92,117080.92,0.0,117080.92,0.0
403,2026-03-23 18:05:03.893922,117080.92,117080.92,0.0,117080.92,0.0
404,2026-03-23 18:22:51.617519,117080.92,117080.92,0.0,117080.92,0.0
405,2026-03-23 18:26:30.366465,117080.92,117080.92,0.0,117080.92,0.0
406,2026-03-23 18:29:42.822060,117080.92,117080.92,0.0,117080.92,0.0
407,2026-03-23 19:05:03.041220,117080.92,117080.92,0.0,117080.92,0.0
408,2026-03-23 20:05:01.854466,117080.92,117080.92,0.0,117080.92,0.0
409,2026-03-23 20:05:04.004885,117080.92,117080.92,0.0,117080.92,0.0
410,2026-03-23 21:05:01.613603,117080.92,117080.92,0.0,117080.92,0.0
411,2026-03-23 21:05:04.227446,117080.92,117080.92,0.0,117080.92,0.0
412,2026-03-23 22:05:00.723061,117080.92,117080.92,0.0,117080.92,0.0
413,2026-03-23 22:05:03.804960,117080.92,117080.92,0.0,117080.92,0.0
414,2026-03-23 23:05:01.218612,117080.92,117080.92,0.0,117080.92,0.0
415,2026-03-23 23:05:04.170141,117080.92,117080.92,0.0,117080.92,0.0
416,2026-03-24 00:05:01.479027,117080.92,117080.92,0.0,117080.92,0.0
417,2026-03-24 00:05:03.827121,117080.92,117080.92,0.0,117080.92,0.0
418,2026-03-24 01:05:01.175579,117080.92,117080.92,0.0,117080.92,0.0
419,2026-03-24 01:05:04.819919,117080.92,117080.92,0.0,117080.92,0.0
420,2026-03-24 02:05:01.214237,117080.92,117080.92,0.0,117080.92,0.0
421,2026-03-24 02:05:05.665804,117080.92,117080.92,0.0,117080.92,0.0
422,2026-03-24 03:05:01.045660,117080.92,117080.92,0.0,117080.92,0.0
423,2026-03-24 03:05:03.348403,117080.92,117080.92,0.0,117080.92,0.0
424,2026-03-24 04:05:01.165634,117080.92,117080.92,0.0,117080.92,0.0
425,2026-03-24 04:05:03.529378,117080.92,117080.92,0.0,117080.92,0.0
426,2026-03-24 05:05:03.949247,117080.92,117080.92,0.0,117080.92,0.0
427,2026-03-24 05:05:05.845089,117080.92,117080.92,0.0,117080.92,0.0
428,2026-03-24 06:05:01.031510,117080.92,117080.92,0.0,117080.92,0.0
429,2026-03-24 06:05:03.936769,117080.92,117080.92,0.0,117080.92,0.0
430,2026-03-24 07:05:01.437602,117080.92,117080.92,0.0,117080.92,0.0
431,2026-03-24 07:05:03.604365,117080.92,117080.92,0.0,117080.92,0.0
432,2026-03-24 08:05:01.442805,117080.92,117080.92,0.0,117080.92,0.0
433,2026-03-24 08:05:03.656091,117080.92,117080.92,0.0,117080.92,0.0
434,2026-03-24 09:05:01.472027,117080.92,117080.92,0.0,117080.92,0.0
435,2026-03-24 09:05:03.622592,117080.92,117080.92,0.0,117080.92,0.0
436,2026-03-24 10:05:01.191259,117080.92,117080.92,0.0,117080.92,0.0
437,2026-03-24 10:05:03.653665,117080.92,117080.92,0.0,117080.92,0.0
438,2026-03-24 11:05:01.566462,117080.92,117080.92,0.0,117080.92,0.0
439,2026-03-24 11:05:04.253879,117080.92,117080.92,0.0,117080.92,0.0
440,2026-03-24 12:05:13.311062,117080.92,117080.92,0.0,117080.92,0.0
441,2026-03-24 12:05:21.424897,117080.92,117080.92,0.0,117080.92,0.0
442,2026-03-24 13:05:02.328332,117080.92,117080.92,0.0,117080.92,0.0
443,2026-03-24 13:05:05.545929,117080.92,117080.92,0.0,117080.92,0.0
444,2026-03-24 14:05:00.867799,117080.92,117080.92,0.0,117080.92,0.0
445,2026-03-24 14:05:04.316654,117080.92,117080.92,0.0,117080.92,0.0
446,2026-03-24 15:05:00.711865,117080.92,117080.92,0.0,117080.92,0.0
447,2026-03-24 15:05:03.513022,117080.92,117080.92,0.0,117080.92,0.0
448,2026-03-24 16:05:00.915330,117080.92,117080.92,0.0,117080.92,0.0
449,2026-03-24 16:05:03.420037,117080.92,117080.92,0.0,117080.92,0.0
450,2026-03-24 17:05:00.799349,117080.92,117080.92,0.0,117080.92,0.0
451,2026-03-24 17:05:05.204421,117080.92,117080.92,0.0,117080.92,0.0
452,2026-03-24 18:05:01.078594,117080.92,117080.92,0.0,117080.92,0.0
453,2026-03-24 18:05:05.865048,117080.92,117080.92,0.0,117080.92,0.0
454,2026-03-24 19:05:01.829130,117080.92,117080.92,0.0,117080.92,0.0
455,2026-03-24 19:05:05.504354,117080.92,117080.92,0.0,117080.92,0.0
456,2026-03-24 19:20:08.247358,117080.92,117080.92,0.0,117080.92,0.0
457,2026-03-24 20:39:09.969488,117080.92,117080.92,0.0,117080.92,0.0
458,2026-03-24 20:59:34.907739,117080.92,117080.92,0.0,117080.92,0.0
459,2026-03-24 21:05:49.678403,117080.92,117080.92,0.0,117080.92,0.0
460,2026-03-24 21:06:48.251411,117080.92,117080.92,0.0,117080.92,0.0
461,2026-03-24 22:05:04.190411,117080.92,117080.92,0.0,117080.92,0.0
462,2026-03-24 22:05:10.454871,117080.92,117080.92,0.0,117080.92,0.0
463,2026-03-24 23:05:00.944112,117080.92,117080.92,0.0,117080.92,0.0
464,2026-03-24 23:05:04.508180,117080.92,117080.92,0.0,117080.92,0.0
465,2026-03-25 00:05:07.853551,117080.92,117080.92,0.0,117080.92,0.0
466,2026-03-25 00:05:17.920887,117080.92,117080.92,0.0,117080.92,0.0
467,2026-03-25 01:05:02.096471,117080.92,117080.92,0.0,117080.92,0.0
468,2026-03-25 01:05:04.585406,117080.92,117080.92,0.0,117080.92,0.0
469,2026-03-25 02:05:01.343553,117080.92,117080.92,0.0,117080.92,0.0
470,2026-03-25 02:05:03.946651,117080.92,117080.92,0.0,117080.92,0.0
471,2026-03-25 03:05:01.952109,117080.92,117080.92,0.0,117080.92,0.0
472,2026-03-25 03:05:04.371606,117080.92,117080.92,0.0,117080.92,0.0
473,2026-03-25 04:05:01.372347,117080.92,117080.92,0.0,117080.92,0.0
474,2026-03-25 04:05:05.460835,117080.92,117080.92,0.0,117080.92,0.0
475,2026-03-25 05:05:01.269575,117080.92,117080.92,0.0,117080.92,0.0
476,2026-03-25 05:05:04.991607,117080.92,117080.92,0.0,117080.92,0.0
477,2026-03-25 06:05:02.569053,117080.92,117080.92,0.0,117080.92,0.0
478,2026-03-25 06:05:04.928817,117080.92,117080.92,0.0,117080.92,0.0
479,2026-03-25 07:05:01.590088,117080.92,117080.92,0.0,117080.92,0.0
480,2026-03-25 07:05:04.402077,117080.92,117080.92,0.0,117080.92,0.0
481,2026-03-25 08:05:01.093686,117080.92,117080.92,0.0,117080.92,0.0
482,2026-03-25 08:05:04.878265,117080.92,117080.92,0.0,117080.92,0.0
483,2026-03-25 09:05:01.228925,117080.92,117080.92,0.0,117080.92,0.0
484,2026-03-25 09:05:04.103105,117080.92,117080.92,0.0,117080.92,0.0
485,2026-03-25 10:05:01.337895,117080.92,117080.92,0.0,117080.92,0.0
486,2026-03-25 10:05:04.081836,117080.92,117080.92,0.0,117080.92,0.0
487,2026-03-25 11:05:03.634986,117080.92,117080.92,0.0,117080.92,0.0
488,2026-03-25 11:05:08.274826,117080.92,117080.92,0.0,117080.92,0.0
489,2026-03-25 12:05:04.461209,117080.92,117080.92,0.0,117080.92,0.0
490,2026-03-25 12:05:15.372825,117080.92,117080.92,0.0,117080.92,0.0
491,2026-03-25 13:05:02.587034,117080.92,117080.92,0.0,117080.92,0.0
492,2026-03-25 13:05:08.706417,117080.92,117080.92,0.0,117080.92,0.0
493,2026-03-25 14:05:01.186911,117080.92,117080.92,0.0,117080.92,0.0
494,2026-03-25 14:05:04.994987,117080.92,117080.92,0.0,117080.92,0.0
495,2026-03-25 15:05:01.418641,117080.92,117080.92,0.0,117080.92,0.0
496,2026-03-25 15:05:04.860582,117080.92,117080.92,0.0,117080.92,0.0
497,2026-03-25 16:05:00.967340,117080.92,117080.92,0.0,117080.92,0.0
498,2026-03-25 16:05:03.581387,117080.92,117080.92,0.0,117080.92,0.0
499,2026-03-25 17:05:01.410754,117080.92,117080.92,0.0,117080.92,0.0
500,2026-03-25 17:05:04.547731,117080.92,117080.92,0.0,117080.92,0.0
501,2026-03-25 18:05:01.603148,117080.92,117080.92,0.0,117080.92,0.0
502,2026-03-25 18:05:04.245719,117080.92,117080.92,0.0,117080.92,0.0
503,2026-03-25 19:05:01.216136,117080.92,117080.92,0.0,117080.92,0.0
504,2026-03-25 19:05:03.688944,117080.92,117080.92,0.0,117080.92,0.0
505,2026-03-25 20:05:03.875225,117080.92,117080.92,0.0,117080.92,0.0
506,2026-03-25 20:05:07.972327,117080.92,117080.92,0.0,117080.92,0.0
507,2026-03-25 20:45:53.316294,117080.92,117080.92,0.0,117080.92,0.0
508,2026-03-25 21:05:01.308823,117080.92,117080.92,0.0,117080.92,0.0
509,2026-03-25 21:05:02.638913,117080.92,117080.92,0.0,117080.92,0.0
510,2026-03-25 22:05:02.421502,117080.92,117080.92,0.0,117080.92,0.0
511,2026-03-25 22:05:05.012774,117080.92,117080.92,0.0,117080.92,0.0
512,2026-03-25 22:45:10.078661,117080.92,117080.92,0.0,117080.92,0.0
513,2026-03-25 23:05:01.383687,117080.92,117080.92,0.0,117080.92,0.0
514,2026-03-25 23:05:03.666119,117080.92,117080.92,0.0,117080.92,0.0
515,2026-03-26 00:05:01.756540,117080.92,117080.92,0.0,117080.92,0.0
516,2026-03-26 00:05:04.168044,117080.92,117080.92,0.0,117080.92,0.0
517,2026-03-26 01:05:01.239005,117080.92,117080.92,0.0,117080.92,0.0
518,2026-03-26 01:05:03.979738,117080.92,117080.92,0.0,117080.92,0.0
519,2026-03-26 02:05:00.913367,117080.92,117080.92,0.0,117080.92,0.0
520,2026-03-26 02:05:03.841368,117080.92,117080.92,0.0,117080.92,0.0
521,2026-03-26 03:05:02.078272,117080.92,117080.92,0.0,117080.92,0.0
522,2026-03-26 03:05:03.858106,117080.92,117080.92,0.0,117080.92,0.0
523,2026-03-26 04:05:01.566149,117080.92,117080.92,0.0,117080.92,0.0
524,2026-03-26 04:05:04.034518,117080.92,117080.92,0.0,117080.92,0.0
525,2026-03-26 05:05:01.183801,117080.92,117080.92,0.0,117080.92,0.0
526,2026-03-26 05:05:06.628762,117080.92,117080.92,0.0,117080.92,0.0
527,2026-03-26 06:05:02.424276,117080.92,117080.92,0.0,117080.92,0.0
528,2026-03-26 06:05:04.684094,117080.92,117080.92,0.0,117080.92,0.0
529,2026-03-26 07:05:01.439699,117080.92,117080.92,0.0,117080.92,0.0
530,2026-03-26 07:05:03.886361,117080.92,117080.92,0.0,117080.92,0.0
531,2026-03-26 08:05:01.520574,117080.92,117080.92,0.0,117080.92,0.0
532,2026-03-26 08:05:05.479823,117080.92,117083.44,2000.0,115083.44,2.52
533,2026-03-26 09:05:14.951096,117080.92,116833.31,2000.0,114833.31,-247.61
534,2026-03-26 09:05:31.289628,117080.92,116808.01,2000.0,114808.01,-272.91
535,2026-03-26 10:05:01.154305,117080.92,116924.34,2000.0,114924.34,-156.58
536,2026-03-26 10:05:04.332519,117080.92,116909.17,2000.0,114909.17,-171.75
537,2026-03-26 10:58:53.957787,117080.92,116936.56,3386.68,113549.88,-144.36
538,2026-03-26 11:05:01.112112,117080.92,116958.25,3386.68,113571.57,-122.67
539,2026-03-26 11:05:03.663231,117080.92,116953.72,3386.68,113567.04,-127.2
540,2026-03-26 12:05:00.804211,117080.92,117790.57,3386.68,114403.89,709.65
541,2026-03-26 12:05:05.938752,117080.92,117802.64,5386.68,112415.96,721.72
542,2026-03-26 13:05:03.731074,117564.66,117430.21,2000.0,115430.21,-134.45
543,2026-03-26 13:05:08.689944,117564.66,117421.86,5381.92,112039.94,-142.8
544,2026-03-26 14:05:01.829823,117442.89,117342.61,2000.0,115342.61,-100.28
545,2026-03-26 14:05:06.135313,117442.89,117350.14,2000.0,115350.14,-92.75
546,2026-03-26 15:05:02.796200,117442.89,117383.99,2000.0,115383.99,-58.9
547,2026-03-26 15:05:06.133575,117442.89,117385.24,2000.0,115385.24,-57.65
548,2026-03-26 15:19:34.240750,117442.89,117401.54,2000.0,115401.54,-41.35
549,2026-03-26 16:05:01.221355,117442.89,117450.41,2000.0,115450.41,7.52
550,2026-03-26 16:05:03.804575,117442.89,117444.14,2000.0,115444.14,1.25
551,2026-03-26 17:05:04.201935,117467.94,117467.94,0.0,117467.94,0.0
552,2026-03-26 17:05:08.547514,117467.94,117467.94,0.0,117467.94,0.0
553,2026-03-26 18:05:01.072544,117467.94,117467.94,0.0,117467.94,0.0
554,2026-03-26 18:05:05.139690,117467.94,117459.28,2000.0,115459.28,-8.66
555,2026-03-26 19:05:02.272574,117467.94,117353.84,2000.0,115353.84,-114.1
556,2026-03-26 19:05:06.838223,117467.94,117355.28,2000.0,115355.28,-112.66
557,2026-03-26 20:05:04.797379,117467.94,117486.87,2043.54,115443.33,18.93
558,2026-03-26 20:05:05.109796,117467.94,117486.84,2043.54,115443.3,18.9
559,2026-03-26 21:05:04.198770,117457.85,117457.85,0.0,117457.85,0.0
560,2026-03-26 21:05:07.245156,117457.85,117457.85,0.0,117457.85,0.0
561,2026-03-26 22:05:06.883439,117457.85,117457.62,43.87,117413.75,-0.23
562,2026-03-26 22:05:09.341156,117457.85,117457.62,43.87,117413.75,-0.23
563,2026-03-26 22:22:24.676136,117457.85,117440.21,43.87,117396.34,-17.64
564,2026-03-26 23:05:01.415920,117457.85,117441.47,43.87,117397.6,-16.38
565,2026-03-26 23:05:04.715317,117457.85,117442.34,43.87,117398.47,-15.51
566,2026-03-27 00:05:01.050321,117457.85,117435.53,43.87,117391.66,-22.32
567,2026-03-27 00:05:12.346378,117457.85,117435.14,43.87,117391.27,-22.71
568,2026-03-27 01:05:02.422811,117457.85,117456.02,43.87,117412.15,-1.83
569,2026-03-27 01:05:09.143741,117457.85,117456.43,43.87,117412.56,-1.42
570,2026-03-27 02:05:02.623227,117415.16,117415.16,0.0,117415.16,0.0
571,2026-03-27 02:05:06.205973,117415.16,117415.16,0.0,117415.16,0.0
572,2026-03-27 03:05:01.368060,117415.16,117415.16,0.0,117415.16,0.0
573,2026-03-27 03:05:06.527193,117415.16,117399.16,1378.64,116020.52,-16.0
574,2026-03-27 04:05:00.968584,117415.16,117615.16,1378.64,116236.52,200.0
575,2026-03-27 04:05:04.637556,117415.16,117617.16,1378.64,116238.52,202.0
576,2026-03-27 05:05:01.348735,117415.16,117721.16,1378.64,116342.52,306.0
577,2026-03-27 05:05:06.635628,117415.16,117713.16,1378.64,116334.52,298.0
578,2026-03-27 06:05:02.309704,117621.16,117621.16,0.0,117621.16,0.0
579,2026-03-27 06:05:07.387181,117621.16,117611.16,1379.48,116231.68,-10.0
580,2026-03-27 07:05:02.221793,117661.16,117661.16,0.0,117661.16,0.0
581,2026-03-27 07:05:08.352899,117661.16,117645.62,3379.46,114266.16,-15.54
582,2026-03-27 08:05:02.386217,117728.97,117490.97,1379.46,116111.51,-238.0
583,2026-03-27 08:05:08.670999,117728.97,117474.97,6345.4,111129.57,-254.0
584,2026-03-27 09:05:04.127262,117728.97,117676.97,6345.4,111331.57,-52.0
585,2026-03-27 09:05:09.943734,117728.97,117644.97,6345.4,111299.57,-84.0
586,2026-03-27 10:05:04.294195,117768.97,117634.97,3683.0,113951.97,-134.0
587,2026-03-27 10:05:13.378746,117768.97,117617.44,8345.32,109272.12,-151.53
588,2026-03-27 11:05:05.700751,117768.97,117988.13,8345.32,109642.81,219.16
589,2026-03-27 11:05:11.546021,117768.97,117981.62,8345.32,109636.3,212.65
590,2026-03-27 12:05:02.094329,117768.97,118241.53,8345.32,109896.21,472.56
591,2026-03-27 12:05:09.614981,117768.97,118260.54,8345.32,109915.22,491.57
592,2026-03-27 13:05:05.206652,118575.15,118327.15,1379.46,116947.69,-248.0
593,2026-03-27 13:05:11.184840,118575.15,118307.38,3379.46,114927.92,-267.77
594,2026-03-27 14:05:03.995857,118604.0,118506.0,1379.46,117126.54,-98.0
595,2026-03-27 14:05:08.995015,118604.0,118518.0,3685.82,114832.18,-86.0
596,2026-03-27 15:05:05.274865,118604.0,118554.0,3685.82,114868.18,-50.0
597,2026-03-27 15:05:10.222280,118604.0,118508.0,3685.82,114822.18,-96.0
598,2026-03-27 16:05:02.241389,118732.0,118584.0,1379.46,117204.54,-148.0
599,2026-03-27 16:05:07.204243,118732.0,118583.12,3379.46,115203.66,-148.88
600,2026-03-27 17:05:01.339528,118732.0,118441.94,3379.46,115062.48,-290.06
601,2026-03-27 17:05:05.750266,118732.0,118443.61,3379.46,115064.15,-288.39
602,2026-03-27 18:05:01.688757,118310.82,118310.82,0.0,118310.82,0.0
603,2026-03-27 18:05:06.792850,118310.82,118306.82,1373.94,116932.88,-4.0
604,2026-03-27 19:05:01.296963,118310.82,118304.82,1373.94,116930.88,-6.0
605,2026-03-27 19:05:05.563055,118310.82,118300.82,1373.94,116926.88,-10.0
606,2026-03-27 20:05:01.439840,118310.82,118252.82,1373.94,116878.88,-58.0
607,2026-03-27 20:05:04.936432,118310.82,118246.82,1373.94,116872.88,-64.0
608,2026-03-27 21:05:01.186772,118310.82,118046.82,1373.94,116672.88,-264.0
609,2026-03-27 21:05:06.196814,118310.82,118046.82,1373.94,116672.88,-264.0
610,2026-03-27 22:05:00.911080,118310.82,118017.22,1373.94,116643.28,-293.6
611,2026-03-27 23:05:00.781153,118310.82,118017.22,1373.94,116643.28,-293.6
612,2026-03-28 00:05:01.195686,118310.82,118017.22,1373.94,116643.28,-293.6
613,2026-03-28 01:05:00.762478,118310.82,118017.22,1373.94,116643.28,-293.6
614,2026-03-28 02:05:01.282856,118310.82,118017.22,1373.94,116643.28,-293.6
615,2026-03-28 03:05:06.526854,118310.82,118017.22,1373.94,116643.28,-293.6
616,2026-03-28 04:05:02.147832,118310.82,118017.22,1373.94,116643.28,-293.6
617,2026-03-28 05:05:01.722464,118310.82,118017.22,1373.94,116643.28,-293.6
618,2026-03-28 06:05:03.849085,118310.82,118017.22,1373.94,116643.28,-293.6
619,2026-03-28 07:05:01.113304,118310.82,118017.22,1373.94,116643.28,-293.6
620,2026-03-28 08:05:01.160452,118310.82,118017.22,1373.94,116643.28,-293.6
621,2026-03-28 09:05:03.309485,118310.82,118017.22,1373.94,116643.28,-293.6
622,2026-03-28 10:05:04.325041,118310.82,118017.22,1373.94,116643.28,-293.6
623,2026-03-28 11:05:03.543563,118310.82,118017.22,1373.94,116643.28,-293.6
624,2026-03-28 12:05:00.699995,118310.82,118017.22,1373.94,116643.28,-293.6
625,2026-03-28 13:05:03.150598,118310.82,118017.22,1373.94,116643.28,-293.6
626,2026-03-28 14:05:01.567404,118310.82,118017.22,1373.94,116643.28,-293.6
627,2026-03-31 03:52:25.965467,118310.82,118639.62,1373.94,117265.68,328.8
628,2026-03-31 04:05:03.691495,118310.82,118629.62,1373.94,117255.68,318.8
629,2026-03-31 05:05:04.357817,118310.82,118743.62,1373.94,117369.68,432.8
630,2026-03-31 06:05:06.000893,118637.62,118633.62,1370.14,117263.48,-4.0
631,2026-03-31 07:05:04.405910,118637.62,118599.62,1370.14,117229.48,-38.0
632,2026-03-31 08:05:05.615653,118637.62,118980.18,3370.14,115610.04,342.56
633,2026-03-31 09:05:06.889731,118859.62,118808.27,3372.8,115435.47,-51.35
634,2026-03-31 10:05:04.353685,118859.62,118576.88,3372.8,115204.08,-282.74
635,2026-03-31 11:05:04.739366,118859.62,118524.01,3372.8,115151.21,-335.61
636,2026-03-31 12:05:05.088916,119151.62,119147.31,2000.0,117147.31,-4.31
637,2026-03-31 13:05:05.529830,119180.33,119174.59,2000.0,117174.59,-5.74
638,2026-03-31 14:05:04.657098,119407.25,119407.25,0.0,119407.25,0.0
639,2026-03-31 15:05:08.416720,119407.25,119403.25,2304.0,117099.25,-4.0
640,2026-03-31 16:05:05.593919,119407.25,119347.25,2304.0,117043.25,-60.0
641,2026-04-01 04:09:52.920690,118403.25,118403.25,0.0,118403.25,0.0
642,2026-04-01 05:05:05.624676,118403.25,118395.25,1381.12,117014.13,-8.0
643,2026-04-01 06:05:05.836203,118443.25,118443.25,0.0,118443.25,0.0
644,2026-04-01 07:05:05.576203,118443.25,118373.25,11761.74,106611.51,-70.0
645,2026-04-01 08:05:05.398153,118483.25,118669.25,11762.14,106907.11,186.0
646,2026-04-01 09:05:04.816960,118483.25,117409.25,11762.14,105647.11,-1074.0
647,2026-04-01 10:05:05.284366,118523.25,119159.25,9444.44,109714.81,636.0
648,2026-04-01 11:05:04.791306,118523.25,115365.25,9444.44,105920.81,-3158.0
649,2026-04-01 12:05:05.218721,112463.25,112463.25,0.0,112463.25,0.0
650,2026-04-01 13:05:09.984506,112463.25,112459.25,2320.18,110139.07,-4.0
651,2026-04-01 14:05:06.606980,112463.25,112335.25,2320.18,110015.07,-128.0
652,2026-04-01 15:05:11.812963,112463.25,111941.25,11853.24,100088.01,-522.0
653,2026-04-01 16:05:04.284980,107941.25,107729.25,2320.18,105409.07,-212.0
654,2026-04-01 17:05:05.572161,107941.25,107557.25,2320.18,105237.07,-384.0
655,2026-04-01 18:05:03.505496,107941.25,108125.25,2320.18,105805.07,184.0
656,2026-04-01 18:28:23.980178,107941.25,108265.25,2320.18,105945.07,324.0
657,2026-04-01 19:05:03.904782,107941.25,108375.25,2320.18,106055.07,434.0
658,2026-04-01 20:05:04.425488,107941.25,108263.25,2320.18,105943.07,322.0
659,2026-04-01 21:05:04.649835,108193.25,108193.25,0.0,108193.25,0.0
660,2026-04-01 22:05:03.571705,108193.25,108193.25,0.0,108193.25,0.0
661,2026-04-01 23:05:03.617156,108193.25,108193.25,0.0,108193.25,0.0
662,2026-04-02 00:05:04.293879,108193.25,108193.25,0.0,108193.25,0.0
663,2026-04-02 01:05:04.258200,108193.25,108193.25,0.0,108193.25,0.0
664,2026-04-02 02:05:04.352342,108193.25,108193.25,0.0,108193.25,0.0
665,2026-04-02 03:05:03.749072,108193.25,108193.25,0.0,108193.25,0.0
666,2026-04-02 04:05:03.719258,108193.25,108193.25,0.0,108193.25,0.0
667,2026-04-02 05:05:04.340074,108193.25,108189.25,687.89,107501.36,-4.0
668,2026-04-02 06:05:05.040693,108193.25,108124.25,687.89,107436.36,-69.0
669,2026-04-02 07:05:05.230311,108193.25,108170.25,5291.37,102878.88,-23.0
670,2026-04-02 08:05:05.592970,108213.25,104613.25,4603.48,100009.77,-3600.0
671,2026-04-02 09:05:03.315101,108213.25,106892.25,4603.48,102288.77,-1321.0
672,2026-04-02 10:05:37.263072,108213.25,105195.25,4603.48,100591.77,-3018.0
673,2026-04-02 11:05:10.373701,108213.25,105941.25,4603.48,101337.77,-2272.0
674,2026-04-02 11:18:02.366370,108213.25,105985.25,4603.48,101381.77,-2228.0
675,2026-04-02 11:28:53.286061,108213.25,106695.25,4603.48,102091.77,-1518.0
676,2026-04-02 12:05:03.589550,108213.25,107798.25,4603.48,103194.77,-415.0
677,2026-04-02 13:05:03.883438,108213.25,109206.25,4603.48,104602.77,993.0
678,2026-04-02 14:05:09.504832,108705.25,108608.25,4642.96,103965.29,-97.0
679,2026-04-02 15:05:19.912666,103348.25,103348.25,0.0,103348.25,0.0
680,2026-04-02 16:05:05.610235,103348.25,103348.25,0.0,103348.25,0.0
681,2026-04-02 17:05:04.618836,103348.25,103348.25,0.0,103348.25,0.0
682,2026-04-02 18:05:04.302321,103348.25,103348.25,0.0,103348.25,0.0
683,2026-04-02 19:05:04.685073,103348.25,103348.25,0.0,103348.25,0.0
684,2026-04-02 19:18:33.723802,103348.25,103330.25,4671.13,98659.12,-18.0
685,2026-04-02 19:38:06.994802,103348.25,104202.25,4671.13,99531.12,854.0
686,2026-04-02 20:05:05.534621,103348.25,103247.25,4671.13,98576.12,-101.0
687,2026-04-02 21:05:05.949141,103348.25,103242.65,4671.13,98571.52,-105.6
688,2026-04-02 22:05:05.224356,103348.25,103242.65,4671.13,98571.52,-105.6
689,2026-04-02 23:05:04.959336,103348.25,103242.65,4671.13,98571.52,-105.6
690,2026-04-03 00:05:06.459742,103348.25,103242.65,4671.13,98571.52,-105.6
691,2026-04-03 01:05:06.262603,103348.25,103242.65,4671.13,98571.52,-105.6
692,2026-04-03 02:05:06.426703,103348.25,103242.65,4671.13,98571.52,-105.6
693,2026-04-03 03:05:06.628306,103348.25,103242.65,4671.13,98571.52,-105.6
694,2026-04-03 04:05:06.311213,103348.25,103242.65,4671.13,98571.52,-105.6
695,2026-04-03 05:05:06.273560,103348.25,103242.65,4671.13,98571.52,-105.6
696,2026-04-03 06:05:06.885690,103348.25,103242.65,4671.13,98571.52,-105.6
697,2026-04-03 07:05:06.303268,103348.25,103242.65,4671.13,98571.52,-105.6
698,2026-04-03 08:05:25.643630,103348.25,103242.65,4671.13,98571.52,-105.6
699,2026-04-03 09:05:06.670579,103348.25,103242.65,4671.13,98571.52,-105.6
700,2026-04-03 10:05:06.645073,103348.25,103242.65,4671.13,98571.52,-105.6
701,2026-04-03 11:05:07.625354,103348.25,103242.65,4671.13,98571.52,-105.6
702,2026-04-03 12:05:06.242881,103348.25,103242.65,4671.13,98571.52,-105.6
703,2026-04-03 12:31:40.828513,103348.25,103241.65,5361.11,97880.54,-106.6
704,2026-04-03 13:05:06.146830,103368.25,103262.65,4671.13,98591.52,-105.6
705,2026-04-03 14:05:07.451020,103368.25,103262.65,4671.13,98591.52,-105.6
706,2026-04-03 15:06:04.323085,103368.25,103262.65,4671.13,98591.52,-105.6
707,2026-04-03 16:05:17.521470,103368.25,103262.65,4671.13,98591.52,-105.6
708,2026-04-03 17:05:51.980615,103368.25,103262.65,4671.13,98591.52,-105.6
709,2026-04-03 18:05:37.917767,103368.25,103262.65,4671.13,98591.52,-105.6
710,2026-04-03 19:05:17.386196,103368.25,103262.65,4671.13,98591.52,-105.6
711,2026-04-03 20:05:16.366066,103368.25,103262.65,4671.13,98591.52,-105.6
712,2026-04-03 21:05:16.333311,103368.25,103258.05,4671.13,98586.92,-110.2
713,2026-04-05 22:05:24.556639,103368.25,107247.05,4671.13,102575.92,3878.8
714,2026-04-05 23:05:18.127097,105242.05,105242.05,0.0,105242.05,0.0
715,2026-04-06 00:05:03.890741,105242.05,105242.05,0.0,105242.05,0.0
716,2026-04-06 01:05:14.711106,105242.05,105242.05,0.0,105242.05,0.0
717,2026-04-06 02:05:14.970052,105242.05,105242.05,0.0,105242.05,0.0
718,2026-04-06 03:05:14.501750,105242.05,105242.05,0.0,105242.05,0.0
719,2026-04-06 04:05:15.270404,105242.05,105242.05,0.0,105242.05,0.0
720,2026-04-06 05:05:17.202922,105242.05,105242.05,0.0,105242.05,0.0
721,2026-04-06 06:05:14.632147,105242.05,105242.05,0.0,105242.05,0.0
722,2026-04-06 07:05:04.211023,105242.05,105242.05,0.0,105242.05,0.0
723,2026-04-06 08:05:05.481792,105242.05,105242.05,0.0,105242.05,0.0
724,2026-04-06 09:05:32.126171,105242.05,105233.27,2000.0,103233.27,-8.78
725,2026-04-06 10:05:16.538818,105242.05,105294.35,3155.17,102139.18,52.3
726,2026-04-06 11:05:17.985507,105267.13,105319.23,2155.17,103164.06,52.1
727,2026-04-06 12:07:15.938987,105366.69,105366.69,0.0,105366.69,0.0
728,2026-04-06 13:05:26.112653,105366.69,105801.67,5672.16,100129.51,434.98
729,2026-04-06 14:05:05.282209,105366.69,105353.06,5672.16,99680.9,-13.63
730,2026-04-06 15:05:20.808572,105235.16,105746.16,4672.16,101074.0,511.0
731,2026-04-06 16:05:51.475573,105761.16,105828.16,7144.85,98683.31,67.0
732,2026-04-06 17:05:15.144026,105761.16,106529.9,8144.85,98385.05,768.74
733,2026-04-06 18:05:24.773959,105786.22,106923.22,11797.03,95126.19,1137.0
734,2026-04-06 19:05:56.035858,105902.22,105308.63,10309.74,94998.89,-593.59
735,2026-04-06 20:05:24.626908,105904.22,105547.69,5652.18,99895.51,-356.53
736,2026-04-06 21:05:15.238600,105904.22,105527.0,5652.18,99874.82,-377.22
737,2026-04-06 22:05:26.060695,105918.31,104643.71,4652.18,99991.53,-1274.6
738,2026-04-06 23:05:06.482642,105918.31,105075.71,4652.18,100423.53,-842.6
739,2026-04-07 00:05:15.030885,105918.31,105595.71,4652.18,100943.53,-322.6
740,2026-04-07 01:05:24.987218,105918.31,105310.71,4652.18,100658.53,-607.6
741,2026-04-07 02:05:34.809223,105915.71,105911.96,1000.0,104911.96,-3.75
742,2026-04-07 03:05:25.559017,105915.71,105888.58,1690.99,104197.59,-27.13
743,2026-04-07 04:05:25.404386,105935.71,105887.53,1000.0,104887.53,-48.18
744,2026-04-07 05:05:15.030764,105935.71,105831.79,1000.0,104831.79,-103.92
745,2026-04-07 06:05:04.327746,105935.71,105859.98,1000.0,104859.98,-75.73
746,2026-04-07 07:05:15.093724,105935.71,105802.27,5650.77,100151.5,-133.44
747,2026-04-07 08:05:29.131677,105812.48,105812.48,0.0,105812.48,0.0
748,2026-04-07 09:05:14.608835,105812.48,105798.48,4683.33,101115.15,-14.0
749,2026-04-07 10:05:04.820302,105812.48,106641.48,4683.33,101958.15,829.0
750,2026-04-07 11:05:25.734461,106089.48,106144.48,4655.5,101488.98,55.0
751,2026-04-07 12:05:14.398859,106213.48,106213.48,0.0,106213.48,0.0
752,2026-04-07 13:05:06.944626,106213.48,106213.48,0.0,106213.48,0.0
753,2026-04-07 14:05:16.580239,106213.48,106099.48,4623.16,101476.32,-114.0
754,2026-04-07 15:05:19.852967,106215.48,106215.48,0.0,106215.48,0.0
755,2026-04-07 16:05:15.511135,106215.48,106274.48,4660.9,101613.58,59.0
756,2026-04-07 17:05:15.882788,106215.48,105696.72,5660.9,100035.82,-518.76
757,2026-04-07 18:05:17.519570,106240.5,104494.5,4660.9,99833.6,-1746.0
758,2026-04-07 19:05:14.931621,106240.5,105946.5,9325.62,96620.88,-294.0
759,2026-04-07 20:05:57.977382,99137.5,99137.5,0.0,99137.5,0.0
760,2026-04-07 21:05:55.527152,99137.5,99137.5,0.0,99137.5,0.0
761,2026-04-07 22:05:25.762486,99137.5,99137.5,0.0,99137.5,0.0
762,2026-04-07 23:05:04.370111,99137.5,99137.5,0.0,99137.5,0.0
763,2026-04-08 00:05:04.214608,99137.5,99137.5,0.0,99137.5,0.0
764,2026-04-08 01:05:17.336245,99137.5,99137.5,0.0,99137.5,0.0
765,2026-04-08 02:05:14.581181,99137.5,99137.5,0.0,99137.5,0.0
766,2026-04-08 03:05:04.143264,99137.5,99137.5,0.0,99137.5,0.0
767,2026-04-08 04:05:24.928702,99137.5,99132.5,705.71,98426.79,-5.0
768,2026-04-08 05:05:04.718137,99137.5,99232.5,705.71,98526.79,95.0
769,2026-04-08 06:05:14.677509,99310.5,99310.5,0.0,99310.5,0.0
770,2026-04-08 07:05:25.741598,99310.5,99270.5,5983.73,93286.77,-40.0
771,2026-04-08 08:05:14.840495,99330.5,99090.5,4814.71,94275.79,-240.0
772,2026-04-08 09:05:14.872214,99330.5,101117.5,5983.1,95134.4,1787.0
773,2026-04-08 10:05:25.446747,99330.5,102034.5,8151.11,93883.39,2704.0
774,2026-04-08 11:05:25.290846,103217.5,103409.73,2168.01,101241.72,192.23
775,2026-04-08 12:05:26.207083,103489.58,103489.58,0.0,103489.58,0.0
776,2026-04-08 13:05:04.691574,103489.58,103489.58,0.0,103489.58,0.0
777,2026-04-08 14:05:06.055080,103489.58,103489.58,0.0,103489.58,0.0
778,2026-04-08 15:05:13.739244,103489.58,103489.58,0.0,103489.58,0.0
779,2026-04-08 16:05:06.922454,103489.58,103489.58,0.0,103489.58,0.0
780,2026-04-08 17:05:04.003132,103489.58,103489.58,0.0,103489.58,0.0
781,2026-04-08 18:05:03.975032,103489.58,103489.58,0.0,103489.58,0.0
782,2026-04-08 19:05:05.543740,103489.58,103489.58,0.0,103489.58,0.0
783,2026-04-08 20:05:14.583357,103489.58,103489.58,0.0,103489.58,0.0
784,2026-04-08 21:05:04.571125,103489.58,103489.58,0.0,103489.58,0.0
785,2026-04-08 22:05:04.514675,103489.58,103489.58,0.0,103489.58,0.0
786,2026-04-08 23:05:04.977769,103489.58,103489.58,0.0,103489.58,0.0
787,2026-04-09 00:05:04.157233,103489.58,103489.58,0.0,103489.58,0.0
788,2026-04-09 01:05:04.098236,103489.58,103489.58,0.0,103489.58,0.0
789,2026-04-09 02:05:08.798443,103489.58,103489.58,0.0,103489.58,0.0
790,2026-04-09 03:05:03.829353,103489.58,103489.58,0.0,103489.58,0.0
791,2026-04-09 04:05:05.687061,103489.58,103489.58,0.0,103489.58,0.0
792,2026-04-09 05:05:04.118881,103489.58,103489.58,0.0,103489.58,0.0
793,2026-04-09 06:05:04.130335,103489.58,103489.58,0.0,103489.58,0.0
794,2026-04-09 07:05:15.216311,103489.58,103335.58,4715.05,98620.53,-154.0
795,2026-04-09 08:05:08.078679,103489.58,102889.58,4715.05,98174.53,-600.0
796,2026-04-09 09:05:04.910805,103489.58,102388.58,4715.05,97673.53,-1101.0
797,2026-04-09 10:05:27.827908,103489.58,102489.58,14171.39,88318.19,-1000.0
798,2026-04-09 11:05:05.189892,103489.58,98505.58,14171.39,84334.19,-4984.0
