id,ticket,symbol,action,open_price,close_price,open_time,close_time,pnl,pnl_pips,exit_reason,profitable,ml_confidence,strategy,volume,swap,commission,slippage_pips,trade_duration_minutes,max_favorable_pips,max_adverse_pips,risk_reward_planned,risk_reward_actual,h1_trend,h4_trend,volatility_regime,spread_at_entry,atr_at_entry,rsi_at_entry,news_nearby,news_event_name,news_impact,engine_version,feat_return_1,feat_return_2,feat_return_3,feat_return_5,feat_return_10,feat_return_20,feat_sma_10,feat_close_vs_sma_10,feat_sma_20,feat_close_vs_sma_20,feat_sma_50,feat_close_vs_sma_50,feat_sma_100,feat_close_vs_sma_100,feat_sma_200,feat_close_vs_sma_200,feat_ema_12,feat_ema_26,feat_ema_50,feat_sma_10_50_diff,feat_sma_20_100_diff,feat_sma_50_200_diff,feat_ema_12_26_diff,feat_rsi_7,feat_rsi_14,feat_rsi_21,feat_macd_line,feat_macd_signal,feat_macd_hist,feat_roc_5,feat_roc_10,feat_roc_20,feat_atr_7,feat_atr_7_pct,feat_atr_14,feat_atr_14_pct,feat_atr_28,feat_atr_28_pct,feat_bb_width,feat_bb_position,feat_volatility_10,feat_volatility_20,feat_candle_body_ratio,feat_candle_direction,feat_upper_shadow_ratio,feat_lower_shadow_ratio,feat_consecutive_direction,feat_price_position_10,feat_price_position_20,feat_price_position_50,feat_dist_from_high_20,feat_dist_from_low_20,feat_volume_ratio,feat_volume_change,feat_hour,feat_day_of_week,feat_session_london,feat_session_ny,feat_session_asia,feat_hour_sin,feat_hour_cos,feat_dow_sin,feat_dow_cos,feat_rsi_14_lag1,feat_macd_hist_lag1,feat_return_1_lag1,feat_rsi_14_lag2,feat_macd_hist_lag2,feat_return_1_lag2,feat_rsi_14_lag3,feat_macd_hist_lag3,feat_return_1_lag3,feat_rsi_14_change,feat_macd_hist_change
1,55782969792,XAUUSD,SELL,4996.9,5005.06,2026-03-18 01:47:03.152305,2026-03-18 05:03:48.000000,-8.14,-816.0,SL_HIT,0,,macd_crossover,0.01,0.0,0.0,,196,,,1.67,-1.0,,,,,6.80263,50.0,0,,,,0.000114,-0.001002,-0.001145,-0.001357,-0.00058,-0.001024,5001.702,-0.00096,5002.1055,-0.001041,5005.3098,-0.00168,5011.671,-0.002947,5010.2859,-0.002672,5001.138303,5002.795199,5005.556353,-0.000721,-0.001909,-0.000993,-0.000331,33.832917,42.089733,44.30417,-1.656896,-1.432417,-0.224479,-0.1357,-0.058002,-0.102359,5.487933,0.001098,6.802633,0.001361,8.105073,0.001622,0.002162,0.01872,0.04204,0.042864,0.181319,1.0,0.016484,0.802198,1.0,0.27433,0.227302,0.403624,-0.002436,0.000716,0.096642,-0.734069,0.0,2.0,0.0,0.0,1.0,0.0,1.0,0.587785,-0.809017,41.273011,0.018386,-0.001116,47.342377,0.482384,-0.000144,48.191481,0.634266,-0.000647,0.816722,-0.242865
2,55783162381,XAUUSD,SELL,4999.47,5006.28,2026-03-18 02:17:03.313552,2026-03-18 05:04:12.000000,-6.8100000000000005,-681.0,SL_HIT,0,,sma_crossover,0.01,0.0,0.0,,167,,,2.19,-1.0,,,,,5.4339,46.34,0,,,,7.6e-05,-8.2e-05,0.000632,-0.000628,-0.000148,-0.000652,5001.649,-0.000432,5001.881,-0.000478,5004.8444,-0.00107,5011.3766,-0.002372,5009.8725,-0.002072,5000.951129,5002.488132,5005.184173,-0.000638,-0.001895,-0.001004,-0.000307,43.821015,45.699537,46.340936,-1.537003,-1.435306,-0.101697,-0.062767,-0.014799,-0.065164,5.433904,0.001087,6.646876,0.00133,7.948125,0.00159,0.002088,0.271086,0.044158,0.044595,0.258503,1.0,0.741497,0.0,1.0,0.472797,0.391746,0.448318,-0.001916,0.001234,0.07317,-0.876511,1.0,2.0,0.0,0.0,1.0,0.258819,0.965926,0.587785,-0.809017,45.165809,-0.101312,-0.000158,46.039393,-0.033026,0.000715,41.273011,0.018386,-0.001116,0.533727,-0.000385
3,55783674032,XAUUSD,SELL,5009.83,5000.71,2026-03-18 03:17:03.630722,2026-03-18 05:36:12.000000,9.12,912.0,TP_HIT,1,,bollinger_bounce,0.01,0.0,0.0,,139,,,1.4,1.4,,,,,6.24594,58.99,0,,,,3.2e-05,0.001433,0.001561,0.002194,0.000841,0.001233,5002.519,0.001511,5002.6535,0.001485,5005.2158,0.000972,5011.4309,-0.00027,5009.17295,0.000181,5003.912284,5003.609034,5005.392306,-0.000539,-0.001751,-0.00079,6.1e-05,72.477698,58.994124,54.290693,0.30325,-0.836516,1.139766,0.219439,0.084101,0.123304,5.276625,0.001053,6.245936,0.001247,7.559618,0.001509,0.002636,1.063108,0.054092,0.042388,0.057762,1.0,0.65343,0.288809,5.0,0.8835,0.8835,0.631061,-0.000441,0.003345,0.150767,-0.907591,2.0,2.0,0.0,0.0,1.0,0.5,0.866025,0.587785,-0.809017,58.822711,0.820982,0.001401,50.38502,0.276315,0.000128,49.507885,0.117257,0.000428,0.171413,0.318784
4,55783080632,XAUUSD,BUY,5001.73,5015.45,2026-03-18 02:02:03.978007,2026-03-18 06:10:02.000000,13.72,1372.0,TP_HIT,1,,macd_crossover,0.01,0.0,0.0,,247,,,1.61,1.61,,,,,6.94938,50.0,0,,,,0.00033,0.001045,-7.2e-05,-0.000863,-7e-05,-0.000358,5001.967,-8.3e-05,5002.166,-0.000123,5005.1138,-0.000712,5011.5481,-0.001995,5010.0967,-0.001706,5001.592174,5002.908724,5005.512275,-0.000629,-0.001872,-0.000995,-0.000263,49.60277,48.13461,47.775416,-1.31655,-1.370953,0.054403,-0.086299,-0.006997,-0.035776,5.903127,0.00118,6.949383,0.001389,8.140198,0.001628,0.001971,0.437512,0.045591,0.044975,0.616197,1.0,0.288732,0.09507,2.0,0.630651,0.52254,0.483865,-0.001504,0.001645,0.111915,-0.797599,1.0,2.0,0.0,0.0,1.0,0.258819,0.965926,0.587785,-0.809017,46.039393,-0.033026,0.000715,41.273011,0.018386,-0.001116,47.342377,0.482384,-0.000144,2.095217,0.087429
5,55783254314,XAUUSD,BUY,5002.62,5015.32,2026-03-18 02:32:03.204168,2026-03-18 06:10:02.000000,12.7,1270.0,TP_HIT,1,,macd_crossover,0.01,0.0,0.0,,217,,,1.59,1.59,,,,,6.46368,50.0,0,,,,0.000452,0.000656,0.000498,9.6e-05,-0.000266,0.00094,5001.58,0.000162,5002.148,4.8e-05,5004.824,-0.000486,5011.3182,-0.001782,5009.6666,-0.001453,5001.255808,5002.524759,5005.098712,-0.000648,-0.00183,-0.000967,-0.000254,53.990353,49.662823,48.603799,-1.268951,-1.393867,0.124915,0.009596,-0.02658,0.094043,5.231102,0.001046,6.463681,0.001292,7.811266,0.001562,0.001908,0.525356,0.042198,0.041619,0.70625,1.0,0.21875,0.075,2.0,0.721559,0.575873,0.498361,-0.001335,0.001813,0.136262,-0.754902,1.0,2.0,0.0,0.0,1.0,0.258819,0.965926,0.587785,-0.809017,46.575339,-0.060853,0.000204,45.165809,-0.101312,-0.000158,46.039393,-0.033026,0.000715,3.087484,0.185769
6,55784353675,XAUUSD,SELL,5012.96,5002.31,2026-03-18 04:17:03.817541,2026-03-18 06:37:33.000000,10.65,1065.0,TP_HIT,1,,bollinger_bounce,0.01,0.0,0.0,,140,,,1.51,1.51,,,,,7.07674,60.51,0,,,,0.000297,0.001731,0.001749,0.000601,0.002606,0.002626,5004.995,0.001585,5003.4985,0.001885,5005.2376,0.001537,5011.4928,0.000287,5008.9378,0.000797,5005.768993,5004.515213,5005.589366,-4.8e-05,-0.001595,-0.000739,0.000251,70.338791,60.509985,55.9314,1.253781,-0.059046,1.312827,0.060081,0.260605,0.262611,7.115136,0.001419,7.076737,0.001412,7.834599,0.001563,0.00325,1.080045,0.062402,0.054378,0.452096,1.0,0.532934,0.01497,4.0,0.841252,0.873497,0.680242,-0.000567,0.003912,0.276619,-0.897026,3.0,2.0,0.0,0.0,1.0,0.707107,0.707107,0.587785,-0.809017,59.095761,1.012216,0.001433,51.303213,0.605287,1.8e-05,51.194841,0.644778,0.000278,1.414224,0.300611
8,55784152107,NZDUSD,BUY,0.5864,0.58584,2026-03-18 04:02:03.633249,2026-03-18 06:51:05.000000,-560.0,-5.6,SL_HIT,0,,macd_crossover,10.0,0.0,0.0,,169,,,1.39,-1.0,,,,,0.00042,50.0,0,,,,0.000922,0.001281,0.000888,0.001076,0.000956,0.001195,0.585804,0.000915,0.585709,0.001077,0.585772,0.00097,0.584846,0.002555,0.584011,0.003989,0.585841,0.585757,0.585543,5.5e-05,0.001476,0.003015,0.000144,66.117291,59.883407,57.804034,8.4e-05,5e-05,3.4e-05,0.107562,0.095599,0.119527,0.000408,0.000696,0.000418,0.000713,0.000459,0.000782,0.001822,1.091285,0.038385,0.036998,1.0,1.0,0.0,0.0,2.0,1.0,1.0,0.774336,0.0,0.002695,0.230485,-0.728175,3.0,2.0,0.0,0.0,1.0,0.707107,0.707107,0.587785,-0.809017,51.785095,-1e-06,0.000359,47.993999,-4e-06,-0.000393,52.165483,1.4e-05,-0.000546,8.098311,3.6e-05
7,55783080585,XAUUSD,BUY,5001.74,4994.17,2026-03-18 02:02:03.327397,2026-03-18 06:52:10.000000,-7.57,-757.0,SL_HIT,0,,sma_crossover,0.01,0.0,0.0,,290,,,2.12,-1.0,,,,,5.90313,47.78,0,,,,0.00033,0.001045,-7.2e-05,-0.000863,-7e-05,-0.000358,5001.967,-8.3e-05,5002.166,-0.000123,5005.1138,-0.000712,5011.5481,-0.001995,5010.0967,-0.001706,5001.592174,5002.908724,5005.512275,-0.000629,-0.001872,-0.000995,-0.000263,49.60277,48.13461,47.775416,-1.31655,-1.370953,0.054403,-0.086299,-0.006997,-0.035776,5.903127,0.00118,6.949383,0.001389,8.140198,0.001628,0.001971,0.437512,0.045591,0.044975,0.616197,1.0,0.288732,0.09507,2.0,0.630651,0.52254,0.483865,-0.001504,0.001645,0.111915,-0.797599,1.0,2.0,0.0,0.0,1.0,0.258819,0.965926,0.587785,-0.809017,46.039393,-0.033026,0.000715,41.273011,0.018386,-0.001116,47.342377,0.482384,-0.000144,2.095217,0.087429
9,55784666687,XAUUSD,SELL,4996.37,5005.16,2026-03-18 04:47:04.281218,2026-03-18 07:20:56.000000,-8.79,-879.0,SL_HIT,0,,macd_crossover,0.01,0.0,0.0,,153,,,1.66,-1.0,,,,,7.30404,50.0,0,,,,-0.001054,-0.002324,-0.003001,-0.001555,-0.000746,-0.000766,5004.389,-0.001596,5003.051,-0.001329,5004.531,-0.001625,5011.2102,-0.002955,5008.68495,-0.002453,5003.255379,5003.408394,5004.904306,-2.8e-05,-0.001628,-0.000829,-3.1e-05,35.547212,42.408141,44.579581,-0.153015,-0.033084,-0.119931,-0.15547,-0.074598,-0.076596,7.465727,0.001494,7.304037,0.001462,7.907448,0.001583,0.003081,0.068493,0.079698,0.062871,0.970534,-1.0,0.022099,0.007366,-3.0,0.002038,0.135862,0.394996,-0.003921,0.000616,0.409221,-0.805115,3.0,2.0,0.0,0.0,1.0,0.707107,0.707107,0.587785,-0.809017,47.405574,0.535847,-0.001272,54.631337,1.000759,-0.000678,59.095761,1.012216,0.001433,-4.997433,-0.655778
10,55784990102,NZDUSD,SELL,0.58575,0.58622,2026-03-18 05:17:04.339546,2026-03-18 07:28:34.000000,-470.0,-4.7,SL_HIT,0,,macd_crossover,10.0,0.0,0.0,,131,,,1.66,-1.0,,,,,0.00039,50.0,0,,,,5.1e-05,-0.00058,-0.000563,-0.000751,6.8e-05,0.000803,0.585942,-0.000328,0.585804,-9.1e-05,0.585791,-7e-05,0.584904,0.001446,0.584167,0.00271,0.585882,0.585813,0.585615,0.000257,0.001537,0.00278,0.000119,44.086668,48.860334,50.67243,7e-05,7.8e-05,-8e-06,-0.075061,0.006829,0.080303,0.000357,0.00061,0.00039,0.000665,0.000438,0.000747,0.001822,0.449887,0.037078,0.034422,0.428571,1.0,0.0,0.571429,1.0,0.263158,0.540984,0.513274,-0.001434,0.00169,0.061577,-0.912162,4.0,2.0,0.0,0.0,1.0,0.866025,0.5,0.587785,-0.809017,48.277751,9e-06,-0.000631,55.521372,3.7e-05,1.7e-05,55.353255,4e-05,-0.000273,0.582583,-1.7e-05
11,55784152301,NZDUSD,SELL,0.58631,0.58571,2026-03-18 04:02:04.252991,2026-03-18 07:57:08.000000,600.0,6.0,TP_HIT,1,,bollinger_bounce,10.0,0.0,0.0,,235,,,1.33,1.33,,,,,0.00042,59.88,0,,,,0.000922,0.001281,0.000888,0.001076,0.000956,0.001195,0.585804,0.000915,0.585709,0.001077,0.585772,0.00097,0.584846,0.002555,0.584011,0.003989,0.585841,0.585757,0.585543,5.5e-05,0.001476,0.003015,0.000144,66.117291,59.883407,57.804034,8.4e-05,5e-05,3.4e-05,0.107562,0.095599,0.119527,0.000408,0.000696,0.000418,0.000713,0.000459,0.000782,0.001822,1.091285,0.038385,0.036998,1.0,1.0,0.0,0.0,2.0,1.0,1.0,0.774336,0.0,0.002695,0.230485,-0.728175,3.0,2.0,0.0,0.0,1.0,0.707107,0.707107,0.587785,-0.809017,51.785095,-1e-06,0.000359,47.993999,-4e-06,-0.000393,52.165483,1.4e-05,-0.000546,8.098311,3.6e-05
12,55785656565,NZDUSD,SELL,0.58539,0.58594,2026-03-18 06:32:03.855434,2026-03-18 08:57:10.000000,-550.0,-5.5,SL_HIT,0,,sma_crossover,10.0,0.0,0.0,,145,,,1.71,-1.0,,,,,0.00037,43.25,0,,,,-3.4e-05,-0.000102,-1.7e-05,-0.00128,-0.001382,-0.000683,0.585782,-0.000686,0.585785,-0.000692,0.585797,-0.000712,0.584931,0.000768,0.584302,0.001844,0.585678,0.58573,0.585607,-2.5e-05,0.001461,0.002558,-8.9e-05,36.136132,43.249621,46.498927,-5.2e-05,2.6e-05,-7.8e-05,-0.127958,-0.13818,-0.068285,0.000331,0.000565,0.000374,0.000639,0.000424,0.000724,0.001964,0.147596,0.034784,0.034988,0.25,-1.0,0.125,0.625,-2.0,0.12037,0.097015,0.349558,-0.002067,0.000222,0.049378,-0.919463,5.0,2.0,0.0,0.0,1.0,0.965926,0.258819,0.587785,-0.809017,43.562626,-7.1e-05,-6.8e-05,44.156104,-5.7e-05,8.5e-05,43.258853,-3.5e-05,-0.000956,-0.313005,-7e-06
14,55785656472,XAUUSD,BUY,4996.43,4987.51,2026-03-18 06:32:03.173351,2026-03-18 09:33:37.000000,-8.89,-892.0,SL_HIT,0,,sma_crossover,0.01,0.0,0.0,,181,,,2.07,-1.0,,,,,6.85879,45.25,0,,,,-3.6e-05,0.00039,0.000849,-0.001245,-0.003065,-5e-05,4998.99,-0.000582,5001.341,-0.001052,5001.7954,-0.001143,5010.4813,-0.002874,5008.3372,-0.002447,4998.854763,5000.855358,5003.087862,-0.000561,-0.001824,-0.001306,-0.0004,41.445678,43.93998,45.25306,-2.000595,-1.119601,-0.880993,-0.124542,-0.306499,-0.005004,6.858789,0.001373,7.167496,0.001435,7.74067,0.001549,0.003926,0.23205,0.062301,0.065825,0.12,-1.0,0.506667,0.373333,-1.0,0.335225,0.335225,0.491614,-0.003985,0.00201,0.119486,-0.861391,5.0,2.0,0.0,0.0,1.0,0.965926,0.258819,0.587785,-0.809017,44.123257,-0.978768,0.000427,41.439298,-1.058148,0.000459,38.489694,-0.8699,-0.001876,-0.183277,0.097774
13,55784853423,XAUUSD,SELL,5000.67,4985.89,2026-03-18 05:02:03.692018,2026-03-18 09:36:09.000000,14.75,1478.0,TP_HIT,1,,macd_crossover,0.01,0.0,0.0,,274,,,1.66,1.66,,,,,7.39268,50.0,0,,,,0.000404,-0.000198,-0.00147,-0.000717,-0.000318,-0.000608,5004.456,-0.000755,5003.012,-0.000466,5004.2372,-0.000711,5011.1727,-0.002094,5008.58235,-0.001578,5003.153368,5003.361297,5004.823799,4.4e-05,-0.001629,-0.000868,-4.2e-05,43.9089,46.838961,47.445911,-0.20793,-0.039208,-0.168722,-0.071739,-0.031786,-0.060755,7.567766,0.001513,7.392678,0.001478,7.936736,0.001587,0.002971,0.343094,0.07659,0.060125,0.497175,1.0,0.502825,0.0,1.0,0.381164,0.381164,0.468852,-0.003062,0.001886,0.420434,-0.829865,4.0,2.0,0.0,0.0,1.0,0.866025,0.5,0.587785,-0.809017,44.416105,0.024297,-0.000602,47.405574,0.535847,-0.001272,54.631337,1.000759,-0.000678,2.422857,-0.193019
15,55785224064,NZDUSD,SELL,0.58591,0.58638,2026-03-18 05:47:03.116059,2026-03-18 09:52:09.000000,-470.0,-4.7,SL_HIT,0,,macd_crossover,10.0,0.0,0.0,,245,,,1.66,-1.0,,,,,0.00039,50.0,0,,,,-6.8e-05,-0.000375,0.000324,-0.00029,0.000154,0.001076,0.58597,-0.000102,0.585885,4.3e-05,0.585816,0.000161,0.584929,0.001678,0.584224,0.002885,0.585937,0.585853,0.585653,0.000263,0.001635,0.002724,0.000143,49.116307,51.203761,52.113636,8.4e-05,8.5e-05,-2e-06,-0.029006,0.015363,0.107641,0.00036,0.000615,0.00039,0.000666,0.000436,0.000744,0.001452,0.529396,0.034713,0.036861,0.444444,-1.0,0.444444,0.111111,-2.0,0.403509,0.524476,0.584071,-0.001161,0.00128,0.089262,-0.852941,4.0,2.0,0.0,0.0,1.0,0.866025,0.5,0.587785,-0.809017,51.937517,8e-06,-0.000307,55.245591,1.6e-05,0.0007,48.277751,9e-06,-0.000631,-0.733756,-9e-06
16,55786347584,GBPUSD,SELL,1.33639,1.3368,2026-03-18 08:04:24.403338,2026-03-18 10:11:20.000000,-410.0,-4.1,SL_HIT,0,,bollinger_bounce,10.0,0.0,0.0,,126,,,1.59,-1.0,,,,,0.00042,64.12,0,,,,2.2e-05,0.000247,0.000195,0.000404,0.000591,0.00021,1.335776,0.000452,1.335575,0.000603,1.33559,0.000591,1.33402,0.001769,1.331491,0.003672,1.335873,1.335671,1.335285,0.000139,0.001166,0.003079,0.000151,75.458358,64.122147,60.526716,0.000202,0.000102,0.0001,0.040424,0.05915,0.020957,0.00036,0.00027,0.000424,0.000317,0.000537,0.000402,0.00119,1.006741,0.012867,0.015006,0.230769,1.0,0.692308,0.076923,2.0,0.923077,0.926174,0.946602,-8.2e-05,0.001033,0.330047,-0.449772,7.0,2.0,0.0,0.0,1.0,0.965926,-0.258819,0.587785,-0.809017,63.726201,9e-05,0.000225,59.584575,6.7e-05,-5.2e-05,61.095986,5.6e-05,0.000157,0.395945,1.1e-05
18,55786347737,XAUUSD,SELL,4985.05,4992.12,2026-03-18 08:04:26.609807,2026-03-18 10:12:04.000000,-7.07,-707.0,SL_HIT,0,,sma_crossover,0.01,0.0,0.0,,127,,,2.22,-1.0,,,,,5.69282,39.16,0,,,,-0.000415,0.000118,-0.001142,-0.001254,-0.003243,-0.004974,4990.617,-0.001126,4997.022,-0.002406,5000.0108,-0.003002,5008.265,-0.004645,5007.59175,-0.004511,4991.61377,4995.996732,4999.83459,-0.001879,-0.002245,-0.001514,-0.000877,29.009897,35.48079,39.156308,-4.382961,-3.035954,-1.347007,-0.125419,-0.324321,-0.497413,5.692815,0.001142,6.405016,0.001285,7.223161,0.001449,0.006092,0.105101,0.060922,0.062564,0.739286,-1.0,0.189286,0.071429,-1.0,0.143946,0.09386,0.09386,-0.006217,0.000644,0.277693,-0.586659,7.0,2.0,0.0,0.0,1.0,0.965926,-0.258819,0.587785,-0.809017,37.340293,-1.360993,0.000534,33.160411,-1.440982,-0.00126,38.851077,-1.142934,1.8e-05,-1.859503,0.013987
17,55786347636,USDJPY,BUY,158.774,158.702,2026-03-18 08:04:25.031718,2026-03-18 10:14:07.000000,-12.7,-7.2,SL_HIT,0,,bollinger_bounce,0.28,0.0,0.0,,129,,,1.43,-1.0,,,,,0.07007,32.61,0,,,,-0.000246,-0.000378,-0.000831,-0.001,-0.000931,-0.000252,158.8953,-0.000776,158.9488,-0.001112,158.96326,-0.001203,159.0394,-0.001681,159.13574,-0.002286,158.888892,158.927889,158.961838,-0.000428,-0.00057,-0.001084,-0.000245,19.505374,32.607464,37.572252,-0.038996,-0.019425,-0.019571,-0.100043,-0.093129,-0.025187,0.069378,0.000437,0.070065,0.000441,0.073849,0.000465,0.002015,-0.051948,0.016228,0.025156,0.634921,-1.0,0.079365,0.285714,-7.0,0.09322,0.056555,0.056555,-0.002311,0.000139,0.392901,-0.530015,7.0,2.0,0.0,0.0,1.0,0.965926,-0.258819,0.587785,-0.809017,35.440352,-0.015682,-0.000132,37.049767,-0.011924,-0.000453,43.311619,-0.006916,-3.1e-05,-2.832888,-0.003889
19,55783674130,NZDUSD,SELL,0.58613,0.58673,2026-03-18 03:17:04.765283,2026-03-18 10:42:59.000000,-600.0,-6.0,SL_HIT,0,,sma_crossover,10.0,0.0,0.0,,445,,,1.67,-1.0,,,,,0.0004,58.53,0,,,,-1.7e-05,0.000717,0.00058,0.001093,0.001452,0.00041,0.585831,0.00051,0.585689,0.000754,0.585707,0.000723,0.584825,0.002231,0.583907,0.003807,0.585816,0.585735,0.585507,0.000212,0.001476,0.003081,0.000139,65.69692,58.532727,56.768994,8.1e-05,4.8e-05,3.4e-05,0.10931,0.14523,0.040963,0.00036,0.000615,0.000398,0.000679,0.000454,0.000774,0.00164,0.959674,0.036864,0.031087,0.1,-1.0,0.5,0.4,-1.0,0.881818,0.913333,0.769968,-0.000222,0.002337,0.101886,-0.93302,2.0,2.0,0.0,0.0,1.0,0.5,0.866025,0.587785,-0.809017,58.764103,1.7e-05,0.000734,51.035838,-1.3e-05,-0.000137,52.743542,-1.7e-05,0.000256,-0.231376,1.7e-05
21,55786451833,EURUSD,SELL,1.15436,1.15477,2026-03-18 08:17:08.126416,2026-03-18 10:53:24.000000,-410.0,-4.1,SL_HIT,0,,bollinger_bounce,10.0,0.0,0.0,,156,,,1.37,-1.0,,,,,0.00039,65.75,0,,,,0.000113,0.000199,0.000407,0.000511,0.00098,0.000529,1.153785,0.000516,1.153602,0.000674,1.153739,0.000555,1.152399,0.001719,1.150192,0.003641,1.153873,1.153725,1.153436,4e-05,0.001044,0.003084,0.000128,80.894106,65.747522,60.903775,0.000148,4.8e-05,0.0001,0.051136,0.097984,0.05287,0.00033,0.000286,0.000388,0.000336,0.000493,0.000427,0.001186,1.068432,0.006853,0.011575,0.933333,1.0,0.0,0.066667,8.0,1.0,1.0,0.858333,0.0,0.001109,0.164821,-0.832021,7.0,2.0,0.0,0.0,1.0,0.965926,-0.258819,0.587785,-0.809017,63.665225,8.5e-05,8.7e-05,62.015826,6.8e-05,0.000208,57.740668,4.4e-05,6.1e-05,2.082298,1.5e-05
20,55784990033,NZDUSD,BUY,0.58584,0.58672,2026-03-18 05:17:03.688554,2026-03-18 10:54:49.000000,880.0,8.8,TP_HIT,1,,sma_crossover,10.0,0.0,0.0,,337,,,1.31,1.31,,,,,0.00039,48.86,0,,,,5.1e-05,-0.00058,-0.000563,-0.000751,6.8e-05,0.000803,0.585942,-0.000328,0.585804,-9.1e-05,0.585791,-7e-05,0.584904,0.001446,0.584167,0.00271,0.585882,0.585813,0.585615,0.000257,0.001537,0.00278,0.000119,44.086668,48.860334,50.67243,7e-05,7.8e-05,-8e-06,-0.075061,0.006829,0.080303,0.000357,0.00061,0.00039,0.000665,0.000438,0.000747,0.001822,0.449887,0.037078,0.034422,0.428571,1.0,0.0,0.571429,1.0,0.263158,0.540984,0.513274,-0.001434,0.00169,0.061577,-0.912162,4.0,2.0,0.0,0.0,1.0,0.866025,0.5,0.587785,-0.809017,48.277751,9e-06,-0.000631,55.521372,3.7e-05,1.7e-05,55.353255,4e-05,-0.000273,0.582583,-1.7e-05
25,55786762096,USDJPY,BUY,158.735,158.664,2026-03-18 08:47:03.789767,2026-03-18 11:05:56.000000,-12.53,-7.1,SL_HIT,0,,rsi_reversal,0.28,0.0,0.0,,138,,,1.43,-0.99,,,,,0.06947,32.38,0,,,,2.5e-05,3.8e-05,0.00017,-0.000623,-0.001541,-0.002093,158.8255,-0.000582,158.90335,-0.001072,158.94808,-0.001353,159.02209,-0.001818,159.123835,-0.002456,158.82011,158.883172,158.933294,-0.000771,-0.000747,-0.001105,-0.000397,23.769074,32.376269,36.773112,-0.063062,-0.03937,-0.023691,-0.06233,-0.154109,-0.209347,0.066942,0.000422,0.069468,0.000438,0.073368,0.000462,0.002776,0.113783,0.018897,0.019079,0.25,1.0,0.5,0.25,3.0,0.242515,0.186207,0.166324,-0.00223,0.00051,0.215972,-0.817539,7.0,2.0,0.0,0.0,1.0,0.965926,-0.258819,0.587785,-0.809017,31.792614,-0.02579,1.3e-05,31.518193,-0.026087,0.000132,28.722138,-0.023783,-0.000661,0.583655,0.002098
23,55786231569,NZDUSD,BUY,0.58605,0.58686,2026-03-18 07:47:05.101188,2026-03-18 11:08:40.000000,810.0,8.1,TP_HIT,1,,sma_crossover,10.0,0.0,0.0,,201,,,1.29,1.29,,,,,0.00036,53.04,0,,,,0.0,-0.000256,0.000359,0.000717,-0.00029,0.000427,0.585738,0.000379,0.585859,0.000172,0.585848,0.000192,0.584999,0.001643,0.584434,0.00261,0.585839,0.585805,0.585671,-0.000187,0.00147,0.002418,5.9e-05,55.501518,53.038725,52.756523,3.4e-05,1.8e-05,1.7e-05,0.071729,-0.029004,0.042683,0.000323,0.000551,0.000361,0.000617,0.00041,0.0007,0.001865,0.592428,0.035715,0.037556,0.0,0.0,0.571429,0.428571,0.0,0.682692,0.529851,0.574163,-0.001075,0.001212,0.14474,-0.844011,6.0,2.0,0.0,0.0,1.0,1.0,0.0,0.587785,-0.809017,53.038725,1.1e-05,-0.000256,55.803785,1e-06,0.000615,49.993998,-3e-05,-0.000222,0.0,5e-06
22,55786091874,NZDUSD,BUY,0.58629,0.58712,2026-03-18 07:32:03.229762,2026-03-18 11:09:42.000000,830.0,8.3,TP_HIT,1,,sma_crossover,10.0,0.0,0.0,,217,,,1.3,1.3,,,,,0.00037,57.14,0,,,,0.000154,0.000768,0.000546,0.001367,0.00082,0.0007,0.585779,0.000719,0.585858,0.000583,0.585853,0.000593,0.584985,0.002077,0.58441,0.003063,0.585854,0.58581,0.585669,-0.000126,0.001493,0.002469,7.5e-05,63.861178,57.144299,55.460744,4.4e-05,1.8e-05,2.6e-05,0.136659,0.08195,0.069991,0.000333,0.000569,0.000368,0.000628,0.000415,0.000708,0.001941,0.800265,0.039205,0.037391,0.75,1.0,0.25,0.0,2.0,0.913462,0.708955,0.688995,-0.000665,0.001621,0.1309,-0.841945,6.0,2.0,0.0,0.0,1.0,1.0,0.0,0.587785,-0.809017,55.803785,1e-06,0.000615,49.993998,-3e-05,-0.000222,52.299296,-4e-05,0.000581,1.340514,2.5e-05
26,55786921465,USDJPY,BUY,158.715,158.641,2026-03-18 09:02:04.625093,2026-03-18 11:13:00.000000,-13.53,-7.4,SL_HIT,0,,rsi_reversal,0.29,0.0,0.0,,130,,,1.3,-1.0,,,,,0.06827,31.27,0,,,,5.7e-05,-0.000126,-0.000113,-0.000642,-0.001661,-0.001993,158.7958,-0.000547,158.88585,-0.001113,158.94228,-0.001468,159.01654,-0.001934,159.11962,-0.002581,158.798721,158.868007,158.923255,-0.000922,-0.000822,-0.001115,-0.000436,22.976486,31.273042,35.83044,-0.069287,-0.045775,-0.023512,-0.064227,-0.166066,-0.199338,0.064562,0.000407,0.068266,0.00043,0.07267,0.000458,0.002945,0.122019,0.018837,0.019023,0.454545,1.0,0.318182,0.227273,1.0,0.177019,0.134434,0.117043,-0.002312,0.000359,0.233749,-0.79491,8.0,2.0,1.0,0.0,0.0,0.866025,-0.5,0.587785,-0.809017,29.920371,-0.025797,-0.000183,31.792614,-0.02579,1.3e-05,31.518193,-0.026087,0.000132,1.352672,0.002286
24,55786451995,USDJPY,BUY,158.694,158.628,2026-03-18 08:17:09.360311,2026-03-18 11:13:26.000000,-11.65,-6.6,SL_HIT,0,,bollinger_bounce,0.28,0.0,0.0,,176,,,1.65,-1.0,,,,,0.07022,28.28,0,,,,-5e-05,-0.000712,-0.000844,-0.001328,-0.001353,-0.001472,158.8672,-0.001065,158.9338,-0.001484,158.95704,-0.00163,159.03232,-0.002102,159.131315,-0.002723,158.850932,158.906333,158.949004,-0.000565,-0.000619,-0.001095,-0.000349,14.7295,28.282237,34.188283,-0.055401,-0.027463,-0.027938,-0.13278,-0.135294,-0.147233,0.069242,0.000436,0.070219,0.000442,0.073858,0.000465,0.002631,-0.063883,0.021264,0.023202,0.347826,-1.0,0.391304,0.26087,-8.0,0.020408,0.013423,0.013423,-0.002779,3.8e-05,0.099948,-0.90375,7.0,2.0,0.0,0.0,1.0,0.965926,-0.258819,0.587785,-0.809017,28.722138,-0.023783,-0.000661,35.440352,-0.015682,-0.000132,37.049767,-0.011924,-0.000453,-0.439901,-0.004155
27,55786921342,GBPUSD,SELL,1.3369900000000001,1.33747,2026-03-18 09:02:04.021044,2026-03-18 11:22:12.000000,-480.0,-4.8,SL_HIT,0,,rsi_reversal,10.0,0.0,0.0,,140,,,1.19,-1.0,,,,,0.00042,68.15,0,,,,-9.7e-05,0.000135,0.000322,0.000524,0.001266,0.001198,1.336476,0.000429,1.335906,0.000856,1.335761,0.000965,1.334267,0.002086,1.33171,0.00401,1.336434,1.33603,1.335543,0.000536,0.001229,0.003042,0.000303,74.976148,68.148173,64.106257,0.000404,0.000253,0.000151,0.052381,0.126558,0.11981,0.000377,0.000282,0.000423,0.000316,0.000522,0.000391,0.002041,0.919388,0.013202,0.013606,0.722222,-1.0,0.166667,0.111111,-1.0,0.913514,0.927602,0.934426,-0.00012,0.001533,0.314017,-0.769347,8.0,2.0,1.0,0.0,0.0,0.866025,-0.5,0.587785,-0.809017,71.144398,0.000159,0.000232,68.032205,0.000141,0.000187,65.223432,0.00013,-0.000112,-2.996225,-7e-06
28,55787241679,GBPUSD,SELL,1.33719,1.33653,2026-03-18 09:32:03.208077,2026-03-18 11:39:05.000000,660.0,6.6,TP_HIT,1,,rsi_reversal,10.0,0.0,0.0,,127,,,1.57,1.57,,,,,0.00043,65.88,0,,,,-0.000194,0.000135,0.0,0.000419,0.000951,0.001243,1.336758,0.000316,1.336091,0.000815,1.335808,0.001027,1.334404,0.002081,1.331829,0.004018,1.336674,1.336209,1.335677,0.000711,0.001264,0.002988,0.000349,67.87893,65.882478,63.229943,0.000466,0.000327,0.000139,0.041897,0.095066,0.124296,0.000402,0.0003,0.000432,0.000323,0.000521,0.000389,0.002337,0.848959,0.015377,0.015083,1.0,-1.0,0.0,0.0,-1.0,0.831169,0.893443,0.902622,-0.000194,0.00163,0.162124,-0.872814,8.0,2.0,1.0,0.0,0.0,0.866025,-0.5,0.587785,-0.809017,71.384555,0.000159,0.000329,67.061907,0.000148,-0.000135,71.144398,0.000159,0.000232,-5.502077,-2.1e-05
29,55787241830,NZDUSD,SELL,0.58709,0.58655,2026-03-18 09:32:04.041589,2026-03-18 11:51:43.000000,540.0,5.4,TP_HIT,1,,rsi_reversal,10.0,0.0,0.0,,139,,,1.5,1.5,,,,,0.00036,65.44,0,,,,-0.000204,0.000221,0.000597,0.001416,0.002288,0.001723,0.58656,0.000904,0.586144,0.001613,0.585932,0.001977,0.585193,0.003243,0.584637,0.004196,0.586553,0.586232,0.585951,0.001072,0.001627,0.002214,0.000547,72.261282,65.444184,61.962588,0.000321,0.00019,0.00013,0.141575,0.228767,0.172331,0.00034,0.000578,0.000363,0.000619,0.000402,0.000685,0.003788,0.925835,0.028402,0.035353,0.52381,-1.0,0.142857,0.333333,-1.0,0.906667,0.929293,0.94332,-0.000238,0.003134,0.217528,-0.815013,8.0,2.0,1.0,0.0,0.0,0.866025,-0.5,0.587785,-0.809017,68.132924,0.000134,0.000426,65.381482,0.000114,0.000375,62.753636,9.6e-05,0.000222,-2.68874,-4e-06
30,55787745570,USDCHF,SELL,0.78578,0.78602,2026-03-18 10:17:06.904593,2026-03-18 12:31:27.000000,-305.34,-2.4,SL_HIT,0,,bollinger_bounce,10.0,0.0,0.0,,134,,,1.54,-1.0,,,,,0.00024,67.26,0,,,,0.000165,0.000255,0.000356,0.00079,0.0007,0.000509,0.785372,0.000519,0.785359,0.000535,0.785069,0.000906,0.785743,4.7e-05,0.787088,-0.001662,0.78543,0.785324,0.785356,0.000386,-0.000488,-0.002566,0.000135,78.319074,67.261906,60.274717,0.000106,6.5e-05,4.1e-05,0.078965,0.070043,0.050931,0.000238,0.000303,0.000244,0.00031,0.000298,0.000379,0.000936,1.072119,0.01487,0.012507,0.684211,1.0,0.315789,0.0,4.0,0.927711,0.927711,0.968586,-7.6e-05,0.00098,0.312048,-0.853253,9.0,2.0,1.0,0.0,0.0,0.707107,-0.707107,0.587785,-0.809017,64.00396,2.4e-05,8.9e-05,62.119092,8e-06,0.000102,59.890228,-1.3e-05,0.000522,3.257946,1.7e-05
31,55787419353,USDCHF,BUY,0.78559,0.78609,2026-03-18 09:47:03.542301,2026-03-18 12:32:08.000000,636.06,5.0,TP_HIT,1,,macd_crossover,10.0,0.0,0.0,,165,,,1.85,1.85,,,,,0.00024,50.0,0,,,,0.00014,0.000662,0.000573,0.000382,0.000484,6.4e-05,0.785277,0.000424,0.785336,0.000349,0.785032,0.000736,0.785823,-0.000271,0.787132,-0.001934,0.785319,0.78526,0.785327,0.000312,-0.00062,-0.002668,7.5e-05,71.999626,62.892357,57.226739,5.9e-05,4.9e-05,1e-05,0.038201,0.048393,0.006365,0.00023,0.000292,0.00024,0.000305,0.0003,0.000381,0.000757,0.960682,0.014867,0.012928,0.785714,1.0,0.071429,0.142857,2.0,0.882353,0.882353,0.94382,-0.000102,0.000764,0.205093,-0.874214,8.0,2.0,1.0,0.0,0.0,0.866025,-0.5,0.587785,-0.809017,59.890228,-1.3e-05,0.000522,44.291265,-3.7e-05,-8.9e-05,47.20152,-3.2e-05,0.0,3.002129,2.2e-05
34,55787891768,USDCHF,SELL,0.78606,0.78631,2026-03-18 10:32:03.385924,2026-03-18 12:34:11.000000,-330.66,-2.5,SL_HIT,0,,bollinger_bounce,10.0,0.0,0.0,,122,,,1.48,-1.0,,,,,0.00025,72.83,0,,,,0.000242,0.000522,0.000611,0.001236,0.001095,0.000853,0.785467,0.000755,0.785397,0.000844,0.785098,0.001225,0.785713,0.000441,0.787068,-0.001281,0.785538,0.785384,0.785387,0.00047,-0.000402,-0.002503,0.000196,84.718779,72.834091,64.586,0.000154,8.4e-05,7e-05,0.123553,0.109526,0.085308,0.00025,0.000318,0.00025,0.000318,0.000299,0.00038,0.001273,1.16287,0.015688,0.013556,0.904762,1.0,0.0,0.095238,5.0,1.0,1.0,1.0,0.0,0.001336,0.286872,-0.830258,9.0,2.0,1.0,0.0,0.0,0.707107,-0.707107,0.587785,-0.809017,69.192307,4.7e-05,0.00028,64.00396,2.4e-05,8.9e-05,62.119092,8e-06,0.000102,3.641784,2.3e-05
32,55787744893,EURUSD,SELL,1.15404,1.15318,2026-03-18 10:17:03.333123,2026-03-18 12:35:09.000000,860.0,8.6,TP_HIT,1,,macd_crossover,10.0,0.0,0.0,,138,,,1.69,1.69,,,,,0.00043,50.0,0,,,,-0.000165,-0.000156,-0.000225,-0.000511,-9.5e-05,0.000433,1.154363,-0.00028,1.15398,5.2e-05,1.153833,0.00018,1.152853,0.00103,1.150585,0.003003,1.154206,1.154014,1.15369,0.00046,0.000978,0.002822,0.000166,42.826702,50.82384,52.845385,0.000192,0.000196,-4e-06,-0.051099,-0.009531,0.043345,0.000433,0.000375,0.000429,0.000372,0.00049,0.000424,0.001666,0.530949,0.01697,0.014016,0.612903,-1.0,0.0,0.387097,-1.0,0.163462,0.519337,0.664093,-0.000754,0.000815,0.252123,-0.872483,9.0,2.0,1.0,0.0,0.0,0.707107,-0.707107,0.587785,-0.809017,55.051492,2.8e-05,9e-06,54.868017,5.3e-05,-6.9e-05,56.583791,8.8e-05,-0.000494,-4.227653,-3.1e-05
33,55787745041,GBPUSD,SELL,1.33639,1.33541,2026-03-18 10:17:04.187125,2026-03-18 12:36:29.000000,980.0,9.8,TP_HIT,1,,macd_crossover,10.0,0.0,0.0,,139,,,1.63,1.63,,,,,0.00049,50.0,0,,,,-0.00015,-3e-05,-0.000322,-0.000449,3.7e-05,0.000741,1.336815,-0.00031,1.336256,0.000108,1.335847,0.000414,1.334645,0.001315,1.331996,0.003306,1.336564,1.336244,1.335755,0.000725,0.001207,0.002891,0.00024,45.87669,52.591217,54.370862,0.00032,0.000337,-1.6e-05,-0.044877,0.003742,0.074135,0.000513,0.000384,0.000494,0.00037,0.000546,0.000409,0.002029,0.553107,0.021,0.017187,0.571429,-1.0,0.057143,0.371429,-1.0,0.16129,0.563025,0.610487,-0.000778,0.001003,0.234558,-0.849057,9.0,2.0,1.0,0.0,0.0,0.707107,-0.707107,0.587785,-0.809017,55.625993,2.2e-05,0.00012,53.63864,5.6e-05,-0.000292,59.689299,0.000117,-0.000456,-3.034776,-3.8e-05
35,55788062787,EURUSD,BUY,1.15235,1.15302,2026-03-18 10:47:04.463075,2026-03-18 12:53:02.000000,670.0,6.7,TP_HIT,1,,bollinger_bounce,10.0,0.0,0.0,,125,,,1.16,1.16,,,,,0.0005,28.64,0,,,,-0.000338,-0.001283,-0.001698,-0.001759,-0.001603,-0.00085,1.15399,-0.00149,1.153875,-0.001391,1.15377,-0.0013,1.152939,-0.00058,1.150673,0.001388,1.153675,1.153774,1.153585,0.000191,0.000811,0.002692,-8.6e-05,15.821109,28.641633,35.999012,-9.9e-05,0.000108,-0.000207,-0.175864,-0.160295,-0.084977,0.00056,0.000486,0.0005,0.000434,0.000523,0.000454,0.002267,-0.11327,0.029614,0.023207,0.866667,-1.0,0.066667,0.066667,-3.0,0.011236,0.011236,0.011236,-0.002291,2.6e-05,0.35612,-0.734201,9.0,2.0,1.0,0.0,0.0,0.707107,-0.707107,0.587785,-0.809017,31.931346,-0.000124,-0.000945,45.491642,-2.2e-05,-0.000416,55.051492,2.8e-05,9e-06,-3.289714,-8.3e-05
36,55788063036,USDCAD,SELL,1.37127,1.37073,2026-03-18 10:47:05.066974,2026-03-18 13:08:32.000000,393.95,5.4,TP_HIT,1,,bollinger_bounce,10.0,0.0,0.0,,141,,,1.5,1.5,,,,,0.00036,73.14,0,,,,0.000168,0.000292,0.000372,0.000438,0.000956,0.001095,1.370599,0.00049,1.370251,0.000743,1.36964,0.00119,1.369684,0.001158,1.369169,0.001535,1.370599,1.370203,1.369913,0.0007,0.000414,0.000344,0.000289,83.81112,73.136796,66.469882,0.000396,0.000296,0.0001,0.043774,0.095623,0.109507,0.00034,0.000248,0.000357,0.000261,0.000413,0.000302,0.001396,1.032488,0.012697,0.011259,0.92,1.0,0.0,0.08,4.0,1.0,1.0,1.0,0.0,0.001262,0.134893,-0.880779,9.0,2.0,1.0,0.0,0.0,0.707107,-0.707107,0.587785,-0.809017,70.44738,8.8e-05,0.000124,68.266916,8.2e-05,8e-05,66.794885,7.8e-05,0.000109,2.689416,1.2e-05
39,55788063200,USDCHF,SELL,0.7865,0.78679,2026-03-18 10:47:05.853198,2026-03-18 13:18:13.000000,-368.59,-2.9,SL_HIT,0,,bollinger_bounce,10.0,0.0,0.0,,151,,,1.31,-1.0,,,,,0.00027,78.96,0,,,,0.000127,0.000827,0.001107,0.001299,0.001566,0.001337,0.785626,0.001138,0.785468,0.001339,0.78514,0.001758,0.785693,0.001052,0.787051,-0.000675,0.785736,0.785493,0.785445,0.000619,-0.000287,-0.002428,0.000309,89.990606,78.957125,70.065119,0.000243,0.00012,0.000123,0.129854,0.15663,0.133678,0.000284,0.000361,0.000269,0.000342,0.000307,0.000391,0.002006,1.167667,0.021304,0.017495,0.909091,1.0,0.0,0.090909,6.0,1.0,1.0,1.0,0.0,0.00192,0.319902,-0.754717,9.0,2.0,1.0,0.0,0.0,0.707107,-0.707107,0.587785,-0.809017,77.805217,9.3e-05,0.0007,69.192307,4.7e-05,0.00028,64.00396,2.4e-05,8.9e-05,1.151908,3e-05
40,55788306591,EURUSD,BUY,1.1526399999999999,1.15219,2026-03-18 11:02:03.564717,2026-03-18 13:22:17.000000,-450.0,-4.5,SL_HIT,0,,rsi_reversal,10.0,0.0,0.0,,140,,,1.78,-1.0,,,,,0.0005,32.92,0,,,,5.2e-05,2.6e-05,-0.000919,-0.001326,-0.001516,-0.000564,1.153851,-0.001006,1.15386,-0.001014,1.153758,-0.000925,1.152981,-0.000253,1.150721,0.001711,1.15357,1.153718,1.153564,8.1e-05,0.000762,0.002639,-0.000128,21.215964,32.917084,39.39198,-0.000148,6.2e-05,-0.000209,-0.132557,-0.151589,-0.056358,0.00055,0.000477,0.000501,0.000435,0.000523,0.000454,0.00228,0.055192,0.027729,0.022532,0.333333,1.0,0.111111,0.555556,1.0,0.168539,0.168539,0.168539,-0.001926,0.00039,0.316206,-0.833537,10.0,2.0,1.0,0.0,0.0,0.5,-0.866025,0.587785,-0.809017,31.651697,-0.000184,-2.6e-05,31.931346,-0.000124,-0.000945,45.491642,-2.2e-05,-0.000416,1.265387,-2.5e-05
38,55787745260,AUDUSD,SELL,0.71143,0.71045,2026-03-18 10:17:05.749274,2026-03-18 13:25:28.000000,980.0,9.8,TP_HIT,1,,macd_crossover,10.0,0.0,0.0,,188,,,1.63,1.63,,,,,0.00049,50.0,0,,,,-0.000141,-0.000562,-0.000422,-0.000772,2.8e-05,0.000605,0.711695,-0.000358,0.711296,0.000203,0.710888,0.000776,0.710061,0.001942,0.707827,0.005104,0.711575,0.711318,0.71092,0.001135,0.001738,0.004324,0.00036,45.749495,52.153638,53.533487,0.000256,0.000265,-9e-06,-0.077248,0.002811,0.060477,0.00047,0.000661,0.000494,0.000695,0.000538,0.000756,0.003111,0.5653,0.029861,0.034722,0.5,-1.0,0.25,0.25,-2.0,0.219298,0.630705,0.737463,-0.001251,0.002137,0.184753,-0.856712,9.0,2.0,1.0,0.0,0.0,0.707107,-0.707107,0.587785,-0.809017,53.705213,2.3e-05,-0.000421,58.558241,5.8e-05,0.000141,57.365767,7.4e-05,-0.000646,-1.551575,-3.2e-05
37,55787745126,USDJPY,BUY,158.79,158.936,2026-03-18 10:17:04.822700,2026-03-18 13:25:47.000000,20.21,14.6,TP_HIT,1,,macd_crossover,0.22,0.0,0.0,,188,,,1.45,1.46,,,,,0.07688,50.0,0,,,,-6e-06,0.000233,0.000441,0.000939,-0.000183,-0.001164,158.7122,0.00044,158.81115,-0.000184,158.91418,-0.000832,158.98273,-0.001263,159.099055,-0.001993,158.759752,158.820669,158.885555,-0.001271,-0.001079,-0.001162,-0.000384,53.883441,45.738851,44.561121,-0.060917,-0.063514,0.002597,0.093927,-0.018261,-0.116376,0.078734,0.000496,0.076879,0.000484,0.076989,0.000485,0.002893,0.436558,0.028982,0.023203,0.03125,-1.0,0.625,0.34375,-1.0,0.86,0.513126,0.375874,-0.001285,0.001354,0.180608,-0.870895,9.0,2.0,1.0,0.0,0.0,0.707107,-0.707107,0.587785,-0.809017,45.824799,-0.003893,0.000239,41.977575,-0.013089,0.000208,38.453062,-0.021879,0.000675,-0.085948,0.006489
41,55788506608,USDCAD,SELL,1.37021,1.3706800000000001,2026-03-18 11:17:03.744546,2026-03-18 13:26:44.000000,-342.9,-4.7,SL_HIT,0,,macd_crossover,10.0,0.0,0.0,,129,,,1.66,-1.0,,,,,0.00039,50.0,0,,,,0.0,-0.000562,-0.000605,-0.000401,0.000234,0.000285,1.370631,-0.000307,1.370287,-5.6e-05,1.369654,0.000406,1.369707,0.000367,1.369153,0.000772,1.370457,1.370186,1.369925,0.000713,0.000423,0.000366,0.000198,40.776272,50.788713,52.575411,0.000271,0.000292,-2.1e-05,-0.040124,0.02336,0.028471,0.000407,0.000297,0.000392,0.000286,0.000428,0.000312,0.001202,0.453536,0.020308,0.014993,0.0,0.0,0.111111,0.888889,0.0,0.268966,0.316129,0.59387,-0.000774,0.000358,0.265396,-0.842508,10.0,2.0,1.0,0.0,0.0,0.5,-0.866025,0.587785,-0.809017,50.788713,2.1e-05,-0.000562,68.654333,8.1e-05,-4.4e-05,70.44738,8.8e-05,0.000124,0.0,-4.2e-05
42,55788306667,XAUUSD,SELL,4993.85,4979.69,2026-03-18 11:02:04.215604,2026-03-18 13:45:38.000000,14.16,1416.0,TP_HIT,1,,macd_crossover,0.01,0.0,0.0,,163,,,1.67,1.67,,,,,7.07271,50.0,0,,,,-0.000226,-0.001625,-0.003076,-0.003104,-0.001106,-5.8e-05,5004.601,-0.00215,4998.083,-0.000849,5000.4296,-0.001318,5004.9804,-0.002226,5007.20455,-0.002669,5000.952217,5000.307524,5001.169815,0.000834,-0.001378,-0.001353,0.000129,32.917399,42.593583,44.917857,0.644693,0.852052,-0.20736,-0.310417,-0.110614,-0.005807,6.907209,0.001383,7.072706,0.001416,7.416155,0.001485,0.00696,0.37803,0.081867,0.071555,0.463115,-1.0,0.331967,0.204918,-4.0,0.132148,0.349174,0.349174,-0.004498,0.002413,0.224551,-0.850683,10.0,2.0,1.0,0.0,0.0,0.5,-0.866025,0.587785,-0.809017,43.642702,0.516529,-0.001399,50.846785,1.500057,-0.001453,60.489405,2.219776,-9.6e-05,-1.049118,-0.723888
44,55788728119,USDCHF,SELL,0.7872,0.7867,2026-03-18 11:32:07.454605,2026-03-18 13:47:44.000000,635.57,5.0,TP_HIT,1,,rsi_reversal,10.0,0.0,0.0,,135,,,1.56,1.56,,,,,0.00033,82.77,0,,,,-8.9e-05,0.000623,0.000915,0.00168,0.002585,0.002139,0.786173,0.001294,0.785704,0.001891,0.785264,0.002452,0.785663,0.001944,0.786994,0.000249,0.78626,0.785814,0.785625,0.001157,5.2e-05,-0.002198,0.000568,89.907849,82.77473,75.005182,0.000446,0.00025,0.000196,0.167967,0.258546,0.213874,0.000376,0.000478,0.000326,0.000414,0.000334,0.000424,0.003583,1.027789,0.023248,0.020858,0.4375,-1.0,0.1875,0.375,-1.0,0.872,0.872,0.910615,-0.000407,0.002769,0.273584,-0.84593,10.0,2.0,1.0,0.0,0.0,0.5,-0.866025,0.587785,-0.809017,85.383598,0.000185,0.000712,80.915261,0.000144,0.000292,78.396515,0.00012,6.4e-05,-2.608868,1e-05
45,55788728220,USDCHF,SELL,0.7872,0.7867,2026-03-18 11:32:08.105147,2026-03-18 13:47:44.000000,635.57,5.0,TP_HIT,1,,bollinger_bounce,10.0,0.0,0.0,,135,,,1.56,1.56,,,,,0.00033,82.77,0,,,,-8.9e-05,0.000623,0.000915,0.00168,0.002585,0.002139,0.786173,0.001294,0.785704,0.001891,0.785264,0.002452,0.785663,0.001944,0.786994,0.000249,0.78626,0.785814,0.785625,0.001157,5.2e-05,-0.002198,0.000568,89.907849,82.77473,75.005182,0.000446,0.00025,0.000196,0.167967,0.258546,0.213874,0.000376,0.000478,0.000326,0.000414,0.000334,0.000424,0.003583,1.027789,0.023248,0.020858,0.4375,-1.0,0.1875,0.375,-1.0,0.872,0.872,0.910615,-0.000407,0.002769,0.273584,-0.84593,10.0,2.0,1.0,0.0,0.0,0.5,-0.866025,0.587785,-0.809017,85.383598,0.000185,0.000712,80.915261,0.000144,0.000292,78.396515,0.00012,6.4e-05,-2.608868,1e-05
43,55788727886,EURUSD,BUY,1.15227,1.15302,2026-03-18 11:32:06.220647,2026-03-18 13:50:01.000000,770.0,7.5,TP_HIT,1,,rsi_reversal,10.0,0.0,0.0,,137,,,1.15,1.15,,,,,0.00056,31.08,0,,,,0.000122,-0.000555,-0.00039,-0.001361,-0.002122,-0.001014,1.15337,-0.001032,1.153748,-0.001359,1.153699,-0.001316,1.153036,-0.000742,1.150815,0.001186,1.153172,1.153497,1.153457,-0.000285,0.000618,0.002506,-0.000282,23.152398,31.079175,36.833038,-0.000326,-6.4e-05,-0.000261,-0.136078,-0.212189,-0.101444,0.000644,0.000559,0.000563,0.000489,0.000555,0.000481,0.002886,0.02913,0.030747,0.025481,0.416667,1.0,0.375,0.208333,1.0,0.154799,0.154799,0.154799,-0.002369,0.000434,0.350631,-0.811828,10.0,2.0,1.0,0.0,0.0,0.5,-0.866025,0.587785,-0.809017,28.42163,-0.000252,-0.000677,35.504219,-0.000201,0.000165,31.651697,-0.000184,-2.6e-05,2.657545,-1e-05
46,55788728012,AUDUSD,BUY,0.71033,0.71111,2026-03-18 11:32:06.850546,2026-03-18 14:21:00.000000,780.0,7.8,TP_HIT,1,,bollinger_bounce,10.0,0.0,0.0,,168,,,1.42,1.42,,,,,0.00053,37.94,0,,,,0.000197,-0.000999,-0.001308,-0.001476,-0.00236,-0.000633,0.711268,-0.001347,0.71136,-0.001475,0.71093,-0.000872,0.710255,7.7e-05,0.70806,0.003178,0.711075,0.711134,0.710891,0.000475,0.001554,0.004054,-8.3e-05,25.473095,37.936387,43.488827,-5.9e-05,0.000127,-0.000186,-0.147605,-0.235958,-0.063313,0.000552,0.000778,0.000534,0.000752,0.000552,0.000777,0.002828,-0.021766,0.034704,0.036008,0.368421,1.0,0.315789,0.315789,1.0,0.114035,0.114035,0.40413,-0.002844,0.000366,0.318454,-0.816684,10.0,2.0,1.0,0.0,0.0,0.5,-0.866025,0.587785,-0.809017,35.463832,-0.00016,-0.001195,45.736341,-9.2e-05,-0.000309,49.15857,-6.6e-05,-2.8e-05,2.472555,-2.7e-05
48,55789737063,GBPUSD,BUY,1.33586,1.33502,2026-03-18 13:02:03.346091,2026-03-18 15:32:19.000000,-840.0,-8.4,SL_HIT,0,,macd_crossover,10.0,0.0,0.0,,150,,,1.6,-1.0,,,,,0.00068,50.0,0,,,,-9.7e-05,-7.5e-05,0.000412,0.000637,0.000479,-0.000696,1.335248,0.000443,1.335942,-7.6e-05,1.335789,3.8e-05,1.335124,0.000536,1.332581,0.002445,1.33557,1.335699,1.335578,-0.000405,0.000612,0.002407,-9.7e-05,54.822527,51.3099,51.193621,-0.000129,-0.00013,0.0,0.063671,0.047933,-0.069571,0.000717,0.000537,0.00068,0.000509,0.000649,0.000486,0.002825,0.473105,0.038667,0.032848,0.590909,-1.0,0.090909,0.318182,-1.0,0.866337,0.522388,0.522388,-0.001198,0.00131,0.11046,-0.880292,12.0,2.0,1.0,0.0,0.0,0.0,-1.0,0.587785,-0.809017,52.51139,-3.8e-05,2.2e-05,52.2719,-0.000106,0.000487,46.882482,-0.000202,0.000764,-1.20149,3.8e-05
49,55789737399,NZDUSD,BUY,0.58629,0.58576,2026-03-18 13:02:04.231319,2026-03-18 15:33:06.000000,-530.0,-5.3,SL_HIT,0,,macd_crossover,10.0,0.0,0.0,,151,,,1.4,-1.0,,,,,0.0004,50.0,0,,,,-8.5e-05,-0.000119,0.000256,0.000188,0.000683,-0.000392,0.585912,0.00056,0.586223,2.9e-05,0.585993,0.000421,0.585665,0.000981,0.585015,0.002094,0.586086,0.586075,0.585963,-0.000139,0.000952,0.001672,2e-05,55.492432,52.692558,52.371166,1.2e-05,0.0,1.1e-05,0.018767,0.068278,-0.039218,0.00038,0.000649,0.000397,0.000677,0.000413,0.000704,0.003378,0.508584,0.041577,0.039028,0.5,-1.0,0.4,0.1,-2.0,0.880734,0.492308,0.59919,-0.001689,0.001638,0.100221,-0.86039,12.0,2.0,1.0,0.0,0.0,0.0,-1.0,0.587785,-0.809017,53.489447,-1e-06,-3.4e-05,53.791609,-2.5e-05,0.000375,50.962103,-6.3e-05,0.000837,-0.79689,1.2e-05
47,55785424093,XAUUSD,BUY,4991.2,4973.09,2026-03-18 06:05:01.127180,2026-03-18 15:35:35.000000,-18.14,-1811.0,SL_HIT,0,,ml_filtered_sma,0.01,0.0,0.0,,570,,,2.13,-1.0,,,,,14.1831,42.57,0,,,,-0.000204,-0.001568,-0.002688,-0.001816,-0.002239,-0.003846,5000.074,-0.001851,5004.837,-0.002801,5007.4482,-0.003321,5060.1161,-0.013695,5100.95685,-0.021591,5000.25913,5005.614677,5018.673252,-0.001473,-0.010924,-0.018332,-0.00107,32.218219,40.787167,42.569673,-5.355547,-4.438982,-0.916565,-0.181604,-0.22391,-0.384624,14.183104,0.002842,16.533005,0.003313,19.220036,0.003851,0.006949,0.096975,0.065383,0.106713,0.157165,-1.0,0.106317,0.736518,-3.0,0.159599,0.298706,0.278285,-0.008143,0.003468,0.111545,-0.899676,5.0,2.0,0.0,0.0,1.0,0.965926,0.258819,0.587785,-0.809017,41.260988,-0.613075,-0.001364,44.468302,-0.120216,-0.001121,47.275216,0.040778,0.000272,-0.473822,-0.30349
50,55790430988,XAUUSD,BUY,4979.47,4970.84,2026-03-18 13:47:05.191112,2026-03-18 15:56:13.000000,-8.59,-863.0,SL_HIT,0,,rsi_reversal,0.01,0.0,0.0,,129,,,1.49,-1.0,,,,,8.58544,34.82,0,,,,0.000307,-0.000604,-0.00187,-0.002736,-0.00195,-0.003642,4986.541,-0.001426,4995.1085,-0.003139,4996.9252,-0.003501,5001.5003,-0.004413,5005.48125,-0.005205,4987.627257,4992.156924,4995.903768,-0.002078,-0.001278,-0.001709,-0.000907,27.815092,34.817523,38.438986,-4.529667,-2.890938,-1.638728,-0.273578,-0.195023,-0.364173,9.359282,0.00188,8.585444,0.001724,8.196829,0.001646,0.008891,0.146968,0.057752,0.069923,0.389423,1.0,0.086538,0.524038,1.0,0.538043,0.337823,0.337823,-0.007404,0.003778,0.180911,-0.907262,12.0,2.0,1.0,0.0,0.0,0.0,-1.0,0.587785,-0.809017,32.568879,-1.576154,-0.000911,35.989851,-1.152623,-0.001267,41.644127,-0.812392,-0.000673,2.248643,-0.062574
51,55789593507,EURUSD,BUY,1.15377,1.15497,2026-03-18 12:47:03.130873,2026-03-18 16:16:51.000000,1240.0,12.0,TP_HIT,1,,macd_crossover,10.0,0.0,0.0,,209,,,1.5,1.5,,,,,0.00063,50.0,0,,,,-8.7e-05,0.000208,0.001033,0.00098,-2.6e-05,-0.000373,1.152953,0.000665,1.153644,6.6e-05,1.153671,4.3e-05,1.153202,0.000449,1.151083,0.002291,1.153347,1.153485,1.153455,-0.000622,0.000383,0.002248,-0.000119,56.76314,52.393215,51.653099,-0.000137,-0.000163,2.5e-05,0.09804,-0.0026,-0.037257,0.000687,0.000596,0.000625,0.000542,0.000593,0.000514,0.002915,0.522747,0.045472,0.034064,0.434783,-1.0,0.434783,0.130435,-1.0,0.902655,0.631579,0.631579,-0.001031,0.001768,0.200781,-0.850178,11.0,2.0,1.0,0.0,0.0,0.258819,-0.965926,0.587785,-0.809017,53.426041,-1.7e-05,0.000295,50.335062,-9.1e-05,0.000824,40.004279,-0.000165,-0.000616,-1.032826,4.3e-05
52,55790702651,GBPUSD,BUY,1.3357999999999999,1.3371,2026-03-18 14:02:03.813680,2026-03-18 16:19:54.000000,1300.0,13.0,TP_HIT,1,,macd_crossover,10.0,0.0,0.0,,137,,,1.53,1.53,,,,,0.00067,50.0,0,,,,0.00018,0.000315,0.000449,-0.000157,0.000907,-0.000927,1.335422,0.000253,1.335654,7.9e-05,1.335753,5e-06,1.335209,0.000413,1.332793,0.002226,1.33554,1.335645,1.335564,-0.000248,0.000334,0.002221,-7.8e-05,54.660054,51.125912,50.887728,-0.000104,-0.000128,2.4e-05,-0.015719,0.090667,-0.092745,0.000671,0.000502,0.000672,0.000503,0.000651,0.000487,0.002425,0.532726,0.032632,0.03426,0.8,1.0,0.1,0.1,3.0,0.747664,0.498507,0.498507,-0.001258,0.00125,0.099307,-0.891117,13.0,2.0,1.0,1.0,0.0,-0.258819,-0.965926,0.587785,-0.809017,48.832165,-1e-06,0.000135,47.103254,-1.4e-05,0.000135,45.389833,-1.3e-05,-0.000614,2.293747,2.5e-05
53,55791089303,XAUUSD,BUY,4971.32,4961.07,2026-03-18 14:17:03.750840,2026-03-18 16:26:25.000000,-10.25,-1025.0,SL_HIT,0,,rsi_reversal,0.01,0.0,0.0,,129,,,1.46,-1.0,,,,,10.08551,31.16,0,,,,0.000193,0.000664,-0.001354,-0.003528,-0.003292,-0.007495,4982.225,-0.002221,4990.6995,-0.003915,4995.5964,-0.004892,5000.4831,-0.005864,5005.06845,-0.006775,4981.550758,4988.360863,4993.546125,-0.002677,-0.001957,-0.001892,-0.001365,25.036062,31.155863,35.2008,-6.810105,-4.337872,-2.472233,-0.352793,-0.329218,-0.749496,11.719501,0.002357,10.085514,0.002029,9.030808,0.001817,0.010497,0.127002,0.072017,0.061786,0.256,1.0,0.28,0.464,2.0,0.462233,0.317405,0.317405,-0.00908,0.004222,0.242814,-0.880185,13.0,2.0,1.0,1.0,0.0,-0.258819,-0.965926,0.587785,-0.809017,29.809033,-2.577132,0.000471,26.556992,-2.377099,-0.002017,32.568879,-1.576154,-0.000911,1.34683,0.104899
54,55791089450,AUDUSD,SELL,0.71085,0.70962,2026-03-18 14:17:04.459144,2026-03-18 16:27:25.000000,1230.0,12.3,TP_HIT,1,,sma_crossover,10.0,0.0,0.0,,130,,,1.6,1.6,,,,,0.0005,49.03,0,,,,0.000225,0.000732,0.000281,-0.000267,7e-05,-0.001867,0.710802,9.6e-05,0.710967,-0.000137,0.711035,-0.000232,0.710564,0.000431,0.708563,0.003255,0.710822,0.710939,0.710858,-0.000328,0.000568,0.003488,-0.000165,51.050442,49.029286,49.574875,-0.000117,-8.4e-05,-3.3e-05,-0.026721,0.007034,-0.186745,0.000466,0.000655,0.0005,0.000703,0.000531,0.000747,0.002703,0.44926,0.043174,0.041221,0.615385,1.0,0.076923,0.307692,2.0,0.59292,0.383178,0.394191,-0.001857,0.001154,0.16466,-0.863753,13.0,2.0,1.0,1.0,0.0,-0.258819,-0.965926,0.587785,-0.809017,46.885978,-5.5e-05,0.000507,41.770261,-6.9e-05,-0.00045,45.377733,-4.8e-05,4.2e-05,2.143308,2.2e-05
55,55791439731,XAUUSD,BUY,4957.96,4945.75,2026-03-18 14:32:05.677123,2026-03-18 16:40:14.000000,-12.21,-1221.0,SL_HIT,0,,rsi_reversal,0.01,0.0,0.0,,128,,,1.42,-1.0,,,,,11.80339,30.34,0,,,,0.001853,-0.002545,-0.002075,-0.004996,-0.005774,-0.010718,4977.068,-0.003922,4986.875,-0.00588,4994.3096,-0.00736,4999.6873,-0.008428,5004.7786,-0.009437,4974.89289,4984.516163,4991.276212,-0.003452,-0.002563,-0.002092,-0.001931,28.228641,30.338086,33.223193,-9.623273,-5.685705,-3.937567,-0.499554,-0.577377,-1.071786,14.678348,0.002961,11.803386,0.002381,9.957846,0.002009,0.013079,0.050381,0.137358,0.10004,0.765442,1.0,0.050083,0.184474,1.0,0.230318,0.165431,0.16227,-0.01158,0.002295,0.358802,-0.795614,13.0,2.0,1.0,1.0,0.0,-0.258819,-0.965926,0.587785,-0.809017,20.633927,-3.925999,-0.00439,29.809033,-2.577132,0.000471,26.556992,-2.377099,-0.002017,9.704159,-0.011568
56,55791439302,GBPUSD,SELL,1.33547,1.33621,2026-03-18 14:32:04.714950,2026-03-18 16:52:26.000000,-740.0,-7.4,SL_HIT,0,,sma_crossover,10.0,0.0,0.0,,140,,,5.35,-1.0,,,,,0.00078,48.86,0,,,,0.000479,-0.000838,-6.7e-05,0.000202,0.000869,-0.001047,1.335597,-0.000125,1.335491,-4.6e-05,1.33574,-0.000232,1.335261,0.000126,1.332899,0.001899,1.335513,1.33562,1.335558,-0.000107,0.000172,0.002131,-8.1e-05,48.863737,48.618804,49.013466,-0.000108,-0.000113,5e-06,0.020222,0.086939,-0.104725,0.00101,0.000756,0.000859,0.000643,0.000751,0.000562,0.002055,0.477771,0.049984,0.043284,0.719101,1.0,0.067416,0.213483,1.0,0.409894,0.445183,0.4,-0.001251,0.001003,0.487172,-0.756916,13.0,2.0,1.0,1.0,0.0,-0.258819,-0.965926,0.587785,-0.809017,43.874843,6e-06,-0.001317,57.410375,7.4e-05,0.000771,48.832165,-1e-06,0.000135,4.743961,-1e-06
57,55791858719,XAUUSD,BUY,4933.32,4924.36,2026-03-18 14:47:07.421361,2026-03-18 17:01:11.000000,-9.86,-896.0,SL_HIT,0,,bollinger_bounce,0.01,0.0,0.0,,134,,,2.54,-1.0,,,,,12.68166,17.56,0,,,,-0.000427,-0.002292,-0.006672,-0.008208,-0.011085,-0.014443,4969.694,-0.006571,4982.3375,-0.009092,4992.6798,-0.011144,4998.7685,-0.012349,5004.39485,-0.013459,4966.674102,4979.737407,4988.45603,-0.004604,-0.003287,-0.002341,-0.002623,9.170625,17.564761,23.459228,-13.063305,-7.396074,-5.667231,-0.820828,-1.108489,-1.444288,15.86838,0.003214,12.681664,0.002569,10.482374,0.002123,0.016509,-0.050712,0.109307,0.092292,0.212702,-1.0,0.584677,0.202621,-3.0,0.037962,0.028792,0.028319,-0.015783,0.000468,0.302183,-0.849588,13.0,2.0,1.0,1.0,0.0,-0.258819,-0.965926,0.587785,-0.809017,18.096521,-5.111812,-0.001865,20.633927,-3.925999,-0.00439,29.809033,-2.577132,0.000471,-0.53176,-0.555418
58,55790702829,AUDUSD,SELL,0.71036,0.70909,2026-03-18 14:02:04.599901,2026-03-18 17:07:24.000000,1270.0,12.7,TP_HIT,1,,sma_crossover,10.0,0.0,0.0,,185,,,1.81,1.81,,,,,0.00049,41.44,0,,,,-4.2e-05,-0.000492,-0.00045,-0.001279,-2.8e-05,-0.002346,0.710758,-0.000616,0.711014,-0.000977,0.711024,-0.00099,0.710539,-0.000308,0.708519,0.002542,0.710753,0.710916,0.710843,-0.000374,0.000669,0.003535,-0.000228,34.864052,41.43767,44.697986,-0.000162,-8.2e-05,-8e-05,-0.127947,-0.002816,-0.234554,0.000449,0.000632,0.000493,0.000694,0.000528,0.000743,0.003214,0.196132,0.044336,0.039968,0.142857,-1.0,0.285714,0.571429,-2.0,0.114035,0.118421,0.165975,-0.00283,0.00038,0.133553,-0.854949,13.0,2.0,1.0,1.0,0.0,-0.258819,-0.965926,0.587785,-0.809017,41.770261,-6.9e-05,-0.00045,45.377733,-4.8e-05,4.2e-05,44.963953,-4.2e-05,-0.000591,-0.332592,-1.1e-05
60,55792807908,NZDUSD,BUY,0.58401,0.58332,2026-03-18 15:17:12.984812,2026-03-18 17:30:06.000000,-690.0,-6.9,SL_HIT,0,,bollinger_bounce,10.0,0.0,0.0,,132,,,1.06,-1.0,,,,,0.00057,30.73,0,,,,-0.000821,-0.002545,-0.00229,-0.003686,-0.004094,-0.003499,0.585364,-0.002518,0.585618,-0.002951,0.585915,-0.003456,0.585773,-0.003214,0.585162,-0.002173,0.58524,0.585609,0.585734,-0.00094,-0.000264,0.001287,-0.000631,22.395613,30.733958,35.348371,-0.00037,-0.000167,-0.000203,-0.368569,-0.409354,-0.349865,0.000683,0.00117,0.000569,0.000975,0.000503,0.000861,0.004281,-0.189241,0.066309,0.057123,0.888889,-1.0,0.0,0.111111,-2.0,0.023529,0.023529,0.017647,-0.004265,0.000103,0.317197,-0.874836,14.0,2.0,1.0,1.0,0.0,-0.5,-0.866025,0.587785,-0.809017,34.115929,-0.000145,-0.001725,43.46001,-8.9e-05,0.000256,41.240577,-9.3e-05,0.000462,-3.381971,-5.7e-05
59,55792806756,AUDUSD,BUY,0.70812,0.70723,2026-03-18 15:17:10.611778,2026-03-18 17:30:22.000000,-870.0,-8.9,SL_HIT,0,,bollinger_bounce,10.0,0.0,0.0,,133,,,1.1,-1.0,,,,,0.00075,29.67,0,,,,-0.000931,-0.002817,-0.00262,-0.003841,-0.00457,-0.004751,0.709917,-0.002728,0.710387,-0.003388,0.710879,-0.004078,0.710571,-0.003646,0.708678,-0.000985,0.709793,0.710351,0.710542,-0.001353,-0.000258,0.003106,-0.000786,22.431427,29.669483,34.192574,-0.000558,-0.000291,-0.000267,-0.384123,-0.456955,-0.475146,0.000895,0.001264,0.000746,0.001053,0.000661,0.000933,0.005031,-0.173548,0.072205,0.063421,0.891892,-1.0,0.067568,0.040541,-2.0,0.009036,0.008499,0.006849,-0.004944,4.2e-05,0.374097,-0.847403,14.0,2.0,1.0,1.0,0.0,-0.5,-0.866025,0.587785,-0.809017,33.12031,-0.000194,-0.001887,42.422513,-0.000126,0.000197,40.809713,-0.000139,0.000761,-3.450827,-7.3e-05
61,55792807351,USDCAD,SELL,1.36978,1.37074,2026-03-18 15:17:11.933107,2026-03-18 17:44:13.000000,-700.35,-9.6,SL_HIT,0,,sma_crossover,10.0,0.0,0.0,,147,,,1.45,-1.0,,,,,0.00059,52.0,0,,,,0.000175,0.000716,0.000497,0.000336,0.000504,-0.000737,1.369463,0.00029,1.369734,9.2e-05,1.369776,6.1e-05,1.369721,0.000101,1.36907,0.000577,1.369555,1.369695,1.369725,-0.000228,1e-05,0.000515,-0.000102,56.892923,51.995036,51.145143,-0.000139,-0.000135,-5e-06,0.033591,0.050395,-0.073676,0.000689,0.000503,0.00059,0.000431,0.000531,0.000387,0.001765,0.551897,0.023065,0.023273,0.533333,1.0,0.133333,0.333333,2.0,0.785185,0.42915,0.451362,-0.001029,0.000774,0.341368,-0.855882,14.0,2.0,1.0,1.0,0.0,-0.5,-0.866025,0.587785,-0.809017,49.178065,-4.8e-05,0.000541,38.915296,-8.7e-05,-0.000219,42.116956,-6.4e-05,-0.000358,2.816971,4.3e-05
62,55793290312,AUDUSD,BUY,0.70725,0.70642,2026-03-18 15:32:07.049927,2026-03-18 17:46:17.000000,-830.0,-8.3,SL_HIT,0,,bollinger_bounce,10.0,0.0,0.0,,134,,,1.34,-1.0,,,,,0.00078,26.26,0,,,,-0.000777,-0.002032,-0.003916,-0.002961,-0.005429,-0.005708,0.709508,-0.003253,0.710172,-0.004186,0.710796,-0.005059,0.710554,-0.00472,0.708692,-0.002105,0.709364,0.710102,0.710403,-0.001812,-0.000536,0.002969,-0.001039,18.396244,26.260518,31.214794,-0.000738,-0.000383,-0.000355,-0.296067,-0.542852,-0.570818,0.000929,0.001313,0.000775,0.001097,0.000679,0.00096,0.006435,-0.150449,0.074011,0.065376,0.705128,-1.0,0.025641,0.269231,-3.0,0.050971,0.046771,0.039326,-0.006052,0.000297,0.472425,-0.788622,14.0,2.0,1.0,1.0,0.0,-0.5,-0.866025,0.587785,-0.809017,28.629961,-0.000282,-0.001256,33.12031,-0.000194,-0.001887,42.422513,-0.000126,0.000197,-2.369443,-7.3e-05
63,55793291181,NZDUSD,BUY,0.58322,0.58266,2026-03-18 15:32:09.028544,2026-03-18 17:50:03.000000,-610.0,-5.6,SL_HIT,0,,bollinger_bounce,10.0,0.0,0.0,,137,,,1.64,-1.0,,,,,0.00059,26.99,0,,,,-0.000685,-0.001917,-0.003639,-0.002923,-0.005134,-0.004421,0.585039,-0.003058,0.585477,-0.003803,0.585852,-0.004442,0.585757,-0.00428,0.58516,-0.003265,0.584902,0.585418,0.585627,-0.001388,-0.000479,0.001182,-0.000881,18.065033,26.994416,32.118347,-0.000516,-0.00024,-0.000276,-0.292328,-0.513424,-0.4421,0.000712,0.001221,0.000594,0.001018,0.000518,0.000888,0.005761,-0.160131,0.068034,0.059624,0.701754,-1.0,0.052632,0.245614,-3.0,0.044164,0.042813,0.033981,-0.005366,0.00024,0.561737,-0.708367,14.0,2.0,1.0,1.0,0.0,-0.5,-0.866025,0.587785,-0.809017,29.282544,-0.000218,-0.001232,34.115929,-0.000145,-0.001725,43.46001,-8.9e-05,0.000256,-2.288128,-5.8e-05
66,55793830936,NZDUSD,BUY,0.58296,0.5823,2026-03-18 15:47:07.872950,2026-03-18 17:54:44.000000,-660.0,-6.6,SL_HIT,0,,bollinger_bounce,10.0,0.0,0.0,,127,,,1.3,-1.0,,,,,0.00061,25.27,0,,,,-0.000206,-0.001268,-0.002498,-0.003964,-0.004984,-0.004815,0.584725,-0.003104,0.585324,-0.004125,0.58579,-0.004916,0.585745,-0.00484,0.585154,-0.003835,0.584567,0.585217,0.585512,-0.001817,-0.000718,0.001086,-0.001111,16.202901,25.270419,30.5802,-0.00065,-0.000325,-0.000325,-0.396425,-0.498438,-0.48145,0.000717,0.00123,0.000607,0.001041,0.000528,0.000905,0.007115,-0.079745,0.069577,0.0609,0.333333,-1.0,0.5,0.166667,-4.0,0.017595,0.016997,0.013699,-0.005953,0.000103,0.396446,-0.861509,14.0,2.0,1.0,1.0,0.0,-0.5,-0.866025,0.587785,-0.809017,25.882086,-0.00029,-0.001062,29.282544,-0.000218,-0.001232,34.115929,-0.000145,-0.001725,-0.611667,-3.5e-05
64,55793291527,USDCHF,BUY,0.78685,0.78788,2026-03-18 15:32:09.663915,2026-03-18 17:57:55.000000,1383.46,10.3,TP_HIT,1,,macd_crossover,10.0,0.0,0.0,,145,,,1.29,1.29,,,,,0.00057,50.0,0,,,,0.000343,0.000432,0.001387,0.000471,0.001209,0.000407,0.786161,0.000736,0.786349,0.000497,0.785766,0.00124,0.785555,0.001508,0.786692,6.1e-05,0.786242,0.786096,0.785901,0.000503,0.001011,-0.001177,0.000186,62.061981,57.851315,56.84296,0.000146,0.000145,1e-06,0.047052,0.120897,0.040691,0.000664,0.000844,0.000572,0.000727,0.000486,0.000617,0.002286,0.717261,0.042809,0.046311,0.428571,1.0,0.555556,0.015873,3.0,0.790419,0.631579,0.734483,-0.000979,0.001678,0.523392,-0.746926,14.0,2.0,1.0,1.0,0.0,-0.5,-0.866025,0.587785,-0.809017,55.156998,-3.8e-05,8.9e-05,54.456116,-7.1e-05,0.000955,46.070051,-0.000113,-0.00014,2.694317,3.9e-05
65,55793830392,AUDUSD,BUY,0.7064,0.70558,2026-03-18 15:47:06.960136,2026-03-18 18:01:43.000000,-820.0,-8.2,SL_HIT,0,,bollinger_bounce,10.0,0.0,0.0,,134,,,1.5,-1.0,,,,,0.00082,23.36,0,,,,-0.000439,-0.001907,-0.003161,-0.004846,-0.005966,-0.006805,0.709035,-0.003716,0.709906,-0.004939,0.7107,-0.00605,0.710533,-0.005817,0.708696,-0.00324,0.708844,0.709794,0.710227,-0.002343,-0.000883,0.002828,-0.001338,15.265884,23.364119,28.575848,-0.00095,-0.000503,-0.000447,-0.484616,-0.596645,-0.680502,0.00099,0.001401,0.000821,0.001163,0.000707,0.001,0.008137,-0.106939,0.07748,0.067897,0.492063,-1.0,0.349206,0.15873,-4.0,0.021277,0.019881,0.016584,-0.006979,0.000142,0.495433,-0.814058,14.0,2.0,1.0,1.0,0.0,-0.5,-0.866025,0.587785,-0.809017,24.457225,-0.000386,-0.001469,28.629961,-0.000282,-0.001256,33.12031,-0.000194,-0.001887,-1.093107,-6.1e-05
67,55793290530,USDCAD,BUY,1.37026,1.37141,2026-03-18 15:32:07.731911,2026-03-18 18:03:20.000000,838.55,11.5,TP_HIT,1,,macd_crossover,10.0,0.0,0.0,,151,,,1.44,1.44,,,,,0.00061,50.0,0,,,,0.000394,0.000416,0.000957,0.00038,0.000869,-0.00062,1.369561,0.000459,1.369681,0.000371,1.369797,0.000287,1.369724,0.00034,1.369073,0.000816,1.369626,1.369717,1.369735,-0.000172,-3.1e-05,0.000529,-6.7e-05,63.160834,55.788686,53.873604,-9.1e-05,-0.000129,3.7e-05,0.037965,0.086925,-0.061997,0.000716,0.000523,0.000612,0.000446,0.000544,0.000397,0.001554,0.738837,0.023918,0.024065,0.75,1.0,0.152778,0.097222,3.0,0.926667,0.562753,0.579767,-0.000788,0.001014,0.363123,-0.823786,14.0,2.0,1.0,1.0,0.0,-0.5,-0.866025,0.587785,-0.809017,49.548135,-1.8e-05,2.2e-05,49.178065,-4.8e-05,0.000541,38.915296,-8.7e-05,-0.000219,6.240551,5.5e-05
68,55794355822,EURUSD,BUY,1.1504699999999999,1.14943,2026-03-18 16:02:05.352659,2026-03-18 18:12:29.000000,-1040.0,-10.4,SL_HIT,0,,bollinger_bounce,10.0,0.0,0.0,,130,,,1.4,-1.0,,,,,0.001,32.93,0,,,,-0.000252,-0.001042,-0.001848,-0.003663,-0.003059,-0.002073,1.15299,-0.00222,1.153164,-0.002371,1.153494,-0.002656,1.153454,-0.002621,1.151594,-0.001011,1.152571,1.153105,1.153291,-0.000437,-0.000251,0.00165,-0.000463,24.396867,32.926337,36.479629,-0.000534,-0.000159,-0.000375,-0.366342,-0.305903,-0.207318,0.00116,0.001009,0.001,0.000869,0.000829,0.000721,0.004251,-0.057779,0.062691,0.053923,0.563636,-1.0,0.218182,0.218182,-5.0,0.023033,0.023033,0.023033,-0.004424,0.000104,0.448175,-0.785197,15.0,2.0,1.0,1.0,0.0,-0.707107,-0.707107,0.587785,-0.809017,34.090054,-0.000294,-0.00079,38.003771,-0.000168,-0.000807,42.650444,-4.6e-05,-0.000789,-1.163717,-8.1e-05
72,55794359142,NZDUSD,BUY,0.58212,0.58134,2026-03-18 16:02:10.751984,2026-03-18 18:16:04.000000,-780.0,-7.8,SL_HIT,0,,bollinger_bounce,10.0,0.0,0.0,,133,,,1.05,-1.0,,,,,0.00064,21.32,0,,,,-0.000258,-0.001801,-0.002861,-0.005808,-0.006691,-0.006165,0.584255,-0.003894,0.585105,-0.005341,0.585702,-0.006354,0.585709,-0.006366,0.58514,-0.005401,0.584068,0.584924,0.585344,-0.00247,-0.001031,0.00096,-0.001464,12.284034,21.317568,26.91332,-0.000856,-0.000441,-0.000415,-0.580819,-0.669056,-0.616472,0.000763,0.001311,0.000642,0.001103,0.000549,0.000943,0.009295,-0.074598,0.071418,0.064957,0.405405,-1.0,0.459459,0.135135,-5.0,0.011547,0.011236,0.009434,-0.00756,8.6e-05,0.532357,-0.800913,15.0,2.0,1.0,1.0,0.0,-0.707107,-0.707107,0.587785,-0.809017,21.905447,-0.000375,-0.001544,25.882086,-0.00029,-0.001062,29.282544,-0.000218,-0.001232,-0.587879,-4e-05
70,55794358206,AUDUSD,BUY,0.70554,0.70456,2026-03-18 16:02:09.096398,2026-03-18 18:16:05.000000,-950.0,-9.8,SL_HIT,0,,bollinger_bounce,10.0,0.0,0.0,,133,,,1.14,-1.0,,,,,0.00084,20.35,0,,,,-0.000524,-0.001854,-0.00332,-0.006451,-0.007416,-0.007904,0.708445,-0.004298,0.709594,-0.00591,0.710582,-0.007293,0.710489,-0.007162,0.708694,-0.004648,0.708232,0.709425,0.710014,-0.003008,-0.00126,0.002664,-0.001682,12.237432,20.347062,25.723949,-0.001193,-0.000649,-0.000544,-0.645089,-0.741554,-0.790414,0.000999,0.001416,0.000841,0.001192,0.000721,0.001022,0.010146,-0.082481,0.07702,0.070067,0.637931,-1.0,0.293103,0.068966,-5.0,0.007092,0.0067,0.005739,-0.008407,5.7e-05,0.475575,-0.820019,15.0,2.0,1.0,1.0,0.0,-0.707107,-0.707107,0.587785,-0.809017,21.418641,-0.000487,-0.00133,24.457225,-0.000386,-0.001469,28.629961,-0.000282,-0.001256,-1.071579,-5.7e-05
71,55794358788,USDCAD,SELL,1.37125,1.37191,2026-03-18 16:02:10.007192,2026-03-18 18:16:05.000000,-481.08,-6.6,SL_HIT,0,,bollinger_bounce,10.0,0.0,0.0,,133,,,1.42,-1.0,,,,,0.00064,65.19,0,,,,0.000336,0.000576,0.001183,0.001746,0.001044,0.000774,1.369873,0.00102,1.369741,0.001117,1.369866,0.001025,1.369746,0.001113,1.369097,0.001587,1.370065,1.369925,1.369846,5e-06,-4e-06,0.000561,0.000102,75.851345,65.1889,61.168348,0.000139,-4.7e-05,0.000186,0.174595,0.104392,0.07736,0.000737,0.000537,0.00064,0.000467,0.000564,0.000411,0.001838,1.107646,0.026078,0.024421,0.821429,1.0,0.0,0.178571,5.0,1.0,1.0,1.0,0.0,0.001801,0.378225,-0.842386,15.0,2.0,1.0,1.0,0.0,-0.707107,-0.707107,0.587785,-0.809017,61.48279,0.000121,0.000241,58.54261,5.6e-05,0.000606,49.548135,-1.8e-05,2.2e-05,3.70611,6.5e-05
69,55794357352,XAUUSD,BUY,4857.08,4841.97,2026-03-18 16:02:07.997816,2026-03-18 18:16:35.000000,-15.22,-1511.0,SL_HIT,0,,bollinger_bounce,0.01,0.0,0.0,,134,,,1.77,-1.0,,,,,16.7712,9.56,0,,,,-0.004665,-0.004022,-0.008696,-0.014496,-0.023938,-0.026901,4918.419,-0.012134,4952.9665,-0.019024,4980.6696,-0.024481,4992.8631,-0.026863,5001.75555,-0.028593,4918.117066,4948.763273,4969.431049,-0.012498,-0.007991,-0.004216,-0.006193,5.572079,9.560738,13.693524,-30.646206,-19.525185,-11.121021,-1.449634,-2.393781,-2.690134,21.132863,0.004349,16.771202,0.003452,13.067183,0.002689,0.03592,-0.02963,0.159052,0.143767,0.798107,-1.0,0.0,0.201893,-1.0,0.045251,0.040359,0.035268,-0.028188,0.001185,0.454233,-0.734532,15.0,2.0,1.0,1.0,0.0,-0.707107,-0.707107,0.587785,-0.809017,11.762002,-10.307308,0.000646,9.072711,-10.221837,-0.004693,11.435809,-8.703746,-0.001438,-2.201265,-0.813713
73,55794868691,EURUSD,BUY,1.1491,1.15068,2026-03-18 16:17:05.985920,2026-03-18 18:29:57.000000,1580.0,15.8,TP_HIT,1,,bollinger_bounce,10.0,0.0,0.0,,132,,,1.55,1.55,,,,,0.00104,28.44,0,,,,-0.000348,-0.00139,-0.00218,-0.003771,-0.004212,-0.002535,1.152413,-0.002857,1.152973,-0.003342,1.153393,-0.003705,1.153423,-0.003731,1.151598,-0.002152,1.151922,1.152748,1.153093,-0.00085,-0.00039,0.001559,-0.000716,19.161483,28.438095,32.555489,-0.000826,-0.000304,-0.000522,-0.377123,-0.421151,-0.253463,0.001207,0.00105,0.00104,0.000905,0.000856,0.000745,0.005555,-0.101626,0.064297,0.055611,0.645161,-1.0,0.33871,0.016129,-6.0,0.00156,0.00156,0.00156,-0.005569,9e-06,0.260317,-0.8872,15.0,2.0,1.0,1.0,0.0,-0.707107,-0.707107,0.587785,-0.809017,29.74058,-0.000433,-0.001043,34.090054,-0.000294,-0.00079,38.003771,-0.000168,-0.000807,-1.302486,-8.9e-05
74,55794869253,GBPUSD,BUY,1.33052,1.33213,2026-03-18 16:17:06.865796,2026-03-18 18:30:07.000000,1610.0,16.1,TP_HIT,1,,bollinger_bounce,10.0,0.0,0.0,,133,,,1.41,1.41,,,,,0.0011,27.22,0,,,,-0.000188,-0.000721,-0.001351,-0.003251,-0.003774,-0.00296,1.333647,-0.002375,1.334474,-0.002993,1.335346,-0.003644,1.335259,-0.003579,1.333124,-0.001983,1.333214,1.334325,1.334849,-0.001273,-0.000588,0.001667,-0.000832,18.23774,27.221401,31.565514,-0.001111,-0.000557,-0.000554,-0.325137,-0.377381,-0.296007,0.001255,0.000943,0.001099,0.000826,0.000916,0.000688,0.005457,-0.048413,0.056271,0.048349,0.423729,-1.0,0.40678,0.169492,-6.0,0.014881,0.014881,0.014164,-0.004976,7.5e-05,0.247591,-0.881274,15.0,2.0,1.0,1.0,0.0,-0.707107,-0.707107,0.587785,-0.809017,27.982441,-0.000503,-0.000533,30.209733,-0.000399,-0.00063,33.10451,-0.000267,-0.001035,-0.761039,-5.1e-05
75,55794870224,XAUUSD,BUY,4846.71,4870.66,2026-03-18 16:17:08.818328,2026-03-18 18:40:55.000000,24.01,2395.0,TP_HIT,1,,bollinger_bounce,0.01,0.0,0.0,,143,,,1.27,1.27,,,,,17.12724,8.52,0,,,,-0.002805,-0.007485,-0.006845,-0.012927,-0.024737,-0.028901,4906.116,-0.012463,4945.75,-0.020377,4977.4808,-0.026622,4991.2417,-0.029306,5001.0347,-0.031206,4906.845447,4941.06528,4964.544949,-0.014338,-0.009114,-0.00471,-0.006926,4.663135,8.52271,12.503697,-34.219833,-22.465902,-11.753931,-1.292677,-2.473701,-2.890066,21.186944,0.004373,17.127239,0.003535,13.38185,0.002762,0.040193,-0.006979,0.159162,0.14567,0.733584,-1.0,0.0,0.266416,-2.0,0.036954,0.031821,0.02808,-0.031086,0.001022,0.35374,-0.827788,15.0,2.0,1.0,1.0,0.0,-0.707107,-0.707107,0.587785,-0.809017,9.549749,-11.129955,-0.004693,11.762002,-10.307308,0.000646,9.072711,-10.221837,-0.004693,-1.027039,-0.623976
76,55794356231,GBPUSD,BUY,1.33127,1.33269,2026-03-18 16:02:06.300462,2026-03-18 19:01:27.000000,1410.0,14.2,TP_HIT,1,,bollinger_bounce,10.0,0.0,0.0,,179,,,1.11,1.11,,,,,0.00108,29.01,0,,,,-0.000278,-0.000908,-0.001942,-0.003645,-0.003198,-0.003481,1.334185,-0.002335,1.334688,-0.002711,1.335446,-0.003277,1.335282,-0.003154,1.333107,-0.001528,1.333764,1.334658,1.335041,-0.000945,-0.000444,0.001755,-0.00067,20.329428,29.006552,33.128664,-0.000894,-0.000413,-0.000481,-0.364537,-0.319769,-0.348127,0.001249,0.000938,0.001079,0.000811,0.000899,0.000675,0.004544,-0.096602,0.057331,0.050037,0.637931,-1.0,0.344828,0.017241,-5.0,0.001656,0.001656,0.001567,-0.00453,8e-06,0.430428,-0.813638,15.0,2.0,1.0,1.0,0.0,-0.707107,-0.707107,0.587785,-0.809017,30.209733,-0.000399,-0.00063,33.10451,-0.000267,-0.001035,38.772163,-0.000118,-0.000869,-1.203181,-8.2e-05
77,55796406311,USDCAD,BUY,1.3711,1.37002,2026-03-18 17:17:13.270673,2026-03-18 19:39:28.000000,-832.1,-10.8,SL_HIT,0,,sma_crossover,10.0,0.0,0.0,,142,,,1.69,-1.0,,,,,0.00073,59.56,0,,,,0.0,-1.5e-05,-0.000459,-0.000284,0.001629,0.001358,1.370862,0.000181,1.370107,0.000732,1.370086,0.000747,1.369801,0.000956,1.369181,0.001409,1.370761,1.370373,1.370117,0.000566,0.000223,0.000661,0.000283,61.233528,59.555267,57.840814,0.000388,0.000229,0.000159,-0.028436,0.162907,0.135841,0.000813,0.000593,0.000725,0.000529,0.000625,0.000456,0.002782,0.763122,0.025178,0.022654,0.0,0.0,0.366667,0.633333,0.0,0.639889,0.639889,0.639889,-0.000948,0.001685,0.252192,-0.859875,16.0,2.0,0.0,1.0,0.0,-0.866025,-0.5,0.587785,-0.809017,59.555267,0.000194,-1.5e-05,59.817132,0.000231,-0.000445,68.325664,0.000267,0.000197,-0.0,-3.5e-05
81,55796731944,AUDUSD,BUY,0.70626,0.70752,2026-03-18 17:32:04.122867,2026-03-18 19:59:24.000000,1280.0,12.6,TP_HIT,1,,rsi_reversal,10.0,0.0,0.0,,147,,,1.27,1.27,,,,,0.0009,33.45,0,,,,0.000184,-0.00058,-0.000637,0.00068,-0.003486,-0.007156,0.706208,-5.4e-05,0.708225,-0.002902,0.709974,-0.005357,0.710236,-0.005725,0.708718,-0.003596,0.706907,0.708198,0.709177,-0.005304,-0.002832,0.001771,-0.001824,35.692011,33.451254,34.731888,-0.001292,-0.001151,-0.00014,0.068019,-0.348555,-0.715631,0.000981,0.00139,0.000901,0.001275,0.000781,0.001106,0.012443,0.266811,0.075115,0.071422,0.342105,1.0,0.5,0.157895,1.0,0.395683,0.242291,0.211268,-0.007307,0.002337,0.219644,-0.837905,16.0,2.0,0.0,1.0,0.0,-0.866025,-0.5,0.587785,-0.809017,32.157103,-0.000203,-0.000764,34.764757,-0.000258,-5.7e-05,34.959751,-0.000363,0.001389,1.294151,6.3e-05
79,55795687455,AUDUSD,BUY,0.70636,0.70767,2026-03-18 16:47:04.383709,2026-03-18 19:59:35.000000,1310.0,13.1,TP_HIT,1,,rsi_reversal,10.0,0.0,0.0,,192,,,1.44,1.44,,,,,0.00089,32.5,0,,,,0.000992,0.000921,0.001744,-0.000524,-0.004173,-0.006303,0.707147,-0.001141,0.708896,-0.003606,0.71026,-0.005519,0.710381,-0.005688,0.708705,-0.003337,0.707297,0.708683,0.709539,-0.004382,-0.00209,0.002194,-0.001956,34.894328,32.498768,34.130991,-0.001386,-0.001006,-0.000381,-0.052355,-0.417313,-0.630258,0.001019,0.001442,0.000888,0.001258,0.000759,0.001075,0.01251,0.211784,0.083932,0.073332,0.823529,1.0,0.176471,0.0,1.0,0.314335,0.267254,0.233035,-0.007065,0.002577,0.261367,-0.874346,15.0,2.0,1.0,1.0,0.0,-0.707107,-0.707107,0.587785,-0.809017,25.446397,-0.000489,-7.1e-05,25.623961,-0.000537,0.000823,19.579301,-0.000563,-0.000935,7.052371,0.000109
78,55794869608,USDJPY,SELL,159.57,159.415,2026-03-18 16:17:07.516414,2026-03-18 20:00:05.000000,18.47,15.5,TP_HIT,1,,bollinger_bounce,0.19,0.0,0.0,,222,,,1.43,1.43,,,,,0.10566,76.07,0,,,,6.3e-05,0.000803,0.001299,0.002948,0.003528,0.003983,159.221,0.002211,159.09515,0.003004,158.9523,0.003905,158.96181,0.003845,159.069025,0.003168,159.253552,159.101306,159.021247,0.00169,0.000839,-0.000734,0.000957,84.859801,76.071796,70.981327,0.152247,0.08952,0.062727,0.294776,0.352804,0.398263,0.116239,0.000728,0.105658,0.000662,0.094892,0.000595,0.00539,1.057241,0.04914,0.04068,0.277778,1.0,0.055556,0.666667,6.0,0.983942,0.984012,0.989184,-6.9e-05,0.004243,0.308287,-0.859598,15.0,2.0,1.0,1.0,0.0,-0.707107,-0.707107,0.587785,-0.809017,75.826895,0.058063,0.00074,72.7736,0.045709,0.000496,70.453522,0.033328,0.001313,0.244901,0.004664
80,55796404734,AUDUSD,BUY,0.70666,0.70792,2026-03-18 17:17:10.456492,2026-03-18 20:00:37.000000,1260.0,12.6,TP_HIT,1,,rsi_reversal,10.0,0.0,0.0,,163,,,1.31,1.31,,,,,0.00089,34.86,0,,,,1.4e-05,-4.2e-05,0.001346,0.002099,-0.004775,-0.006175,0.70651,0.000113,0.708507,-0.002706,0.710075,-0.004908,0.710294,-0.005215,0.708717,-0.003002,0.707125,0.708401,0.709322,-0.00502,-0.002517,0.001915,-0.001801,38.712043,34.862573,35.860801,-0.001276,-0.001108,-0.000168,0.209896,-0.477478,-0.617458,0.000974,0.001379,0.000887,0.001255,0.000769,0.001088,0.012525,0.283984,0.083081,0.07186,0.0,0.0,0.947368,0.052632,0.0,0.373646,0.303965,0.265045,-0.006708,0.00293,0.2158,-0.875257,16.0,2.0,0.0,1.0,0.0,-0.866025,-0.5,0.587785,-0.809017,34.764757,-0.000258,-5.7e-05,34.959751,-0.000363,0.001389,25.446397,-0.000489,-7.1e-05,0.097816,9e-05
86,55796731486,USDJPY,SELL,159.498,159.354,2026-03-18 17:32:03.425053,2026-03-18 23:00:14.000000,19.88,14.4,TP_HIT,1,,rsi_reversal,0.22,0.0,0.0,,328,,,1.47,1.48,,,,,0.09637,69.69,0,,,,-1.9e-05,2.5e-05,1.3e-05,9.4e-05,0.002483,0.003757,159.452,0.000295,159.2247,0.001723,158.99854,0.003148,158.98902,0.003208,159.0791,0.00264,159.387385,159.224391,159.105335,0.002852,0.001482,-0.000506,0.001024,72.542544,69.690563,66.61182,0.162994,0.138168,0.024826,0.009405,0.248265,0.375703,0.09192,0.000576,0.096368,0.000604,0.092087,0.000577,0.006282,0.774228,0.039318,0.038463,0.083333,-1.0,0.166667,0.75,-1.0,0.822917,0.875912,0.916421,-0.000533,0.003762,0.229549,-0.817016,16.0,2.0,0.0,1.0,0.0,-0.866025,-0.5,0.587785,-0.809017,69.962046,0.032708,4.4e-05,69.706357,0.040322,-1.3e-05,69.864134,0.04801,-9.4e-05,-0.271483,-0.007882
85,55796403987,USDJPY,SELL,159.492,159.339,2026-03-18 17:17:08.441457,2026-03-18 23:00:17.000000,21.12,15.3,TP_HIT,1,,rsi_reversal,0.22,0.0,0.0,,343,,,1.6,1.6,,,,,0.09944,69.12,0,,,,-4.4e-05,-5.6e-05,-0.00015,-0.00047,0.003227,0.003372,159.4111,0.000482,159.19415,0.001846,158.98856,0.003141,158.98235,0.003181,159.076555,0.002586,159.364937,159.201385,159.088718,0.002658,0.001332,-0.000553,0.001027,71.363909,69.118011,66.204462,0.163552,0.131738,0.031815,-0.047003,0.322692,0.337209,0.09824,0.000616,0.099435,0.000623,0.093359,0.000585,0.00629,0.793444,0.041274,0.039424,0.21875,-1.0,0.09375,0.6875,-3.0,0.8464,0.860465,0.905605,-0.000602,0.003712,0.171555,-0.878525,16.0,2.0,0.0,1.0,0.0,-0.866025,-0.5,0.587785,-0.809017,69.706357,0.040322,-1.3e-05,69.864134,0.04801,-9.4e-05,70.983061,0.054404,0.000176,-0.588346,-0.008508
82,55794356743,USDJPY,SELL,159.491,159.334,2026-03-18 16:02:07.024129,2026-03-18 23:00:18.000000,19.71,15.7,TP_HIT,1,,bollinger_bounce,0.2,0.0,0.0,,418,,,1.5,1.5,,,,,0.10452,74.05,0,,,,0.000289,0.000784,0.002099,0.003246,0.003189,0.003909,159.1577,0.002094,159.0599,0.00271,158.94072,0.003462,158.95577,0.003367,159.067035,0.002665,159.184394,159.058237,158.995903,0.001365,0.000655,-0.000794,0.000793,82.649616,74.051297,69.169299,0.126157,0.072689,0.053468,0.324579,0.3189,0.390886,0.116613,0.000731,0.104516,0.000655,0.093823,0.000588,0.004401,1.115829,0.047679,0.039709,0.779661,1.0,0.033898,0.186441,5.0,0.996633,0.996845,0.99784,-1.3e-05,0.003963,0.420586,-0.797918,15.0,2.0,1.0,1.0,0.0,-0.707107,-0.707107,0.587785,-0.809017,72.7736,0.045709,0.000496,70.453522,0.033328,0.001313,62.630739,0.018135,0.000333,1.277697,0.007759
83,55795687261,USDJPY,SELL,159.484,159.328,2026-03-18 16:47:03.675707,2026-03-18 23:00:18.000000,19.46,15.6,TP_HIT,1,,rsi_reversal,0.2,0.0,0.0,,373,,,1.48,1.48,,,,,0.10471,68.99,0,,,,-0.000169,6e-06,-0.000489,0.000747,0.002527,0.003372,159.3111,0.001092,159.1444,0.00214,158.96872,0.003248,158.9706,0.003236,159.07224,0.002595,159.313,159.152244,159.054702,0.002154,0.001093,-0.000651,0.00101,71.344674,68.994074,66.095725,0.160757,0.113512,0.047245,0.074671,0.252698,0.337215,0.110517,0.000693,0.104714,0.000657,0.095314,0.000598,0.005873,0.864426,0.046306,0.042418,0.509434,-1.0,0.245283,0.245283,-1.0,0.843602,0.856105,0.902655,-0.000621,0.003693,0.195801,-0.869372,15.0,2.0,1.0,1.0,0.0,-0.707107,-0.707107,0.587785,-0.809017,70.983061,0.054404,0.000176,70.154531,0.057047,-0.000495,75.826895,0.058063,0.00074,-1.988987,-0.007159
84,55796027127,USDJPY,SELL,159.464,159.305,2026-03-18 17:02:04.202668,2026-03-18 23:00:26.000000,20.83,15.9,TP_HIT,1,,rsi_reversal,0.21,0.0,0.0,,358,,,1.63,1.63,,,,,0.10234,66.98,0,,,,-0.000238,-0.000332,-0.000157,8.8e-05,0.002761,0.002584,159.3562,0.000645,159.16555,0.001844,158.9783,0.003024,158.97585,0.003039,159.07429,0.002418,159.337024,159.175789,159.071009,0.002377,0.001193,-0.000603,0.001013,67.132387,66.983475,64.736508,0.161234,0.12321,0.038025,0.00878,0.276066,0.258413,0.104708,0.000657,0.102337,0.000642,0.094489,0.000593,0.006119,0.801311,0.044508,0.041976,0.745098,-1.0,0.058824,0.196078,-2.0,0.802528,0.818314,0.877089,-0.000784,0.003531,0.138036,-0.905077,16.0,2.0,0.0,1.0,0.0,-0.866025,-0.5,0.587785,-0.809017,69.864134,0.04801,-9.4e-05,70.983061,0.054404,0.000176,70.154531,0.057047,-0.000495,-2.880659,-0.009986
87,55792804572,USDJPY,BUY,159.16,159.633,2026-03-18 15:17:06.279474,2026-03-18 23:46:13.000000,68.29,47.3,TP_HIT,1,,sma_crossover,0.23,0.0,0.0,,509,,,4.94,4.93,,,,,0.09485,67.62,0,,,,0.000346,0.001157,0.000874,0.001479,0.001561,0.002065,159.0222,0.00086,158.96635,0.001212,158.91028,0.001565,158.94372,0.001354,159.06402,0.000597,159.017823,158.959965,158.939906,0.000704,0.000142,-0.000967,0.000364,67.622274,62.718449,59.754217,0.057858,0.039595,0.018263,0.147869,0.156062,0.206509,0.104352,0.000656,0.094852,0.000596,0.087787,0.000552,0.002406,1.00375,0.039385,0.035969,0.982143,1.0,0.017857,0.0,2.0,0.996169,0.997619,0.998314,-6e-06,0.002633,0.289906,-0.878359,14.0,2.0,1.0,1.0,0.0,-0.5,-0.866025,0.587785,-0.809017,60.146051,0.013083,0.000811,53.097832,0.008814,-0.000283,56.324415,0.01394,-0.000396,2.572398,0.00518
88,55797382205,USDCAD,SELL,1.3698000000000001,1.37262,2026-03-18 18:05:06.218628,2026-03-19 00:59:40.000000,-410.89,-28.2,SL_HIT,0,,macd_crossover,2.0,0.0,0.0,,414,,,1.46,-1.0,,,,,0.00115,50.0,0,,,,2.2e-05,-0.001021,-0.000788,-2.9e-05,-0.000117,-1.5e-05,1.370042,-0.000228,1.369721,7e-06,1.369261,0.000343,1.368237,0.001091,1.363358,0.004674,1.369938,1.369759,1.369295,0.000571,0.001085,0.00433,0.000131,47.657328,49.904515,50.907304,0.000179,0.000188,-9e-06,-0.00292,-0.01168,-0.00146,0.001233,0.0009,0.001155,0.000843,0.001176,0.000858,0.002072,0.503172,0.058918,0.044154,0.036145,1.0,0.554217,0.409639,1.0,0.257618,0.285333,0.624123,-0.001957,0.000781,0.252042,-0.909055,17.0,2.0,0.0,1.0,0.0,-0.965926,-0.258819,0.587785,-0.809017,49.73245,2.4e-05,-0.001043,58.648722,7.6e-05,0.000233,57.048611,3e-06,0.00141,0.172065,-3.3e-05
89,55797381996,XAUUSD,BUY,4870.22,4820.1,2026-03-18 18:05:05.536668,2026-03-19 01:16:25.000000,-50.12,-5012.0,SL_HIT,0,,rsi_reversal,0.01,0.0,0.0,,431,,,1.5,-1.0,,,,,25.08071,18.48,0,,,,0.000133,-0.001628,-0.002305,-0.019646,-0.025486,-0.02668,4938.171,-0.013752,4968.0675,-0.019687,4993.4922,-0.024679,5034.7593,-0.032673,5091.94055,-0.043536,4929.695615,4962.316362,4988.783239,-0.011079,-0.013246,-0.019334,-0.006574,10.081488,18.478693,24.486818,-32.620747,-18.849874,-13.770873,-1.964629,-2.548608,-2.667994,29.422039,0.006041,25.08071,0.00515,23.116882,0.004747,0.040858,0.01815,0.298859,0.235828,0.069502,1.0,0.540456,0.390041,1.0,0.198155,0.198155,0.171563,-0.029986,0.00741,0.177249,-0.917953,17.0,2.0,0.0,1.0,0.0,-0.965926,-0.258819,0.587785,-0.809017,18.14561,-13.771624,-0.001761,19.103441,-12.330729,-0.000678,19.471198,-9.701142,-0.009878,0.333084,0.000752
90,55803842238,XAUUSD,BUY,4825.9,4771.14,2026-03-19 01:05:06.608327,2026-03-19 11:47:17.000000,-54.76,-5476.0,SL_HIT,0,,rsi_reversal,0.01,0.0,0.0,,642,,,1.49,-1.0,,,,,27.25152,23.36,0,,,,0.001604,-0.003597,-0.005644,-0.012542,-0.02121,-0.034613,4860.884,-0.007251,4922.9385,-0.019764,4975.3848,-0.030097,5015.247,-0.037806,5083.87775,-0.050795,4876.059283,4920.212222,4959.155037,-0.023013,-0.018406,-0.021341,-0.008974,21.649441,23.361675,26.277705,-44.15294,-34.402047,-9.750893,-1.254162,-2.121005,-3.461328,30.228679,0.006264,27.251517,0.005647,24.721412,0.005123,0.055025,0.140811,0.343702,0.290307,0.289821,-1.0,0.602953,0.107226,-4.0,0.151009,0.090623,0.079869,-0.03951,0.003937,0.067523,-0.928104,0.0,3.0,0.0,0.0,1.0,0.0,1.0,-0.587785,-0.809017,20.208928,-10.587252,-0.005193,23.077047,-9.784155,-0.002054,24.349112,-9.81883,-0.00765,3.152747,0.836359
92,55809286106,XAUUSD,BUY,4767.62,4711.59,2026-03-19 10:05:04.784366,2026-03-19 13:11:31.000000,-56.11,-5603.0,SL_HIT,0,,rsi_reversal,0.01,0.0,0.0,,186,,,1.51,-1.0,,,,,28.14473,22.78,0,,,,0.000905,-0.012354,-0.016897,-0.018702,-0.010384,-0.040255,4828.117,-0.012476,4849.729,-0.016877,4941.943,-0.035222,4990.24,-0.044559,5071.6695,-0.059899,4829.426563,4871.592201,4918.777115,-0.023033,-0.028157,-0.025579,-0.008655,18.516487,22.783545,25.404137,-42.165639,-38.145382,-4.020257,-1.870234,-1.038417,-4.025476,30.34665,0.006365,28.144732,0.005903,25.77464,0.005406,0.031734,-0.031824,0.374909,0.362395,0.423265,1.0,0.504399,0.072336,1.0,0.169224,0.089185,0.067985,-0.043225,0.004232,0.129461,-0.907895,9.0,3.0,1.0,0.0,0.0,0.707107,-0.707107,-0.587785,-0.809017,21.166666,-2.132013,-0.013247,29.749368,2.037967,-0.0046,34.248007,2.54173,-0.000212,1.616879,-1.888244
91,55802872071,USDCAD,SELL,1.37267,1.37436,2026-03-18 23:05:09.121651,2026-03-19 13:42:36.000000,-247.68,-16.9,SL_HIT,0,,bollinger_bounce,2.0,0.0,0.0,,877,,,2.87,-1.0,,,,,0.00131,60.88,0,,,,1.5e-05,0.00146,0.001409,0.001489,0.001877,0.002016,1.370303,0.001049,1.370078,0.001213,1.369503,0.001633,1.368653,0.002255,1.363456,0.006076,1.370413,1.370042,1.369516,0.000584,0.00104,0.004435,0.000271,67.915019,60.882696,58.372475,0.000371,0.000226,0.000145,0.148938,0.187705,0.20161,0.001459,0.001064,0.001308,0.000953,0.001255,0.000915,0.002383,1.009113,0.060727,0.048075,0.018868,1.0,0.575472,0.40566,2.0,0.815427,0.819407,0.878843,-0.000488,0.002216,0.788053,-0.602537,21.0,2.0,0.0,0.0,0.0,-0.707107,0.707107,0.587785,-0.809017,60.790427,7.6e-05,0.001446,49.934129,-4.1e-05,-5.1e-05,50.392166,-2.6e-05,5.8e-05,0.09227,6.9e-05
93,55807363547,GBPUSD,SELL,1.32715,1.32896,2026-03-19 08:05:03.478599,2026-03-19 14:51:38.000000,-362.0,-18.1,SL_HIT,0,,sma_crossover,2.0,0.0,0.0,,406,,,4.99,-1.0,,,,,0.00181,37.12,0,,,,-6e-05,-0.000745,-0.001167,-0.001039,-0.000399,-0.006602,1.327224,-5.6e-05,1.329838,-0.002021,1.332506,-0.004019,1.330323,-0.002385,1.334925,-0.005825,1.328385,1.330091,1.331125,-0.003964,-0.000364,-0.001813,-0.001283,37.121657,38.196521,40.383415,-0.001706,-0.001595,-0.000111,-0.103874,-0.039919,-0.660194,0.001598,0.001204,0.001791,0.001349,0.001808,0.001362,0.01003,0.298481,0.073152,0.106651,0.266667,-1.0,0.4,0.333333,-3.0,0.438559,0.172213,0.167476,-0.007497,0.00156,0.043076,-0.900345,7.0,3.0,0.0,0.0,1.0,0.965926,-0.258819,-0.587785,-0.809017,38.419483,-0.00015,-0.000685,40.943909,-0.000184,-0.000421,42.541194,-0.000294,0.000286,-0.222962,3.9e-05
94,55803701587,AUDUSD,BUY,0.70314,0.70379,2026-03-19 00:05:12.877744,2026-03-19 16:22:28.000000,167.8,6.5,SL_HIT,1,,bollinger_bounce,2.0,0.0,0.0,,977,,,0.84,0.14,,,,,0.00171,25.78,0,,,,-0.002388,-0.004595,-0.008728,-0.008111,-0.011881,-0.012271,0.706448,-0.006424,0.708784,-0.009698,0.708696,-0.009575,0.70642,-0.006385,0.707701,-0.008184,0.706601,0.707955,0.708059,-0.003172,0.003345,0.001405,-0.001912,15.553491,25.780255,32.428853,-0.001354,-0.000502,-0.000852,-0.811135,-1.188147,-1.22708,0.001927,0.002745,0.001705,0.002429,0.001598,0.002276,0.016557,-0.085726,0.1888,0.147546,0.865979,-1.0,0.061856,0.072165,-3.0,0.015168,0.013258,0.013258,-0.014845,0.000199,0.356032,-0.756749,22.0,2.0,0.0,0.0,0.0,-0.5,0.866025,0.587785,-0.809017,29.440996,-0.000695,-0.002212,33.548581,-0.000555,-0.004152,44.385744,-0.000441,5.6e-05,-3.660741,-0.000156
95,55811574548,XAUUSD,BUY,4714.9,4651.23,2026-03-19 12:05:05.551321,2026-03-19 16:53:38.000000,-63.76,-6367.0,SL_HIT,0,,rsi_reversal,0.01,0.0,0.0,,288,,,1.48,-1.0,,,,,31.56802,18.49,0,,,,0.001074,-0.002851,-0.010328,-0.027931,-0.025326,-0.034239,4799.325,-0.017701,4828.3255,-0.023601,4928.4424,-0.043436,4981.6971,-0.053662,5067.17895,-0.069626,4791.679765,4846.273478,4901.41979,-0.026198,-0.030787,-0.027379,-0.011265,13.792656,18.488638,21.628115,-54.593713,-43.914874,-10.678839,-2.793088,-2.53263,-3.423941,35.493953,0.007529,31.56802,0.006696,27.798352,0.005897,0.045643,-0.017092,0.379521,0.335177,0.423431,1.0,0.564017,0.012552,1.0,0.152804,0.129646,0.079858,-0.039189,0.005837,0.120731,-0.919043,11.0,3.0,1.0,0.0,0.0,0.258819,-0.965926,-0.587785,-0.809017,16.659532,-9.844506,-0.003921,18.036581,-6.574878,-0.007499,21.166666,-2.132013,-0.013247,1.829106,-0.834333
96,55810298993,USDJPY,BUY,159.204,158.832,2026-03-19 11:05:03.926742,2026-03-19 18:04:26.000000,-7.05,-37.2,SL_HIT,0,,bollinger_bounce,0.03,0.0,0.0,,419,,,1.49,-1.0,,,,,0.18549,39.44,0,,,,-0.000195,-0.002981,-0.003187,-0.002675,-0.003543,-0.001518,159.602,-0.0025,159.6074,-0.002534,159.23554,-0.000204,159.28882,-0.000539,158.87649,0.002055,159.527138,159.46425,159.356142,0.002301,0.002,0.00226,0.000394,22.960511,39.43708,44.927247,0.062888,0.13186,-0.068972,-0.267494,-0.354261,-0.151776,0.195257,0.001226,0.185489,0.001165,0.184137,0.001157,0.004672,-0.042279,0.070593,0.067128,0.198718,-1.0,0.5,0.301282,-3.0,0.068017,0.063514,0.478555,-0.004353,0.000295,0.261016,-0.884563,10.0,3.0,1.0,0.0,0.0,0.5,-0.866025,-0.587785,-0.809017,40.399586,-0.048181,-0.002787,59.879752,-0.016305,-0.000207,61.936258,-0.011738,0.000363,-0.962507,-0.020791
99,55817070157,USDJPY,BUY,158.82,158.513,2026-03-19 16:05:06.269711,2026-03-19 18:49:43.000000,-384.83,-30.7,SL_HIT,0,,bollinger_bounce,2.0,0.0,0.0,,164,,,3.28,-1.0,,,,,0.20196,28.51,0,,,,-0.000547,-0.001503,-0.001917,-0.00228,-0.00508,-0.003664,159.2519,-0.002718,159.49545,-0.004241,159.2225,-0.002534,159.26774,-0.002818,158.883515,-0.000406,159.21702,159.314244,159.291721,0.000185,0.00143,0.002134,-0.00061,11.754881,28.511638,36.322003,-0.097224,0.011382,-0.108606,-0.228041,-0.50805,-0.366367,0.215705,0.001358,0.201961,0.001272,0.193699,0.00122,0.00846,-0.001325,0.068255,0.067833,0.701613,-1.0,0.274194,0.024194,-8.0,0.003036,0.002778,0.189616,-0.006781,1.9e-05,0.217037,-0.891842,15.0,3.0,1.0,1.0,0.0,-0.707107,-0.707107,-0.587785,-0.809017,30.658351,-0.103009,-0.000956,34.924341,-0.094884,-0.000415,37.000163,-0.090396,-0.00017,-2.146713,-0.005596
97,55802872288,NZDUSD,SELL,0.58025,0.58332,2026-03-18 23:05:10.465119,2026-03-19 18:54:48.000000,-654.2,-30.7,SL_HIT,0,,sma_crossover,2.0,0.0,0.0,,1189,,,0.69,-1.0,,,,,0.0013,32.58,0,,,,-8.6e-05,-0.004452,-0.004503,-0.004725,-0.008392,-0.00741,0.583505,-0.003659,0.584797,-0.005859,0.584892,-0.006021,0.58379,-0.004145,0.587445,-0.010341,0.583606,0.584353,0.58455,-0.002371,0.001724,-0.004346,-0.001279,24.317405,32.582451,37.34811,-0.000747,-0.000305,-0.000443,-0.472498,-0.839175,-0.740981,0.001496,0.002573,0.001299,0.002234,0.001188,0.002043,0.011693,-0.001111,0.183896,0.139537,0.042373,-1.0,0.491525,0.466102,-3.0,0.098921,0.085803,0.085803,-0.01008,0.000946,1.018825,-0.537987,21.0,2.0,0.0,0.0,0.0,-0.707107,0.707107,0.587785,-0.809017,32.758855,-0.000386,-0.004367,44.054115,-0.000265,-5.1e-05,44.220683,-0.000307,0.000257,-0.176404,-5.7e-05
98,55813312826,USDCHF,BUY,0.79518,0.79214,2026-03-19 13:38:40.142092,2026-03-19 18:55:09.000000,-767.54,-30.4,SL_HIT,0,,macd_crossover,2.0,0.0,0.0,,316,,,1.08,-1.0,,,,,0.00133,50.0,0,,,,0.00131,0.002713,0.003321,0.002346,0.003422,0.007748,0.792571,0.002636,0.792099,0.003233,0.788371,0.007977,0.788546,0.007754,0.78424,0.013287,0.792569,0.791154,0.789702,0.005327,0.004506,0.005268,0.001788,80.140279,74.635198,70.93368,0.001415,0.001387,2.8e-05,0.234612,0.342193,0.77484,0.00155,0.001951,0.001332,0.001676,0.001205,0.001517,0.006623,0.988161,0.056458,0.071068,0.578652,1.0,0.117978,0.303371,3.0,0.830396,0.896783,0.933043,-0.000969,0.008419,0.927152,-0.636642,12.0,3.0,1.0,0.0,0.0,0.0,-1.0,-0.587785,-0.809017,70.760657,-6.5e-05,0.001401,65.544477,-0.000121,0.000606,62.885845,-0.000109,0.0,3.874541,9.3e-05
100,55817070960,AUDUSD,BUY,0.70129,0.70532,2026-03-19 16:05:06.930546,2026-03-19 19:02:21.000000,800.0,40.3,TP_HIT,1,,bollinger_bounce,2.0,0.0,0.0,,177,,,1.47,1.47,,,,,0.00169,35.66,0,,,,-0.001069,-0.004459,-0.005588,-0.003624,-0.004939,-0.009829,0.703526,-0.003406,0.703602,-0.003513,0.707448,-0.008931,0.705862,-0.006704,0.708026,-0.00974,0.703553,0.70473,0.70585,-0.005544,-0.003202,-0.000816,-0.00167,30.772201,35.664872,38.094366,-0.001177,-0.001154,-2.3e-05,-0.362381,-0.49389,-0.982926,0.001783,0.002544,0.001691,0.002411,0.001616,0.002305,0.006885,-0.010269,0.139664,0.143086,0.657895,-1.0,0.140351,0.201754,-4.0,0.042357,0.028152,0.020122,-0.011325,0.000328,0.240027,-0.880492,15.0,3.0,1.0,1.0,0.0,-0.707107,-0.707107,-0.587785,-0.809017,37.716052,0.000124,-0.003394,45.451023,0.000288,-0.001135,48.545512,0.0003,-0.001006,-2.05118,-0.000147
101,55819089906,USDJPY,BUY,158.166,158.257,2026-03-19 17:05:09.133448,2026-03-19 20:56:11.000000,117.53,9.1,SL_HIT,1,,bollinger_bounce,2.0,0.0,0.0,,231,,,3.36,0.25,,,,,0.24521,18.7,0,,,,-0.000335,-0.004625,-0.005577,-0.006158,-0.009289,-0.009766,159.0441,-0.00549,159.3877,-0.007634,159.19336,-0.006422,159.24869,-0.006767,158.879525,-0.00446,158.978639,159.18875,159.225353,-0.000938,0.000873,0.001975,-0.00132,5.771676,18.698445,26.921603,-0.210111,-0.040511,-0.169601,-0.615767,-0.928884,-0.976642,0.293176,0.001854,0.245214,0.00155,0.216504,0.001369,0.012597,-0.105961,0.11314,0.08799,0.323171,-1.0,0.091463,0.585366,-9.0,0.055523,0.052718,0.052718,-0.010906,0.000607,0.301999,-0.882818,16.0,3.0,0.0,1.0,0.0,-0.866025,-0.5,-0.587785,-0.809017,19.279264,-0.146577,-0.004292,30.658351,-0.103009,-0.000956,34.924341,-0.094884,-0.000415,-0.580818,-0.023023
102,55819089303,GBPUSD,SELL,1.33583,1.33948,2026-03-19 17:05:08.081330,2026-03-19 22:23:38.000000,-730.0,-36.5,SL_HIT,0,,bollinger_bounce,2.0,0.0,0.0,,318,,,3.55,-1.0,,,,,0.00255,66.38,0,,,,0.000442,0.004294,0.0048,0.005337,0.006299,0.005027,1.329075,0.004902,1.328176,0.005582,1.332118,0.002606,1.330122,0.004111,1.334788,0.000601,1.330197,1.330018,1.330672,-0.002284,-0.001463,-0.002,0.000134,80.513255,66.380777,60.688028,0.000178,-0.000942,0.00112,0.533685,0.629883,0.502668,0.003048,0.002282,0.002552,0.001911,0.002217,0.00166,0.008282,1.174013,0.114518,0.0994,0.186709,1.0,0.582278,0.231013,4.0,0.857032,0.857032,0.856366,-0.001378,0.008259,0.324718,-0.893526,16.0,3.0,0.0,1.0,0.0,-0.866025,-0.5,-0.587785,-0.809017,65.255203,0.000866,0.00385,52.41832,0.000465,0.000504,50.181772,0.000328,0.000994,1.125574,0.000255
103,55819090459,NZDUSD,SELL,0.5839,0.58604,2026-03-19 17:05:10.091904,2026-03-19 23:58:01.000000,-422.0,-21.4,SL_HIT,0,,bollinger_bounce,2.0,0.0,0.0,,412,,,1.72,-1.0,,,,,0.00146,57.69,0,,,,0.000668,0.005373,0.004007,0.002731,0.003558,0.004093,0.581797,0.003443,0.581204,0.004467,0.583645,0.000266,0.583198,0.001033,0.586826,-0.005156,0.582022,0.582226,0.582876,-0.003166,-0.003418,-0.00542,-0.000352,67.610248,57.689408,53.924784,-0.000205,-0.000586,0.000381,0.273097,0.355835,0.409343,0.001603,0.002746,0.001457,0.002495,0.00133,0.002278,0.008667,1.015342,0.147534,0.135441,0.263514,1.0,0.614865,0.121622,2.0,0.815041,0.855556,0.611111,-0.001559,0.009233,0.31123,-0.89691,16.0,3.0,0.0,1.0,0.0,-0.866025,-0.5,-0.587785,-0.809017,56.105,0.000279,0.004701,41.983413,0.000142,-0.001359,45.956171,0.000201,-0.000138,1.584408,0.000102
104,55823443476,EURUSD,SELL,1.1540300000000001,1.15842,2026-03-19 20:05:04.808376,2026-03-19 23:59:05.000000,-880.0,-43.9,SL_HIT,0,,bollinger_bounce,2.0,0.0,0.0,,234,,,1.79,-1.0,,,,,0.00223,67.29,0,,,,0.000321,0.002197,0.002006,0.004553,0.007597,0.006331,1.149945,0.003474,1.148365,0.004855,1.150716,0.002802,1.149123,0.004192,1.153188,0.000652,1.150408,1.149648,1.149807,-0.00067,-0.00066,-0.002143,0.00066,80.776476,67.291169,61.485485,0.000759,-0.000198,0.000958,0.455293,0.759666,0.633132,0.002499,0.002165,0.002229,0.001932,0.001967,0.001704,0.009263,1.024155,0.092112,0.081085,0.333333,1.0,0.621622,0.045045,2.0,0.933333,0.933333,0.859431,-0.000598,0.008371,0.105518,-0.937717,19.0,3.0,0.0,1.0,0.0,-0.965926,0.258819,-0.587785,-0.809017,66.360241,0.000898,0.001876,60.223378,0.000772,-0.000191,61.280686,0.000736,-0.000122,0.930928,5.9e-05
105,55824610838,GBPUSD,SELL,1.3397999999999999,1.34393,2026-03-19 21:05:05.556734,2026-03-20 00:05:01.000000,-826.0,-41.3,SL_HIT,0,,rsi_reversal,2.0,0.0,0.0,,179,,,3.18,-1.0,,,,,0.00265,71.58,0,,,2.0,-0.000313,0.002229,0.003009,0.003663,0.011009,0.010567,1.33399,0.004423,1.330594,0.006986,1.332426,0.005602,1.330593,0.006987,1.334903,0.003736,1.33434,1.332283,1.331832,0.001174,1e-06,-0.001855,0.001543,82.203392,71.582154,65.838845,0.002056,0.000502,0.001554,0.366292,1.100883,1.056657,0.002949,0.002201,0.002655,0.001981,0.002324,0.001735,0.014527,0.980897,0.111806,0.097325,0.575342,-1.0,0.150685,0.273973,-1.0,0.929892,0.933049,0.933049,-0.000821,0.011441,0.079582,-0.923629,20.0,3.0,0.0,1.0,0.0,-0.866025,0.5,-0.587785,-0.809017,73.191386,0.001542,0.002543,67.739754,0.001349,0.000779,65.762202,0.001279,-0.000427,-1.609232,1.2e-05
106,55841109769,AUDUSD,BUY,0.70322,0.70343,2026-03-20 17:41:43.223948,2026-03-20 21:31:22.000000,40.0,2.1,SL_HIT,1,,bollinger_bounce,2.0,0.0,0.0,,229,,,1.94,0.09,,,,,0.00179,36.46,0,,,2.1,-0.001122,-0.005555,-0.006272,-0.004218,-0.007408,-0.005654,0.707013,-0.004983,0.707694,-0.00594,0.705852,-0.003347,0.707259,-0.00533,0.708411,-0.006947,0.70658,0.706764,0.706729,0.001645,0.000614,-0.003612,-0.00026,25.16952,36.461974,40.976674,-0.000183,0.000362,-0.000546,-0.421816,-0.740751,-0.565379,0.001884,0.002678,0.001791,0.002546,0.00174,0.002473,0.008287,-0.216874,0.147957,0.113676,0.396985,-1.0,0.256281,0.346734,-3.0,0.1,0.085396,0.325114,-0.010505,0.000981,1.459544,-0.291259,16.0,4.0,0.0,1.0,0.0,-0.866025,-0.5,-0.951057,0.309017,38.820435,-0.000382,-0.004439,50.994284,-0.000177,-0.00072,53.525836,-0.000164,0.001996,-2.358461,-0.000163
107,55841108281,XAUUSD,SELL,4576.15,4498.93,2026-03-20 17:41:39.374990,2026-03-23 03:06:07.000000,11915.6,7722.0,SL_HIT,1,,macd_crossover,1.54,0.0,0.0,,3444,,,1.84,1.06,,,,,43.67267,50.0,0,,,2.1,-0.007839,-0.020975,-0.019563,-0.01871,-0.029929,-0.007745,4661.736,-0.017478,4664.2105,-0.017999,4731.4524,-0.031955,4867.7512,-0.05906,5002.84015,-0.084468,4653.267526,4677.764589,4734.703788,-0.014735,-0.041814,-0.054247,-0.005237,27.29758,33.900434,34.81386,-24.497064,-22.325749,-2.171315,-1.870987,-2.99286,-0.774478,46.142753,0.010074,43.672669,0.009535,39.822818,0.008694,0.03135,-0.074123,0.498178,0.431281,0.507939,-1.0,0.086694,0.405367,-2.0,0.157255,0.156428,0.164807,-0.033968,0.006299,1.233377,-0.283408,16.0,4.0,0.0,1.0,0.0,-0.866025,-0.5,-0.951057,0.309017,38.028725,2.759585,-0.01324,47.154926,7.027852,0.001443,45.841676,7.270154,0.005657,-4.128291,-4.9309
108,55841108536,USDCHF,BUY,0.78977,0.78676,2026-03-20 17:41:40.306581,2026-03-23 03:27:49.000000,-762.37,-30.1,SL_HIT,0,,macd_crossover,2.0,0.0,0.0,,3466,,,1.19,-1.0,,,,,0.00139,50.0,0,,,2.1,0.000697,0.003853,0.003254,0.001256,0.000114,0.000545,0.788491,0.001153,0.788575,0.001046,0.790541,-0.001443,0.788631,0.000975,0.78575,0.004645,0.788542,0.789143,0.789343,-0.002593,-7.1e-05,0.006097,-0.000762,59.21047,51.38593,50.172474,-0.000601,-0.000628,2.7e-05,0.125569,0.011402,0.054501,0.001493,0.001891,0.001385,0.001755,0.001328,0.001682,0.004221,0.747843,0.099113,0.073488,0.312849,1.0,0.648045,0.039106,2.0,0.770297,0.770297,0.378037,-0.001469,0.004928,1.5752,-0.130012,16.0,4.0,0.0,1.0,0.0,-0.866025,-0.5,-0.951057,0.309017,48.185948,-0.000101,0.003154,28.472475,-0.000233,-0.000597,30.51562,-0.000162,-0.001561,3.199983,0.000129
109,55856220803,USDCAD,BUY,1.37327,1.37347,2026-03-23 09:05:04.581647,2026-03-23 12:36:23.000000,29.12,2.0,SL_HIT,1,,macd_crossover,2.0,0.0,0.0,,211,,,1.1,0.06,,,,,0.00158,50.0,0,,,,0.000773,0.000758,0.000853,0.000474,6.6e-05,0.000766,1.37181,0.000634,1.371919,0.000555,1.372607,5.3e-05,1.371363,0.00096,1.367561,0.003743,1.371899,1.372087,1.372042,-0.000581,0.000405,0.00369,-0.000137,58.803957,53.073101,51.995403,-0.000189,-0.000233,4.4e-05,0.047375,0.006557,0.076551,0.001513,0.001102,0.001583,0.001153,0.001528,0.001113,0.002154,0.757484,0.051526,0.056638,0.783582,1.0,0.134328,0.08209,1.0,0.825,0.568465,0.562628,-0.001515,0.001996,0.25628,-0.401135,7.0,0.0,0.0,0.0,1.0,0.965926,-0.258819,0.0,1.0,47.653921,-3.9e-05,-1.5e-05,47.750533,-5.8e-05,9.5e-05,47.103258,-8.1e-05,0.000452,5.41918,8.4e-05
110,55864767560,AUDUSD,BUY,0.69255,0.69678,2026-03-23 14:05:04.563460,2026-03-23 16:05:37.000000,846.0,42.3,TP_HIT,1,,bollinger_bounce,2.0,0.0,0.0,,120,,,1.26,1.26,,,,,0.0019,20.8,0,,,,-0.003126,-0.006603,-0.004688,-0.005932,-0.010509,-0.017337,0.696362,-0.006163,0.699167,-0.01015,0.703683,-0.016503,0.705822,-0.019484,0.707148,-0.021323,0.696785,0.699751,0.702215,-0.010404,-0.009429,-0.004901,-0.004238,15.529058,20.796575,25.71523,-0.002966,-0.002429,-0.000537,-0.59322,-1.050871,-1.733685,0.001996,0.002885,0.001899,0.002744,0.001826,0.002638,0.019439,-0.022152,0.129398,0.119773,0.904167,-1.0,0.083333,0.0125,-2.0,0.00339,0.002262,0.001592,-0.019117,4.3e-05,0.622228,-0.461992,12.0,0.0,1.0,0.0,0.0,0.0,-1.0,0.0,1.0,24.474052,-0.000428,-0.003488,29.988075,-0.000407,0.001927,20.857781,-0.000554,-0.000403,-3.677477,-0.000109
111,55867233573,AUDUSD,BUY,0.69876,0.69886,2026-03-23 15:05:10.015612,2026-03-23 17:31:55.000000,40.0,1.0,SL_HIT,1,,macd_crossover,2.0,0.0,0.0,,146,,,1.48,0.02,,,,,0.00262,50.0,0,,,,0.000215,0.009288,0.00641,0.004832,0.000845,-0.006414,0.696352,0.003357,0.698703,-1.9e-05,0.703442,-0.006755,0.705658,-0.009875,0.706979,-0.011724,0.697328,0.699601,0.701945,-0.010079,-0.009855,-0.005002,-0.00325,56.022151,46.913799,44.5036,-0.002274,-0.002422,0.000148,0.483224,0.084515,-0.641354,0.0033,0.004724,0.002625,0.003757,0.002209,0.003162,0.01753,0.498898,0.275689,0.209239,0.084746,1.0,0.20904,0.706215,2.0,0.574981,0.552899,0.384965,-0.008831,0.01092,0.253538,-0.924492,14.0,0.0,1.0,1.0,0.0,-0.5,-0.866025,0.0,1.0,46.474339,-0.000135,0.009072,21.073831,-0.000525,-0.002852,24.474052,-0.000428,-0.003488,0.43946,0.000283
112,55867234234,USDJPY,BUY,158.929,158.467,2026-03-23 15:05:11.455769,2026-03-23 18:00:25.000000,-583.09,-46.2,SL_HIT,0,,bollinger_bounce,2.0,0.0,0.0,,175,,,3.09,-1.0,,,,,0.29086,42.45,0,,,,-0.000145,-0.004486,-0.003993,-0.004286,-0.00388,-0.002198,159.3922,-0.00305,159.3618,-0.00286,158.76956,0.000859,159.00152,-0.000601,159.057465,-0.000952,159.302726,159.200021,159.073729,0.003922,0.002266,-0.00181,0.000645,30.458756,42.453013,46.372638,0.102704,0.181532,-0.078828,-0.428598,-0.388027,-0.219772,0.347829,0.002189,0.290864,0.00183,0.255552,0.001608,0.005091,-0.061804,0.119865,0.097455,0.190083,-1.0,0.561983,0.247934,-2.0,0.466951,0.466951,0.650838,-0.00472,0.004135,0.266295,-0.938904,14.0,0.0,1.0,1.0,0.0,-0.5,-0.866025,0.0,1.0,42.937643,-0.049925,-0.004342,63.08708,-0.004904,0.000495,61.157601,-0.006335,0.000671,-0.48463,-0.028903
