id,ticket,symbol,order_type,volume,open_price,close_price,open_time,close_time,profit,swap,commission,stop_loss,take_profit,strategy,is_closed,comment,engine_version,strategy_version,data_group,requested_price,slippage_pips
1,55782969792,XAUUSD,SELL,0.01,4996.9,5005.06,2026-03-18 01:47:03.152305,2026-03-18 05:03:48.000000,-8.14,0.0,0.0,5005.06316,4983.29473,macd_crossover,1,MACD crossover SELL | MACD=-1.65690 Signal=-1.43242,,,OLD,,
2,55783080585,XAUUSD,BUY,0.01,5001.74,4994.17,2026-03-18 02:02:03.327397,2026-03-18 06:52:10.000000,-7.57,0.0,0.0,4994.17109,5017.7836,sma_crossover,1,"SMA40 crossed above SMA50, RSI=47.8",,,OLD,,
3,55783080632,XAUUSD,BUY,0.01,5001.73,5015.45,2026-03-18 02:02:03.978007,2026-03-18 06:10:02.000000,13.72,0.0,0.0,4993.21074,5015.44877,macd_crossover,1,MACD crossover BUY | MACD=-1.31655 Signal=-1.37095,,,OLD,,
4,55783162381,XAUUSD,SELL,0.01,4999.47,5006.28,2026-03-18 02:17:03.313552,2026-03-18 05:04:12.000000,-6.8100000000000005,0.0,0.0,5006.28238,4984.54676,sma_crossover,1,"SMA40 crossed below SMA50, RSI=46.3",,,OLD,,
5,55783254314,XAUUSD,BUY,0.01,5002.62,5015.32,2026-03-18 02:32:03.204168,2026-03-18 06:10:02.000000,12.7,0.0,0.0,4994.63358,5015.31736,macd_crossover,1,MACD crossover BUY | MACD=-1.26895 Signal=-1.39387,,,OLD,,
6,55783674032,XAUUSD,SELL,0.01,5009.83,5000.71,2026-03-18 03:17:03.630722,2026-03-18 05:36:12.000000,9.12,0.0,0.0,5016.32594,5000.7111,bollinger_bounce,1,BB bounce SELL | BB_pos=1.06 RSI=59.0,,,OLD,,
7,55783674130,NZDUSD,SELL,10.0,0.58613,0.58673,2026-03-18 03:17:04.765283,2026-03-18 10:42:59.000000,-600.0,0.0,0.0,0.58673,0.58513,sma_crossover,1,"SMA20 crossed below SMA50, RSI=58.5",,,OLD,,
8,55784152107,NZDUSD,BUY,10.0,0.5864,0.58584,2026-03-18 04:02:03.633249,2026-03-18 06:51:05.000000,-560.0,0.0,0.0,0.58584,0.58718,macd_crossover,1,MACD crossover BUY | MACD=0.00008 Signal=0.00005,,,OLD,,
9,55784152301,NZDUSD,SELL,10.0,0.58631,0.58571,2026-03-18 04:02:04.252991,2026-03-18 07:57:08.000000,600.0,0.0,0.0,0.58676,0.58571,bollinger_bounce,1,BB bounce SELL | BB_pos=1.09 RSI=59.9,,,OLD,,
10,55784353675,XAUUSD,SELL,0.01,5012.96,5002.31,2026-03-18 04:17:03.817541,2026-03-18 06:37:33.000000,10.65,0.0,0.0,5020.00674,5002.3149,bollinger_bounce,1,BB bounce SELL | BB_pos=1.08 RSI=60.5,,,OLD,,
11,55784666687,XAUUSD,SELL,0.01,4996.37,5005.16,2026-03-18 04:47:04.281218,2026-03-18 07:20:56.000000,-8.79,0.0,0.0,5005.16484,4981.79193,macd_crossover,1,MACD crossover SELL | MACD=-0.15302 Signal=-0.03308,,,OLD,,
12,55784853423,XAUUSD,SELL,0.01,5000.67,4985.89,2026-03-18 05:02:03.692018,2026-03-18 09:36:09.000000,14.75,0.0,0.0,5009.55121,4985.89464,macd_crossover,1,MACD crossover SELL | MACD=-0.20793 Signal=-0.03921,,,OLD,,
13,55784990033,NZDUSD,BUY,10.0,0.58584,0.58672,2026-03-18 05:17:03.688554,2026-03-18 10:54:49.000000,880.0,0.0,0.0,0.58517,0.58672,sma_crossover,1,"SMA20 crossed above SMA50, RSI=48.9",,,OLD,,
14,55784990102,NZDUSD,SELL,10.0,0.58575,0.58622,2026-03-18 05:17:04.339546,2026-03-18 07:28:34.000000,-470.0,0.0,0.0,0.58622,0.58497,macd_crossover,1,MACD crossover SELL | MACD=0.00007 Signal=0.00008,,,OLD,,
15,55785224064,NZDUSD,SELL,10.0,0.58591,0.58638,2026-03-18 05:47:03.116059,2026-03-18 09:52:09.000000,-470.0,0.0,0.0,0.58638,0.58513,macd_crossover,1,MACD crossover SELL | MACD=0.00008 Signal=0.00009,,,OLD,,
16,55785424093,XAUUSD,BUY,0.01,4991.2,4973.09,2026-03-18 06:05:01.127180,2026-03-18 15:35:35.000000,-18.14,0.0,0.0,4973.09112,5029.82354,ml_filtered_sma,1,"SMA40 x SMA50 BUY, RSI=42.6",,,OLD,,
17,55785656472,XAUUSD,BUY,0.01,4996.43,4987.51,2026-03-18 06:32:03.173351,2026-03-18 09:33:37.000000,-8.89,0.0,0.0,4987.50651,5014.94167,sma_crossover,1,"SMA40 crossed above SMA50, RSI=45.3",,,OLD,,
18,55785656565,NZDUSD,SELL,10.0,0.58539,0.58594,2026-03-18 06:32:03.855434,2026-03-18 08:57:10.000000,-550.0,0.0,0.0,0.58594,0.58445,sma_crossover,1,"SMA20 crossed below SMA50, RSI=43.2",,,OLD,,
19,55786091874,NZDUSD,BUY,10.0,0.58629,0.58712,2026-03-18 07:32:03.229762,2026-03-18 11:09:42.000000,830.0,0.0,0.0,0.58565,0.58712,sma_crossover,1,"SMA20 crossed above SMA50, RSI=57.1",,,OLD,,
20,55786231569,NZDUSD,BUY,10.0,0.58605,0.58686,2026-03-18 07:47:05.101188,2026-03-18 11:08:40.000000,810.0,0.0,0.0,0.58542,0.58686,sma_crossover,1,"SMA20 crossed above SMA50, RSI=53.0",,,OLD,,
21,55786347584,GBPUSD,SELL,10.0,1.33639,1.3368,2026-03-18 08:04:24.403338,2026-03-18 10:11:20.000000,-410.0,0.0,0.0,1.3368,1.33574,bollinger_bounce,1,BB bounce SELL | BB_pos=1.01 RSI=64.1,,,OLD,,
22,55786347636,USDJPY,BUY,0.28,158.774,158.702,2026-03-18 08:04:25.031718,2026-03-18 10:14:07.000000,-12.7,0.0,0.0,158.70193,158.8771,bollinger_bounce,1,BB bounce BUY | BB_pos=-0.05 RSI=32.6,,,OLD,,
23,55786347737,XAUUSD,SELL,0.01,4985.05,4992.12,2026-03-18 08:04:26.609807,2026-03-18 10:12:04.000000,-7.07,0.0,0.0,4992.11602,4969.34476,sma_crossover,1,"SMA40 crossed below SMA50, RSI=39.2",,,OLD,,
24,55786451833,EURUSD,SELL,10.0,1.15436,1.15477,2026-03-18 08:17:08.126416,2026-03-18 10:53:24.000000,-410.0,0.0,0.0,1.15477,1.1538,bollinger_bounce,1,BB bounce SELL | BB_pos=1.07 RSI=65.7,,,OLD,,
25,55786451995,USDJPY,BUY,0.28,158.694,158.628,2026-03-18 08:17:09.360311,2026-03-18 11:13:26.000000,-11.65,0.0,0.0,158.62778,158.80333,bollinger_bounce,1,BB bounce BUY | BB_pos=-0.06 RSI=28.3,,,OLD,,
26,55786762096,USDJPY,BUY,0.28,158.735,158.664,2026-03-18 08:47:03.789767,2026-03-18 11:05:56.000000,-12.53,0.0,0.0,158.66353,158.8372,rsi_reversal,1,RSI reversal BUY | RSI=32.4 (prev=31.8),,,OLD,,
27,55786921342,GBPUSD,SELL,10.0,1.3369900000000001,1.33747,2026-03-18 09:02:04.021044,2026-03-18 11:22:12.000000,-480.0,0.0,0.0,1.33747,1.33642,rsi_reversal,1,RSI reversal SELL | RSI=68.1 (prev=71.1),,,OLD,,
28,55786921465,USDJPY,BUY,0.29,158.715,158.641,2026-03-18 09:02:04.625093,2026-03-18 11:13:00.000000,-13.53,0.0,0.0,158.64073,158.8114,rsi_reversal,1,RSI reversal BUY | RSI=31.3 (prev=29.9),,,OLD,,
29,55787241679,GBPUSD,SELL,10.0,1.33719,1.33653,2026-03-18 09:32:03.208077,2026-03-18 11:39:05.000000,660.0,0.0,0.0,1.33761,1.33653,rsi_reversal,1,RSI reversal SELL | RSI=65.9 (prev=71.4),,,OLD,,
30,55787241830,NZDUSD,SELL,10.0,0.58709,0.58655,2026-03-18 09:32:04.041589,2026-03-18 11:51:43.000000,540.0,0.0,0.0,0.58745,0.58655,rsi_reversal,1,RSI reversal SELL | RSI=65.4 (prev=68.1),,,OLD,,
31,55787419353,USDCHF,BUY,10.0,0.78559,0.78609,2026-03-18 09:47:03.542301,2026-03-18 12:32:08.000000,636.06,0.0,0.0,0.78532,0.78609,macd_crossover,1,MACD crossover BUY | MACD=0.00006 Signal=0.00005,,,OLD,,
32,55787744893,EURUSD,SELL,10.0,1.15404,1.15318,2026-03-18 10:17:03.333123,2026-03-18 12:35:09.000000,860.0,0.0,0.0,1.15455,1.15318,macd_crossover,1,MACD crossover SELL | MACD=0.00019 Signal=0.00020,,,OLD,,
33,55787745041,GBPUSD,SELL,10.0,1.33639,1.33541,2026-03-18 10:17:04.187125,2026-03-18 12:36:29.000000,980.0,0.0,0.0,1.33699,1.33541,macd_crossover,1,MACD crossover SELL | MACD=0.00032 Signal=0.00034,,,OLD,,
34,55787745126,USDJPY,BUY,0.22,158.79,158.936,2026-03-18 10:17:04.822700,2026-03-18 13:25:47.000000,20.21,0.0,0.0,158.68975,158.93576,macd_crossover,1,MACD crossover BUY | MACD=-0.06092 Signal=-0.06351,,,OLD,,
35,55787745260,AUDUSD,SELL,10.0,0.71143,0.71045,2026-03-18 10:17:05.749274,2026-03-18 13:25:28.000000,980.0,0.0,0.0,0.71203,0.71045,macd_crossover,1,MACD crossover SELL | MACD=0.00026 Signal=0.00027,,,OLD,,
36,55787745570,USDCHF,SELL,10.0,0.78578,0.78602,2026-03-18 10:17:06.904593,2026-03-18 12:31:27.000000,-305.34,0.0,0.0,0.78602,0.78541,bollinger_bounce,1,BB bounce SELL | BB_pos=1.07 RSI=67.3,,,OLD,,
37,55787891768,USDCHF,SELL,10.0,0.78606,0.78631,2026-03-18 10:32:03.385924,2026-03-18 12:34:11.000000,-330.66,0.0,0.0,0.78631,0.78569,bollinger_bounce,1,BB bounce SELL | BB_pos=1.16 RSI=72.8,,,OLD,,
38,55788062787,EURUSD,BUY,10.0,1.15235,1.15302,2026-03-18 10:47:04.463075,2026-03-18 12:53:02.000000,670.0,0.0,0.0,1.15177,1.15302,bollinger_bounce,1,BB bounce BUY | BB_pos=-0.11 RSI=28.6,,,OLD,,
39,55788063036,USDCAD,SELL,10.0,1.37127,1.37073,2026-03-18 10:47:05.066974,2026-03-18 13:08:32.000000,393.95,0.0,0.0,1.37163,1.37073,bollinger_bounce,1,BB bounce SELL | BB_pos=1.03 RSI=73.1,,,OLD,,
40,55788063200,USDCHF,SELL,10.0,0.7865,0.78679,2026-03-18 10:47:05.853198,2026-03-18 13:18:13.000000,-368.59,0.0,0.0,0.78679,0.78612,bollinger_bounce,1,BB bounce SELL | BB_pos=1.17 RSI=79.0,,,OLD,,
41,55788306591,EURUSD,BUY,10.0,1.1526399999999999,1.15219,2026-03-18 11:02:03.564717,2026-03-18 13:22:17.000000,-450.0,0.0,0.0,1.15219,1.15344,rsi_reversal,1,RSI reversal BUY | RSI=32.9 (prev=31.7),,,OLD,,
42,55788306667,XAUUSD,SELL,0.01,4993.85,4979.69,2026-03-18 11:02:04.215604,2026-03-18 13:45:38.000000,14.16,0.0,0.0,5002.32725,4979.69459,macd_crossover,1,MACD crossover SELL | MACD=0.64469 Signal=0.85205,,,OLD,,
43,55788506608,USDCAD,SELL,10.0,1.37021,1.3706800000000001,2026-03-18 11:17:03.744546,2026-03-18 13:26:44.000000,-342.9,0.0,0.0,1.37068,1.36943,macd_crossover,1,MACD crossover SELL | MACD=0.00027 Signal=0.00029,,,OLD,,
44,55788727886,EURUSD,BUY,10.0,1.15227,1.15302,2026-03-18 11:32:06.220647,2026-03-18 13:50:01.000000,770.0,0.0,0.0,1.15162,1.15302,rsi_reversal,1,RSI reversal BUY | RSI=31.1 (prev=28.4),,,OLD,,
45,55788728012,AUDUSD,BUY,10.0,0.71033,0.71111,2026-03-18 11:32:06.850546,2026-03-18 14:21:00.000000,780.0,0.0,0.0,0.70978,0.71111,bollinger_bounce,1,BB bounce BUY | BB_pos=-0.02 RSI=37.9,,,OLD,,
46,55788728119,USDCHF,SELL,10.0,0.7872,0.7867,2026-03-18 11:32:07.454605,2026-03-18 13:47:44.000000,635.57,0.0,0.0,0.78752,0.7867,rsi_reversal,1,RSI reversal SELL | RSI=82.8 (prev=85.4),,,OLD,,
47,55788728220,USDCHF,SELL,10.0,0.7872,0.7867,2026-03-18 11:32:08.105147,2026-03-18 13:47:44.000000,635.57,0.0,0.0,0.78752,0.7867,bollinger_bounce,1,BB bounce SELL | BB_pos=1.03 RSI=82.8,,,OLD,,
48,55789593507,EURUSD,BUY,10.0,1.15377,1.15497,2026-03-18 12:47:03.130873,2026-03-18 16:16:51.000000,1240.0,0.0,0.0,1.15297,1.15497,macd_crossover,1,MACD crossover BUY | MACD=-0.00014 Signal=-0.00016,,,OLD,,
49,55789737063,GBPUSD,BUY,10.0,1.33586,1.33502,2026-03-18 13:02:03.346091,2026-03-18 15:32:19.000000,-840.0,0.0,0.0,1.33502,1.3372,macd_crossover,1,MACD crossover BUY | MACD=-0.00013 Signal=-0.00013,,,OLD,,
50,55789737399,NZDUSD,BUY,10.0,0.58629,0.58576,2026-03-18 13:02:04.231319,2026-03-18 15:33:06.000000,-530.0,0.0,0.0,0.58576,0.58703,macd_crossover,1,MACD crossover BUY | MACD=0.00001 Signal=0.00000,,,OLD,,
51,55790430988,XAUUSD,BUY,0.01,4979.47,4970.84,2026-03-18 13:47:05.191112,2026-03-18 15:56:13.000000,-8.59,0.0,0.0,4970.84456,4992.30817,rsi_reversal,1,RSI reversal BUY | RSI=34.8 (prev=32.6),,,OLD,,
52,55790702651,GBPUSD,BUY,10.0,1.3357999999999999,1.3371,2026-03-18 14:02:03.813680,2026-03-18 16:19:54.000000,1300.0,0.0,0.0,1.33495,1.3371,macd_crossover,1,MACD crossover BUY | MACD=-0.00010 Signal=-0.00013,,,OLD,,
53,55790702829,AUDUSD,SELL,10.0,0.71036,0.70909,2026-03-18 14:02:04.599901,2026-03-18 17:07:24.000000,1270.0,0.0,0.0,0.71106,0.70909,sma_crossover,1,"SMA20 crossed below SMA50, RSI=41.4",,,OLD,,
54,55791089303,XAUUSD,BUY,0.01,4971.32,4961.07,2026-03-18 14:17:03.750840,2026-03-18 16:26:25.000000,-10.25,0.0,0.0,4961.07449,4986.28827,rsi_reversal,1,RSI reversal BUY | RSI=31.2 (prev=29.8),,,OLD,,
55,55791089450,AUDUSD,SELL,10.0,0.71085,0.70962,2026-03-18 14:17:04.459144,2026-03-18 16:27:25.000000,1230.0,0.0,0.0,0.71162,0.70962,sma_crossover,1,"SMA20 crossed below SMA50, RSI=49.0",,,OLD,,
56,55791439302,GBPUSD,SELL,10.0,1.33547,1.33621,2026-03-18 14:32:04.714950,2026-03-18 16:52:26.000000,-740.0,0.0,0.0,1.33621,1.33151,sma_crossover,1,"SMA20 crossed below SMA90, RSI=48.9",,,OLD,,
57,55791439731,XAUUSD,BUY,0.01,4957.96,4945.75,2026-03-18 14:32:05.677123,2026-03-18 16:40:14.000000,-12.21,0.0,0.0,4945.74661,4975.25508,rsi_reversal,1,RSI reversal BUY | RSI=30.3 (prev=20.6),,,OLD,,
58,55791858719,XAUUSD,BUY,0.01,4933.32,4924.36,2026-03-18 14:47:07.421361,2026-03-18 17:01:11.000000,-9.86,0.0,0.0,4924.35834,4956.0625,bollinger_bounce,1,BB bounce BUY | BB_pos=-0.05 RSI=17.6,,,OLD,,
59,55792804572,USDJPY,BUY,0.23,159.16,159.633,2026-03-18 15:17:06.279474,2026-03-18 23:46:13.000000,68.29,0.0,0.0,159.06415,159.63326,sma_crossover,1,"SMA5 crossed above SMA160, RSI=67.6",,,OLD,,
60,55792806756,AUDUSD,BUY,10.0,0.70812,0.70723,2026-03-18 15:17:10.611778,2026-03-18 17:30:22.000000,-870.0,0.0,0.0,0.70723,0.7091,bollinger_bounce,1,BB bounce BUY | BB_pos=-0.17 RSI=29.7,,,OLD,,
61,55792807351,USDCAD,SELL,10.0,1.36978,1.37074,2026-03-18 15:17:11.933107,2026-03-18 17:44:13.000000,-700.35,0.0,0.0,1.37074,1.36839,sma_crossover,1,"SMA20 crossed below SMA50, RSI=52.0",,,OLD,,
62,55792807908,NZDUSD,BUY,10.0,0.58401,0.58332,2026-03-18 15:17:12.984812,2026-03-18 17:30:06.000000,-690.0,0.0,0.0,0.58332,0.58474,bollinger_bounce,1,BB bounce BUY | BB_pos=-0.19 RSI=30.7,,,OLD,,
63,55793290312,AUDUSD,BUY,10.0,0.70725,0.70642,2026-03-18 15:32:07.049927,2026-03-18 17:46:17.000000,-830.0,0.0,0.0,0.70642,0.70836,bollinger_bounce,1,BB bounce BUY | BB_pos=-0.15 RSI=26.3,,,OLD,,
64,55793290530,USDCAD,BUY,10.0,1.37026,1.37141,2026-03-18 15:32:07.731911,2026-03-18 18:03:20.000000,838.55,0.0,0.0,1.36946,1.37141,macd_crossover,1,MACD crossover BUY | MACD=-0.00009 Signal=-0.00013,,,OLD,,
65,55793291181,NZDUSD,BUY,10.0,0.58322,0.58266,2026-03-18 15:32:09.028544,2026-03-18 17:50:03.000000,-610.0,0.0,0.0,0.58266,0.58414,bollinger_bounce,1,BB bounce BUY | BB_pos=-0.16 RSI=27.0,,,OLD,,
66,55793291527,USDCHF,BUY,10.0,0.78685,0.78788,2026-03-18 15:32:09.663915,2026-03-18 17:57:55.000000,1383.46,0.0,0.0,0.78605,0.78788,macd_crossover,1,MACD crossover BUY | MACD=0.00015 Signal=0.00014,,,OLD,,
67,55793830392,AUDUSD,BUY,10.0,0.7064,0.70558,2026-03-18 15:47:06.960136,2026-03-18 18:01:43.000000,-820.0,0.0,0.0,0.70558,0.70763,bollinger_bounce,1,BB bounce BUY | BB_pos=-0.11 RSI=23.4,,,OLD,,
68,55793830936,NZDUSD,BUY,10.0,0.58296,0.5823,2026-03-18 15:47:07.872950,2026-03-18 17:54:44.000000,-660.0,0.0,0.0,0.5823,0.58382,bollinger_bounce,1,BB bounce BUY | BB_pos=-0.08 RSI=25.3,,,OLD,,
69,55794355822,EURUSD,BUY,10.0,1.1504699999999999,1.14943,2026-03-18 16:02:05.352659,2026-03-18 18:12:29.000000,-1040.0,0.0,0.0,1.14943,1.15193,bollinger_bounce,1,BB bounce BUY | BB_pos=-0.06 RSI=32.9,,,OLD,,
70,55794356231,GBPUSD,BUY,10.0,1.33127,1.33269,2026-03-18 16:02:06.300462,2026-03-18 19:01:27.000000,1410.0,0.0,0.0,1.32999,1.33269,bollinger_bounce,1,BB bounce BUY | BB_pos=-0.10 RSI=29.0,,,OLD,,
71,55794356743,USDJPY,SELL,0.2,159.491,159.334,2026-03-18 16:02:07.024129,2026-03-18 23:00:18.000000,19.71,0.0,0.0,159.59552,159.33423,bollinger_bounce,1,BB bounce SELL | BB_pos=1.12 RSI=74.1,,,OLD,,
72,55794357352,XAUUSD,BUY,0.01,4857.08,4841.97,2026-03-18 16:02:07.997816,2026-03-18 18:16:35.000000,-15.22,0.0,0.0,4841.9688,4883.8968,bollinger_bounce,1,BB bounce BUY | BB_pos=-0.03 RSI=9.6,,,OLD,,
73,55794358206,AUDUSD,BUY,10.0,0.70554,0.70456,2026-03-18 16:02:09.096398,2026-03-18 18:16:05.000000,-950.0,0.0,0.0,0.70456,0.70666,bollinger_bounce,1,BB bounce BUY | BB_pos=-0.08 RSI=20.3,,,OLD,,
74,55794358788,USDCAD,SELL,10.0,1.37125,1.37191,2026-03-18 16:02:10.007192,2026-03-18 18:16:05.000000,-481.08,0.0,0.0,1.37191,1.37031,bollinger_bounce,1,BB bounce SELL | BB_pos=1.11 RSI=65.2,,,OLD,,
75,55794359142,NZDUSD,BUY,10.0,0.58212,0.58134,2026-03-18 16:02:10.751984,2026-03-18 18:16:04.000000,-780.0,0.0,0.0,0.58134,0.58294,bollinger_bounce,1,BB bounce BUY | BB_pos=-0.07 RSI=21.3,,,OLD,,
76,55794868691,EURUSD,BUY,10.0,1.1491,1.15068,2026-03-18 16:17:05.985920,2026-03-18 18:29:57.000000,1580.0,0.0,0.0,1.14808,1.15068,bollinger_bounce,1,BB bounce BUY | BB_pos=-0.10 RSI=28.4,,,OLD,,
77,55794869253,GBPUSD,BUY,10.0,1.33052,1.33213,2026-03-18 16:17:06.865796,2026-03-18 18:30:07.000000,1610.0,0.0,0.0,1.32938,1.33213,bollinger_bounce,1,BB bounce BUY | BB_pos=-0.05 RSI=27.2,,,OLD,,
78,55794869608,USDJPY,SELL,0.19,159.57,159.415,2026-03-18 16:17:07.516414,2026-03-18 20:00:05.000000,18.47,0.0,0.0,159.67866,159.41451,bollinger_bounce,1,BB bounce SELL | BB_pos=1.06 RSI=76.1,,,OLD,,
79,55794870224,XAUUSD,BUY,0.01,4846.71,4870.66,2026-03-18 16:17:08.818328,2026-03-18 18:40:55.000000,24.01,0.0,0.0,4827.84276,4870.66086,bollinger_bounce,1,BB bounce BUY | BB_pos=-0.01 RSI=8.5,,,OLD,,
80,55795687261,USDJPY,SELL,0.2,159.484,159.328,2026-03-18 16:47:03.675707,2026-03-18 23:00:18.000000,19.46,0.0,0.0,159.58971,159.32793,rsi_reversal,1,RSI reversal SELL | RSI=69.0 (prev=71.0),,,OLD,,
81,55795687455,AUDUSD,BUY,10.0,0.70636,0.70767,2026-03-18 16:47:04.383709,2026-03-18 19:59:35.000000,1310.0,0.0,0.0,0.70545,0.70767,rsi_reversal,1,RSI reversal BUY | RSI=32.5 (prev=25.4),,,OLD,,
82,55796027127,USDJPY,SELL,0.21,159.464,159.305,2026-03-18 17:02:04.202668,2026-03-18 23:00:26.000000,20.83,0.0,0.0,159.56134,159.30549,rsi_reversal,1,RSI reversal SELL | RSI=67.0 (prev=69.9),,,OLD,,
83,55796403987,USDJPY,SELL,0.22,159.492,159.339,2026-03-18 17:17:08.441457,2026-03-18 23:00:17.000000,21.12,0.0,0.0,159.58744,159.33885,rsi_reversal,1,RSI reversal SELL | RSI=69.1 (prev=69.7),,,OLD,,
84,55796404734,AUDUSD,BUY,10.0,0.70666,0.70792,2026-03-18 17:17:10.456492,2026-03-18 20:00:37.000000,1260.0,0.0,0.0,0.7057,0.70792,rsi_reversal,1,RSI reversal BUY | RSI=34.9 (prev=34.8),,,OLD,,
85,55796406311,USDCAD,BUY,10.0,1.3711,1.37002,2026-03-18 17:17:13.270673,2026-03-18 19:39:28.000000,-832.1,0.0,0.0,1.37002,1.37292,sma_crossover,1,"SMA20 crossed above SMA50, RSI=59.6",,,OLD,,
86,55796731486,USDJPY,SELL,0.22,159.498,159.354,2026-03-18 17:32:03.425053,2026-03-18 23:00:14.000000,19.88,0.0,0.0,159.59537,159.35445,rsi_reversal,1,RSI reversal SELL | RSI=69.7 (prev=70.0),,,OLD,,
87,55796731944,AUDUSD,BUY,10.0,0.70626,0.70752,2026-03-18 17:32:04.122867,2026-03-18 19:59:24.000000,1280.0,0.0,0.0,0.70527,0.70752,rsi_reversal,1,RSI reversal BUY | RSI=33.5 (prev=32.2),,,OLD,,
88,55797381996,XAUUSD,BUY,0.01,4870.22,4820.1,2026-03-18 18:05:05.536668,2026-03-19 01:16:25.000000,-50.12,0.0,0.0,4820.09858,4945.50213,rsi_reversal,1,RSI reversal BUY | RSI=18.5 (prev=18.1),,,OLD,,
89,55797382205,USDCAD,SELL,2.0,1.3698000000000001,1.37262,2026-03-18 18:05:06.218628,2026-03-19 00:59:40.000000,-410.89,0.0,0.0,1.37262,1.36569,macd_crossover,1,MACD crossover SELL | MACD=0.00018 Signal=0.00019,,,OLD,,
90,55802872071,USDCAD,SELL,2.0,1.37267,1.37436,2026-03-18 23:05:09.121651,2026-03-19 13:42:36.000000,-247.68,0.0,0.0,1.37436,1.36782,bollinger_bounce,1,BB bounce SELL | BB_pos=1.01 RSI=60.9,,,OLD,,
91,55802872288,NZDUSD,SELL,2.0,0.58025,0.58332,2026-03-18 23:05:10.465119,2026-03-19 18:54:48.000000,-654.2,0.0,0.0,0.58332,0.57812,sma_crossover,1,"SMA20 crossed below SMA50, RSI=32.6",,,OLD,,
92,55803701587,AUDUSD,BUY,2.0,0.70314,0.70379,2026-03-19 00:05:12.877744,2026-03-19 16:22:28.000000,167.8,0.0,0.0,0.6985,0.70703,bollinger_bounce,1,BB bounce BUY | BB_pos=-0.09 RSI=25.8,,,OLD,,
93,55803842238,XAUUSD,BUY,0.01,4825.9,4771.14,2026-03-19 01:05:06.608327,2026-03-19 11:47:17.000000,-54.76,0.0,0.0,4771.13697,4907.39455,rsi_reversal,1,RSI reversal BUY | RSI=23.4 (prev=20.2),,,OLD,,
94,55807363547,GBPUSD,SELL,2.0,1.32715,1.32896,2026-03-19 08:05:03.478599,2026-03-19 14:51:38.000000,-362.0,0.0,0.0,1.32896,1.31811,sma_crossover,1,"SMA20 crossed below SMA90, RSI=37.1",,,OLD,,
95,55809286106,XAUUSD,BUY,0.01,4767.62,4711.59,2026-03-19 10:05:04.784366,2026-03-19 13:11:31.000000,-56.11,0.0,0.0,4711.59054,4852.3142,rsi_reversal,1,RSI reversal BUY | RSI=22.8 (prev=21.2),,,OLD,,
96,55810298993,USDJPY,BUY,0.03,159.204,158.832,2026-03-19 11:05:03.926742,2026-03-19 18:04:26.000000,-7.05,0.0,0.0,158.83202,159.75947,bollinger_bounce,1,BB bounce BUY | BB_pos=-0.04 RSI=39.4,,,OLD,,
97,55811574548,XAUUSD,BUY,0.01,4714.9,4651.23,2026-03-19 12:05:05.551321,2026-03-19 16:53:38.000000,-63.76,0.0,0.0,4651.23396,4809.07406,rsi_reversal,1,RSI reversal BUY | RSI=18.5 (prev=16.7),,,OLD,,
98,55813312826,USDCHF,BUY,2.0,0.79518,0.79214,2026-03-19 13:38:40.142092,2026-03-19 18:55:09.000000,-767.54,0.0,0.0,0.79214,0.79847,macd_crossover,1,MACD crossover BUY | MACD=0.00141 Signal=0.00139,,,OLD,,
99,55817070157,USDJPY,BUY,2.0,158.82,158.513,2026-03-19 16:05:06.269711,2026-03-19 18:49:43.000000,-384.83,0.0,0.0,158.51306,159.82581,bollinger_bounce,1,BB bounce BUY | BB_pos=-0.00 RSI=28.5,2.0,,OLD,,
100,55817070960,AUDUSD,BUY,2.0,0.70129,0.70532,2026-03-19 16:05:06.930546,2026-03-19 19:02:21.000000,800.0,0.0,0.0,0.69855,0.70532,bollinger_bounce,1,BB bounce BUY | BB_pos=-0.01 RSI=35.7,2.0,,OLD,,
101,55819089303,GBPUSD,SELL,2.0,1.33583,1.33948,2026-03-19 17:05:08.081330,2026-03-19 22:23:38.000000,-730.0,0.0,0.0,1.33948,1.32289,bollinger_bounce,1,BB bounce SELL | BB_pos=1.17 RSI=66.4,2.0,,OLD,,
102,55819089906,USDJPY,BUY,2.0,158.166,158.257,2026-03-19 17:05:09.133448,2026-03-19 20:56:11.000000,117.53,0.0,0.0,157.80018,159.39407,bollinger_bounce,1,BB bounce BUY | BB_pos=-0.11 RSI=18.7,2.0,,OLD,,
103,55819090459,NZDUSD,SELL,2.0,0.5839,0.58604,2026-03-19 17:05:10.091904,2026-03-19 23:58:01.000000,-422.0,0.0,0.0,0.58604,0.58021,bollinger_bounce,1,BB bounce SELL | BB_pos=1.02 RSI=57.7,2.0,,OLD,,
104,55823443476,EURUSD,SELL,2.0,1.1540300000000001,1.15842,2026-03-19 20:05:04.808376,2026-03-19 23:59:05.000000,-880.0,0.0,0.0,1.15842,1.14616,bollinger_bounce,1,BB bounce SELL | BB_pos=1.02 RSI=67.3,2.0,,OLD,,
105,55824610838,GBPUSD,SELL,2.0,1.3397999999999999,1.34393,2026-03-19 21:05:05.556734,2026-03-20 00:05:01.000000,-826.0,0.0,0.0,1.34393,1.32668,rsi_reversal,1,RSI reversal SELL | RSI=71.6 (prev=73.2),2.0,,OLD,,
106,55841108281,XAUUSD,SELL,1.54,4576.15,4498.93,2026-03-20 17:41:39.374990,2026-03-23 03:06:07.000000,11915.6,0.0,0.0,4648.69855,4442.34518,macd_crossover,1,MACD crossover SELL | MACD=-24.49706 Signal=-22.32575,2.0,,OLD,,
107,55841108536,USDCHF,BUY,2.0,0.78977,0.78676,2026-03-20 17:41:40.306581,2026-03-23 03:27:49.000000,-762.37,0.0,0.0,0.78676,0.79334,macd_crossover,1,MACD crossover BUY | MACD=-0.00060 Signal=-0.00063,2.0,,OLD,,
108,55841109769,AUDUSD,BUY,2.0,0.70322,0.70343,2026-03-20 17:41:43.223948,2026-03-20 21:31:22.000000,40.0,0.0,0.0,0.70078,0.70795,bollinger_bounce,1,BB bounce BUY | BB_pos=-0.22 RSI=36.5,2.0,,OLD,,
109,55856220803,USDCAD,BUY,2.0,1.37327,1.37347,2026-03-23 09:05:04.581647,2026-03-23 12:36:23.000000,29.12,0.0,0.0,1.36969,1.37721,macd_crossover,1,MACD crossover BUY | MACD=-0.00019 Signal=-0.00023,2.1,,OLD,,
110,55864767560,AUDUSD,BUY,2.0,0.69255,0.69678,2026-03-23 14:05:04.563460,2026-03-23 16:05:37.000000,846.0,0.0,0.0,0.68918,0.69678,bollinger_bounce,1,BB bounce BUY | BB_pos=-0.02 RSI=20.8,2.1,,OLD,,
111,55867233573,AUDUSD,BUY,2.0,0.69876,0.69886,2026-03-23 15:05:10.015612,2026-03-23 17:31:55.000000,40.0,0.0,0.0,0.69373,0.7062,macd_crossover,1,MACD crossover BUY | MACD=-0.00227 Signal=-0.00242,2.1,,OLD,,
112,55867234234,USDJPY,BUY,2.0,158.929,158.467,2026-03-23 15:05:11.455769,2026-03-23 18:00:25.000000,-583.09,0.0,0.0,158.46671,160.35732,bollinger_bounce,1,BB bounce BUY | BB_pos=-0.06 RSI=42.5,2.1,,OLD,,
113,55939340209,USDCHF,BUY,2.0,0.79255,0.79312,2026-03-26 11:05:04.420568,2026-03-26 17:07:40.000000,143.74,0.0,0.0,0.79067,0.79533,macd_crossover,1,MACD crossover BUY | MACD=0.00065 Signal=0.00065,2.1,,OLD,,
114,55942937934,AUDUSD,SELL,2.0,0.69334,0.69164,2026-03-26 13:58:53.463097,2026-03-26 17:07:16.000000,340.0,0.0,0.0,0.69585,0.6896,macd_crossover,1,MACD crossover SELL | MACD=-0.00071 Signal=-0.00070,2.1,,OLD,,
115,55944315437,USDCAD,BUY,2.0,1.38432,1.38246,2026-03-26 15:05:05.287936,2026-03-26 18:38:13.000000,-277.77,0.0,0.0,1.38246,1.38748,macd_crossover,1,MACD crossover BUY | MACD=0.00128 Signal=0.00125,2.1,,OLD,,
116,55945681603,USDJPY,BUY,2.0,159.64,159.66,2026-03-26 16:05:07.017798,2026-03-26 21:41:43.000000,25.05,0.0,0.0,159.42483,160.4745,macd_crossover,1,MACD crossover BUY | MACD=0.13304 Signal=0.13167,2.1,,OLD,,
117,55945682223,AUDUSD,BUY,2.0,0.69096,0.69174,2026-03-26 16:05:08.132196,2026-03-26 18:57:56.000000,156.0,0.0,0.0,0.68847,0.69408,ml_direct,1,ML Direct BUY | conf=59.1% [SELL=31.3% NO=9.6% BUY=59.1%],2.1,,OLD,,
118,55953517537,USDCAD,BUY,2.0,1.3854899999999999,1.38572,2026-03-26 21:05:04.431602,2026-03-27 01:58:13.000000,33.2,0.0,0.0,1.38244,1.38848,macd_crossover,1,MACD crossover BUY | MACD=0.00125 Signal=0.00123,2.1,,OLD,,
119,55955479997,XAUUSD,SELL,0.01,4354.16,4397.55,2026-03-26 23:05:01.780359,2026-03-27 01:12:55.000000,-43.29,0.0,0.0,4397.54862,4258.76903,ml_filtered_sma,1,"SMA40 x SMA50 SELL, RSI=36.4",,,OLD,,
120,55956617150,XAUUSD,SELL,0.01,4386.97,4429.66,2026-03-27 01:05:04.935507,2026-03-27 07:01:36.000000,-42.69,0.0,0.0,4429.66433,4258.61046,ml_filtered_sma,1,"SMA40 x SMA50 SELL, RSI=39.2",,,OLD,,
121,55959498253,AUDUSD,BUY,2.0,0.68932,0.69035,2026-03-27 06:05:05.933483,2026-03-27 10:26:02.000000,206.0,0.0,0.0,0.68629,0.69381,macd_crossover,1,MACD crossover BUY | MACD=-0.00159 Signal=-0.00165,2.1,,OLD,,
122,55961431223,AUDUSD,BUY,2.0,0.68974,0.68994,2026-03-27 09:05:06.792462,2026-03-27 11:47:48.000000,40.0,0.0,0.0,0.68809,0.69409,ml_direct,1,ML Direct BUY | conf=58.3% [SELL=27.8% NO=13.8% BUY=58.3%],2.1,,OLD,,
123,55962286758,USDCHF,BUY,2.0,0.79604,0.79631,2026-03-27 10:05:06.469574,2026-03-27 12:49:38.000000,67.81,0.0,0.0,0.79428,0.79864,macd_crossover,1,MACD crossover BUY | MACD=0.00092 Signal=0.00091,2.1,,OLD,,
124,55962287002,AUDUSD,BUY,2.0,0.68973,0.68748,2026-03-27 10:05:07.750616,2026-03-27 22:17:35.000000,-450.0,0.0,0.0,0.68748,0.69326,ml_direct,1,ML Direct BUY | conf=57.3% [SELL=28.0% NO=14.7% BUY=57.3%],2.1,,OLD,,
125,55963123800,EURUSD,SELL,2.0,1.15177,1.15097,2026-03-27 11:05:07.240827,2026-03-27 17:24:49.000000,160.0,0.0,0.0,1.15498,1.14657,macd_crossover,1,MACD crossover SELL | MACD=-0.00073 Signal=-0.00072,2.1,,OLD,,
126,55963124201,GBPUSD,SELL,2.0,1.3312,1.331,2026-03-27 11:05:08.074134,2026-03-27 14:12:55.000000,40.0,0.0,0.0,1.33367,1.32205,macd_crossover,1,MACD crossover SELL | MACD=-0.00080 Signal=-0.00073,2.1,,OLD,,
127,55965276588,USDCHF,SELL,2.0,0.79729,0.79709,2026-03-27 13:05:11.200407,2026-03-27 18:00:25.000000,50.18,0.0,0.0,0.79872,0.79496,rsi_reversal,1,RSI reversal SELL | RSI=70.3 (prev=70.6),2.1,,OLD,,
128,55965276800,GBPUSD,SELL,2.0,1.3311600000000001,1.3281800000000001,2026-03-27 13:05:12.078793,2026-03-27 17:41:23.000000,596.0,0.0,0.0,1.33354,1.32349,ml_direct,1,ML Direct SELL | conf=57.1% [SELL=57.1% NO=9.4% BUY=33.5%],2.1,,OLD,,
129,55968901904,USDCAD,SELL,2.0,1.38675,1.38655,2026-03-27 16:05:10.439954,2026-03-27 18:31:20.000000,28.85,0.0,0.0,1.3881,1.38373,ml_direct,1,ML Direct SELL | conf=56.5% [SELL=56.5% NO=13.5% BUY=30.1%],2.1,,OLD,,
130,55970698206,EURUSD,BUY,2.0,1.15319,1.15382,2026-03-27 17:05:08.437683,2026-03-27 20:40:01.000000,128.0,0.0,0.0,1.1498,1.15862,macd_crossover,1,MACD crossover BUY | MACD=-0.00075 Signal=-0.00082,2.1,,OLD,,
131,55974855006,USDCAD,BUY,2.0,1.38787,1.38805,2026-03-27 19:05:06.537504,2026-03-27 22:10:53.000000,28.82,0.0,0.0,1.38465,1.39035,macd_crossover,1,MACD crossover BUY | MACD=0.00082 Signal=0.00080,2.1,,OLD,,
132,55977310555,AUDUSD,SELL,2.0,0.68698,0.68504,2026-03-27 21:05:05.584715,2026-03-31 11:24:33.000000,326.8,0.0,0.0,0.68954,0.68197,macd_crossover,1,MACD crossover SELL | MACD=-0.00089 Signal=-0.00085,2.1,,OLD,,
133,56010819807,AUDUSD,BUY,2.0,0.68509,0.68618,2026-03-31 09:05:05.370950,2026-03-31 14:11:53.000000,222.0,0.0,0.0,0.68192,0.68752,ml_direct,1,ML Direct BUY | conf=57.1% [SELL=27.1% NO=15.8% BUY=57.1%],2.2,1.0,TRANSITION,,
134,56012653239,USDCAD,SELL,2.0,1.39359,1.39341,2026-03-31 11:05:04.907197,2026-03-31 18:15:26.000000,28.71,0.0,0.0,1.39553,1.39241,ml_direct,1,ML Direct SELL | conf=55.0% [SELL=55.0% NO=26.6% BUY=18.3%],2.2,1.0,TRANSITION,,
135,56013622722,AUDUSD,BUY,2.0,0.6864,0.68786,2026-03-31 12:05:05.327551,2026-03-31 17:39:41.000000,292.0,0.0,0.0,0.68207,0.68786,ml_direct,1,ML Direct BUY | conf=62.5% [SELL=22.8% NO=14.8% BUY=62.5%],2.2,1.0,TRANSITION,,
136,56018712903,USDCAD,SELL,2.0,1.39416,1.39258,2026-03-31 16:05:04.868451,2026-03-31 19:30:26.000000,226.92,0.0,0.0,1.39554,1.39258,ml_direct,1,ML Direct SELL | conf=57.9% [SELL=57.9% NO=17.2% BUY=24.9%],2.2,1.0,TRANSITION,,
137,56022507339,EURUSD,SELL,2.0,1.1520299999999999,1.15701,2026-03-31 18:05:07.815690,2026-04-01 05:51:00.000000,-1004.0,0.0,0.0,1.15701,1.14437,bollinger_bounce,1,BB bounce SELL | BB_pos=0.92 RSI=64.2 BBW=0.0085 BBW_avg_ratio=1.64,2.2,2.0,TRANSITION,,
138,56034575428,AUDUSD,BUY,2.0,0.69056,0.69076,2026-04-01 08:05:04.343329,2026-04-01 11:11:34.000000,40.0,0.0,0.0,0.68642,0.69268,ml_direct,1,ML Direct BUY | conf=57.8% [SELL=27.9% NO=14.3% BUY=57.8%],2.3,1.0,TRANSITION,,
139,56036892295,EURUSD,SELL,2.0,1.15865,1.15845,2026-04-01 10:05:03.904610,2026-04-01 13:56:10.000000,40.0,0.0,0.0,1.16365,1.15092,ml_direct,1,ML Direct SELL | conf=57.0% [SELL=57.0% NO=4.9% BUY=38.1%],2.3,1.0,TRANSITION,,
140,56036892590,XAUUSD,SELL,2.0,4722.22,4752.52,2026-04-01 10:05:04.909195,2026-04-01 17:39:06.000000,-6060.0,0.0,0.0,4752.51786,4657.77415,ml_direct,1,ML Direct SELL | conf=57.5% [SELL=57.5% NO=8.0% BUY=34.5%],2.3,1.0,TRANSITION,,
141,56038413784,EURUSD,SELL,2.0,1.15886,1.15865,2026-04-01 11:05:04.825009,2026-04-01 15:40:13.000000,40.0,0.0,0.0,1.1639,1.15103,ml_direct,1,ML Direct SELL | conf=56.0% [SELL=56.0% NO=5.3% BUY=38.7%],2.3,1.0,TRANSITION,,
142,56044826448,EURUSD,SELL,2.0,1.16008,1.15883,2026-04-01 16:05:09.302281,2026-04-02 02:06:55.000000,252.0,0.0,0.0,1.16538,1.15191,ml_direct,1,ML Direct SELL | conf=56.7% [SELL=56.7% NO=8.1% BUY=35.1%],2.3,1.0,TRANSITION,,
143,56048372718,XAUUSD,SELL,2.0,4766.6,4789.14,2026-04-01 18:05:09.802101,2026-04-01 22:01:03.000000,-4522.0,0.0,0.0,4789.1373,4690.90648,ml_direct,1,ML Direct SELL | conf=58.8% [SELL=58.8% NO=7.4% BUY=33.8%],2.3,1.0,TRANSITION,,
144,56059646517,AUDUSD,BUY,1.0,0.68789,0.68809,2026-04-02 08:05:03.736193,2026-04-02 14:03:11.000000,20.0,0.0,0.0,0.68332,0.69017,ml_direct,1,ML Direct BUY | conf=55.9% [SELL=32.0% NO=12.1% BUY=55.9%],2.3,1.0,TRANSITION,,
145,56062056933,XAUUSD,SELL,1.0,4603.48,4598.56,2026-04-02 10:05:04.286754,2026-04-02 19:29:19.000000,492.0,0.0,0.0,4653.0785,4522.23675,ml_direct,1,ML Direct SELL | conf=58.1% [SELL=58.1% NO=7.6% BUY=34.3%],2.3,1.0,TRANSITION,,
146,56070504925,XAUUSD,SELL,1.0,4643.15,4696.53,2026-04-02 17:05:08.421287,2026-04-02 20:43:30.000000,-5357.0,0.0,0.0,4696.53142,4565.38,ml_direct,1,ML Direct SELL | conf=61.0% [SELL=61.0% NO=7.6% BUY=31.4%],2.4,1.0,TRANSITION,,
147,56077439340,XAUUSD,SELL,1.0,4671.44,4652.3,2026-04-02 22:18:33.151337,2026-04-06 04:55:02.000000,1873.8,0.0,0.0,4726.0375,4606.42125,ml_direct,1,ML Direct SELL | conf=60.3% [SELL=60.3% NO=7.4% BUY=32.3%],2.4,1.0,TRANSITION,,
148,56079982446,AUDUSD,BUY,1.0,0.68997,0.69018,2026-04-03 15:31:39.789589,2026-04-03 18:50:03.000000,20.0,0.0,0.0,0.68771,0.69136,ml_filtered_sma,1,"SMA20 x SMA50 BUY, RSI=45.0",2.4,1.0,TRANSITION,,
149,56091185200,USDJPY,BUY,1.0,159.411,159.506,2026-04-06 12:05:11.412720,2026-04-06 18:03:50.000000,59.56,0.0,0.0,159.19002,159.90397,bollinger_bounce,1,BB bounce BUY | BB_pos=0.02 RSI=38.9 BBW=0.0027 BBW_avg_ratio=1.84,2.4,2.0,TRANSITION,,
150,56091188585,USDCHF,BUY,1.0,0.79738,0.79758,2026-04-06 12:05:21.890020,2026-04-06 16:10:07.000000,25.08,0.0,0.0,0.7944,0.80104,bollinger_bounce,1,BB bounce BUY | BB_pos=0.01 RSI=37.0 BBW=0.0068 BBW_avg_ratio=1.31,2.4,2.0,TRANSITION,,
151,56092307837,EURUSD,SELL,1.0,1.15517,1.15477,2026-04-06 13:05:06.329250,2026-04-06 17:47:37.000000,40.0,0.0,0.0,1.15941,1.14947,bollinger_bounce,1,BB bounce SELL | BB_pos=0.98 RSI=64.1 BBW=0.0055 BBW_avg_ratio=1.46,2.4,2.0,TRANSITION,,
152,56095793213,USDJPY,SELL,1.0,159.448,159.658,2026-04-06 16:05:05.482883,2026-04-06 20:55:55.000000,-131.53,0.0,0.0,159.65839,158.92202,ml_filtered_sma,1,"SMA20 x SMA50 SELL, RSI=44.5",2.4,1.0,TRANSITION,,
153,56095797483,XAUUSD,SELL,1.0,4672.16,4666.9,2026-04-06 16:05:15.828246,2026-04-06 21:52:44.000000,526.0,0.0,0.0,4717.54564,4619.23175,ml_direct,1,ML Direct SELL | conf=56.2% [SELL=56.2% NO=8.2% BUY=35.6%],2.4,1.0,TRANSITION,,
154,56100919550,EURUSD,BUY,1.0,1.15451,1.1548,2026-04-06 19:05:19.614536,2026-04-07 00:25:08.000000,20.0,0.0,0.0,1.15051,1.16082,ml_filtered_sma,1,"SMA20 x SMA50 BUY, RSI=54.4",2.4,1.0,TRANSITION,,
155,56100922243,GBPUSD,BUY,1.0,1.32361,1.3238400000000001,2026-04-06 19:05:30.582778,2026-04-07 00:32:16.000000,20.0,0.0,0.0,1.3212,1.32895,ml_filtered_sma,1,"SMA20 x SMA50 BUY, RSI=54.2",2.4,1.0,TRANSITION,,
156,56100924248,XAUUSD,SELL,1.0,4666.62,4665.85,2026-04-06 19:05:41.229084,2026-04-07 00:11:16.000000,76.0,0.0,0.0,4709.90523,4617.05223,ml_direct,1,ML Direct SELL | conf=55.5% [SELL=55.5% NO=10.1% BUY=34.4%],2.4,1.0,TRANSITION,,
157,56101973047,USDCHF,SELL,1.0,0.79837,0.79817,2026-04-06 20:05:04.860855,2026-04-06 23:38:02.000000,25.06,0.0,0.0,0.80119,0.79482,ml_filtered_sma,1,"SMA20 x SMA50 SELL, RSI=47.6",2.4,1.0,TRANSITION,,
158,56102979668,XAUUSD,SELL,1.0,4652.18,4652.16,2026-04-06 21:05:14.559432,2026-04-07 07:20:11.000000,-2.5999999999999996,0.0,0.0,4691.96989,4605.67179,ml_direct,1,ML Direct SELL | conf=60.1% [SELL=60.1% NO=9.5% BUY=30.4%],2.4,1.0,TRANSITION,,
159,56103896369,USDCAD,SELL,1.0,1.3914,1.3912,2026-04-06 22:05:35.410068,2026-04-07 03:55:10.000000,14.090000000000002,0.0,0.0,1.39324,1.39022,ml_filtered_sma,1,"SMA20 x SMA50 SELL, RSI=39.4",2.4,1.0,TRANSITION,,
160,56103899367,XAUUSD,SELL,1.0,4657.58,4657.54,2026-04-06 22:05:45.763776,2026-04-07 01:55:29.000000,2.0,0.0,0.0,4696.6721,4612.88255,ml_direct,1,ML Direct SELL | conf=61.4% [SELL=61.4% NO=10.7% BUY=27.9%],2.4,1.0,TRANSITION,,
161,56107328839,USDJPY,BUY,1.0,159.899,159.7,2026-04-07 05:05:14.478872,2026-04-07 14:02:12.000000,-125.23,0.0,0.0,159.70006,160.36134,ml_filtered_sma,1,"SMA20 x SMA50 BUY, RSI=64.2",2.4,1.0,TRANSITION,,
162,56107987498,AUDUSD,BUY,1.0,0.69099,0.69119,2026-04-07 06:05:15.276325,2026-04-07 09:48:45.000000,20.0,0.0,0.0,0.68801,0.69202,stop_hunt_reversal,1,Stop Hunt BUY | LOW sweep +7.3 pips | RSI=43.2 ATR=0.00100 Swing H=0.69379 L=0.69053,2.4,1.0,TRANSITION,,
163,56110886445,XAUUSD,SELL,1.0,4650.73,4650.75,2026-04-07 10:05:04.831840,2026-04-07 14:02:05.000000,2.0,0.0,0.0,4680.50924,4599.62922,ml_direct,1,ML Direct SELL | conf=58.3% [SELL=58.3% NO=8.5% BUY=33.2%],2.4,1.0,TRANSITION,,
164,56113464948,XAUUSD,SELL,1.0,4683.32,4680.56,2026-04-07 12:05:04.325688,2026-04-07 16:15:48.000000,277.0,0.0,0.0,4724.61228,4638.17901,ml_direct,1,ML Direct SELL | conf=56.6% [SELL=56.6% NO=8.6% BUY=34.8%],2.4,1.0,TRANSITION,,
165,56116561000,XAUUSD,SELL,1.0,4655.43,4654.26,2026-04-07 14:05:15.256007,2026-04-07 17:37:35.000000,124.0,0.0,0.0,4703.08408,4614.97857,ml_direct,1,ML Direct SELL | conf=58.9% [SELL=58.9% NO=7.5% BUY=33.7%],2.4,1.0,TRANSITION,,
166,56121238253,XAUUSD,SELL,1.0,4623.53,4623.14,2026-04-07 17:05:06.278761,2026-04-07 20:10:58.000000,2.0,0.0,0.0,4687.52469,4599.46119,ml_direct,1,ML Direct SELL | conf=55.2% [SELL=55.2% NO=8.4% BUY=36.3%],2.4,1.0,TRANSITION,,
167,56124706039,XAUUSD,SELL,1.0,4661.04,4690.28,2026-04-07 19:05:05.234507,2026-04-08 01:19:41.000000,-2938.0,0.0,0.0,4690.27868,4593.34488,ml_direct,1,ML Direct SELL | conf=59.3% [SELL=59.3% NO=10.5% BUY=30.2%],2.4,1.0,TRANSITION,,
168,56126000260,USDCHF,BUY,1.0,0.79919,0.79939,2026-04-07 20:05:05.404405,2026-04-07 23:32:31.000000,25.02,0.0,0.0,0.79622,0.80274,ml_filtered_sma,1,"SMA20 x SMA50 BUY, RSI=50.2",2.4,1.0,TRANSITION,,
169,56128515399,XAUUSD,SELL,1.0,4664.74,4706.37,2026-04-07 22:05:04.693200,2026-04-08 01:46:00.000000,-4165.0,0.0,0.0,4706.36905,4616.75777,ml_direct,1,ML Direct SELL | conf=55.2% [SELL=55.2% NO=11.0% BUY=33.7%],2.4,1.0,TRANSITION,,
170,56135528477,AUDUSD,BUY,1.0,0.70571,0.70744,2026-04-08 07:05:14.645626,2026-04-08 11:31:35.000000,173.0,0.0,0.0,0.69901,0.70744,ml_direct,1,ML Direct BUY | conf=60.5% [SELL=31.5% NO=8.0% BUY=60.5%],2.4,1.0,TRANSITION,,
171,56138121337,EURUSD,SELL,1.0,1.16887,1.16882,2026-04-08 10:05:05.096026,2026-04-08 13:18:02.000000,20.0,0.0,0.0,1.17574,1.16043,ml_direct,1,ML Direct SELL | conf=58.4% [SELL=58.4% NO=4.2% BUY=37.5%],2.4,1.0,TRANSITION,,
172,56138125038,XAUUSD,SELL,1.0,4814.69,4776.04,2026-04-08 10:05:15.474059,2026-04-08 16:16:23.000000,3867.0,0.0,0.0,4884.35078,4776.03742,ml_direct,1,ML Direct SELL | conf=55.1% [SELL=55.1% NO=7.7% BUY=37.3%],2.4,1.0,TRANSITION,,
173,56140201593,EURUSD,BUY,1.0,1.16839,1.16859,2026-04-08 12:05:04.623735,2026-04-08 17:01:23.000000,20.0,0.0,0.0,1.16221,1.17766,ml_direct,1,ML Direct BUY | conf=55.9% [SELL=38.1% NO=6.0% BUY=55.9%],2.4,1.0,TRANSITION,,
174,56141318131,EURUSD,BUY,1.0,1.16801,1.16964,2026-04-08 13:05:04.634547,2026-04-08 17:38:28.000000,163.0,0.0,0.0,1.16227,1.17696,ml_direct,1,ML Direct BUY | conf=56.3% [SELL=37.2% NO=6.5% BUY=56.3%],2.4,1.0,TRANSITION,,
175,56141320800,USDCHF,SELL,1.0,0.78926,0.7884,2026-04-08 13:05:15.173609,2026-04-08 17:39:47.000000,109.08,0.0,0.0,0.7933,0.78416,ml_direct,1,ML Direct SELL | conf=57.1% [SELL=57.1% NO=13.7% BUY=29.2%],2.4,1.0,TRANSITION,,
176,56162127413,XAUUSD,SELL,1.0,4715.22,4758.07,2026-04-09 10:05:04.928852,2026-04-09 18:01:17.000000,-4302.0,0.0,0.0,4758.0706,4673.26597,ml_direct,1,ML Direct SELL | conf=57.6% [SELL=57.6% NO=8.6% BUY=33.8%],2.4,1.0,TRANSITION,,
177,56165240292,XAUUSD,SELL,1.0,4728.41,4763.28,2026-04-09 13:05:07.281830,2026-04-09 19:35:16.000000,-3487.0,0.0,0.0,4763.2774,4688.03469,ml_filtered_sma,1,"SMA20 x SMA50 SELL, RSI=48.7",2.4,1.0,TRANSITION,,
178,56165244414,XAUUSD,SELL,1.0,4727.89,4763.28,2026-04-09 13:05:17.550768,2026-04-09 19:35:16.000000,-3535.0,0.0,0.0,4763.2774,4688.03469,ml_direct,1,ML Direct SELL | conf=56.7% [SELL=56.7% NO=9.0% BUY=34.2%],2.4,1.0,TRANSITION,,
179,56179383534,XAUUSD,SELL,1.0,4756.66,4756.64,2026-04-10 03:05:06.861318,2026-04-10 09:03:54.000000,2.0,0.0,0.0,4796.22025,4721.23137,ml_direct,1,ML Direct SELL | conf=58.6% [SELL=58.6% NO=10.1% BUY=31.3%],2.4,1.0,STABLE,,
180,56179829975,XAUUSD,SELL,1.0,4760.78,4760.76,2026-04-10 04:05:05.107306,2026-04-10 09:12:09.000000,2.0,0.0,0.0,4792.86203,4723.87096,ml_direct,1,ML Direct SELL | conf=59.6% [SELL=59.6% NO=10.7% BUY=29.7%],2.4,1.0,STABLE,,
181,56180346225,XAUUSD,SELL,1.0,4756.83,4756.9,2026-04-10 05:05:07.243559,2026-04-10 09:07:39.000000,2.0,0.0,0.0,4788.34944,4719.08232,ml_direct,1,ML Direct SELL | conf=57.6% [SELL=57.6% NO=10.4% BUY=32.1%],2.4,1.0,STABLE,,
182,56180904267,XAUUSD,SELL,1.0,4755.08,4755.06,2026-04-10 06:05:17.723160,2026-04-10 13:24:00.000000,2.0,0.0,0.0,4786.8145,4717.96975,ml_direct,1,ML Direct SELL | conf=59.5% [SELL=59.5% NO=10.8% BUY=29.7%],2.4,1.0,STABLE,,
183,56182468841,USDCHF,SELL,1.0,0.7904,0.7902,2026-04-10 09:05:06.425583,2026-04-10 12:38:10.000000,25.31,0.0,0.0,0.79281,0.7872,ml_filtered_sma,1,"SMA20 x SMA50 SELL, RSI=48.5",2.4,1.0,STABLE,,
184,56185954180,XAUUSD,SELL,1.0,4746.12,4779.3,2026-04-10 13:05:06.376828,2026-04-10 18:33:43.000000,-3314.0,0.0,0.0,4779.30136,4712.0234,ml_direct,1,ML Direct SELL | conf=58.0% [SELL=58.0% NO=8.8% BUY=33.2%],2.4,1.0,STABLE,,
185,56186807238,XAUUSD,SELL,1.0,4758.55,4787.79,2026-04-10 14:05:06.926097,2026-04-10 20:18:39.000000,-2922.0,0.0,0.0,4787.78649,4725.09077,ml_direct,1,ML Direct SELL | conf=55.3% [SELL=55.3% NO=10.2% BUY=34.5%],2.4,1.0,STABLE,,
186,56193408926,XAUUSD,SELL,1.0,4751.11,4714.43,2026-04-10 19:06:46.205086,2026-04-13 01:00:19.000000,3665.4,0.0,0.0,4782.16321,4714.42625,ml_direct,1,ML Direct SELL | conf=60.2% [SELL=60.2% NO=8.6% BUY=31.2%],2.4,1.0,STABLE,,
187,56194439848,XAUUSD,SELL,1.0,4759.77,4759.75,2026-04-10 20:05:04.548631,2026-04-10 21:11:17.000000,2.0,0.0,0.0,4789.67494,4724.62089,ml_direct,1,ML Direct SELL | conf=57.1% [SELL=57.1% NO=10.4% BUY=32.5%],2.4,1.0,STABLE,,
188,56195273438,XAUUSD,SELL,1.0,4752.63,4719.14,2026-04-10 21:05:06.325433,2026-04-13 01:00:19.000000,3344.4,0.0,0.0,4782.56195,4719.1394,ml_direct,1,ML Direct SELL | conf=63.2% [SELL=63.2% NO=9.9% BUY=26.9%],2.4,1.0,STABLE,,
189,56196075356,XAUUSD,SELL,1.0,4768.09,4734.43,2026-04-10 22:05:16.805981,2026-04-13 01:00:18.000000,3320.4,0.0,0.0,4797.12701,4734.43016,ml_direct,1,ML Direct SELL | conf=60.5% [SELL=60.5% NO=9.9% BUY=29.6%],2.4,1.0,STABLE,,
190,56198704836,USDCHF,SELL,1.0,0.79282,0.79262,2026-04-13 03:05:04.456356,2026-04-13 04:30:30.000000,25.23,0.0,0.0,0.79644,0.78842,bollinger_bounce,1,BB bounce SELL | BB_pos=1.00 RSI=65.8 BBW=0.0075 BBW_avg_ratio=1.59,2.4,2.0,STABLE,,
191,56199389443,AUDUSD,BUY,1.0,0.70372,0.70554,2026-04-13 04:05:04.932898,2026-04-13 10:32:24.000000,182.0,0.0,0.0,0.69892,0.70554,bollinger_bounce,1,BB bounce BUY | BB_pos=0.17 RSI=38.9 BBW=0.0127 BBW_avg_ratio=1.95,2.4,2.0,STABLE,,
192,56199391577,USDCAD,SELL,1.0,1.3860999999999999,1.3859,2026-04-13 04:05:15.280533,2026-04-13 09:13:23.000000,14.43,0.0,0.0,1.38886,1.38478,bollinger_bounce,1,BB bounce SELL | BB_pos=0.89 RSI=63.3 BBW=0.0046 BBW_avg_ratio=1.69,2.4,2.0,STABLE,,
193,56200111189,XAUUSD,SELL,1.0,4722.11,4722.21,2026-04-13 05:05:39.497550,2026-04-13 06:34:48.000000,2.0,0.0,0.0,4767.11912,4667.34604,ml_direct,1,ML Direct SELL | conf=55.6% [SELL=55.6% NO=9.8% BUY=34.6%],2.4,1.0,STABLE,,
194,56200694628,XAUUSD,SELL,1.0,4715.06,4715.04,2026-04-13 06:05:04.525585,2026-04-13 15:08:06.000000,2.0,0.0,0.0,4758.18812,4665.67553,ml_direct,1,ML Direct SELL | conf=56.0% [SELL=56.0% NO=9.4% BUY=34.6%],2.4,1.0,STABLE,,
195,56200696699,AUDUSD,BUY,1.0,0.70351,0.70371,2026-04-13 06:05:14.896922,2026-04-13 07:57:53.000000,20.0,0.0,0.0,0.6996,0.7056,ml_direct,1,ML Direct BUY | conf=55.0% [SELL=13.6% NO=31.4% BUY=55.0%],2.4,1.0,STABLE,,
196,56202766461,USDCHF,BUY,1.0,0.79187,0.78908,2026-04-13 09:05:04.720059,2026-04-13 16:48:43.000000,-353.58,0.0,0.0,0.78908,0.79524,ml_filtered_sma,1,"SMA20 x SMA50 BUY, RSI=58.2",2.4,1.0,STABLE,,
197,56205847301,GBPUSD,SELL,1.0,1.34293,1.34273,2026-04-13 12:05:05.035433,2026-04-13 13:30:38.000000,20.0,0.0,0.0,1.34516,1.33789,ml_filtered_sma,1,"SMA20 x SMA50 SELL, RSI=53.4",2.4,1.0,STABLE,,
198,56210651736,XAUUSD,SELL,1.0,4729.99,4712.67,2026-04-13 16:05:15.723194,2026-04-13 18:36:56.000000,1734.0,0.0,0.0,4748.28812,4672.93553,ml_direct,1,ML Direct SELL | conf=56.0% [SELL=56.0% NO=8.6% BUY=35.5%],2.4,1.0,STABLE,,
199,56215216555,XAUUSD,SELL,1.0,4710.35,4744.94,2026-04-13 19:05:14.559842,2026-04-13 19:47:20.000000,-3453.0,0.0,0.0,4744.9403,4673.59132,ml_direct,1,ML Direct SELL | conf=57.7% [SELL=57.7% NO=10.8% BUY=31.4%],2.4,1.0,STABLE,,
200,56216680738,GBPUSD,SELL,1.0,1.34768,1.35028,2026-04-13 20:05:23.981462,2026-04-13 21:53:04.000000,-260.0,0.0,0.0,1.35028,1.34178,bollinger_bounce,1,BB bounce SELL | BB_pos=0.98 RSI=68.4 BBW=0.0078 BBW_avg_ratio=0.99,2.4,2.0,STABLE,,
201,56216683818,XAUUSD,SELL,1.0,4737.64,4737.65,2026-04-13 20:05:34.317247,2026-04-13 20:18:02.000000,2.0,0.0,0.0,4772.33278,4698.09676,ml_direct,1,ML Direct SELL | conf=55.8% [SELL=55.8% NO=11.8% BUY=32.3%],2.4,1.0,STABLE,,
202,56217819927,GBPUSD,SELL,1.0,1.34898,1.3516,2026-04-13 21:05:14.704929,2026-04-14 02:09:53.000000,-264.2,0.0,0.0,1.3516,1.3431,bollinger_bounce,1,BB bounce SELL | BB_pos=0.99 RSI=71.7 BBW=0.0089 BBW_avg_ratio=1.11,2.4,2.0,STABLE,,
203,56218695071,GBPUSD,SELL,1.0,1.35026,1.35296,2026-04-13 22:05:15.965429,2026-04-14 10:02:11.000000,-272.2,0.0,0.0,1.35296,1.34421,bollinger_bounce,1,BB bounce SELL | BB_pos=0.97 RSI=72.7 BBW=0.0101 BBW_avg_ratio=1.24,2.4,2.0,STABLE,,
204,56218697578,USDCAD,BUY,1.0,1.37931,1.37713,2026-04-13 22:05:26.297591,2026-04-14 10:01:39.000000,-158.88000000000002,0.0,0.0,1.37713,1.38095,bollinger_bounce,1,BB bounce BUY | BB_pos=0.04 RSI=26.1 BBW=0.0071 BBW_avg_ratio=1.45,2.4,2.0,STABLE,,
205,56220507686,XAUUSD,SELL,1.0,4756.65,4788.65,2026-04-14 03:05:15.544499,2026-04-14 10:02:36.000000,-3200.0,0.0,0.0,4788.64638,4716.74257,ml_direct,1,ML Direct SELL | conf=61.2% [SELL=61.2% NO=10.9% BUY=27.9%],2.4,1.0,STABLE,,
206,56223089926,USDJPY,SELL,1.0,158.994,159.2,2026-04-14 08:05:05.328709,2026-04-14 09:10:51.000000,-129.4,0.0,0.0,159.19958,158.48005,ml_filtered_sma,1,"SMA20 x SMA50 SELL, RSI=32.8",2.4,1.0,STABLE,,
207,56223091787,USDJPY,SELL,1.0,158.985,159.2,2026-04-14 08:05:15.706760,2026-04-14 09:10:51.000000,-135.05,0.0,0.0,159.19958,158.48005,asia_breakout,1,Asia Breakout SELL | Asia H=159.77300 L=159.07600 Range=70p | RSI=32.8 ATR=0.13705,2.4,1.0,STABLE,,
208,56227861622,XAUUSD,SELL,1.0,4780.13,4778.03,2026-04-14 13:05:04.405423,2026-04-14 14:16:52.000000,210.0,0.0,0.0,4803.9943,4739.43997,ml_direct,1,ML Direct SELL | conf=55.3% [SELL=55.3% NO=7.8% BUY=37.0%],2.4,1.0,STABLE,,
209,56231402729,XAUUSD,SELL,1.0,4777.7,4805.47,2026-04-14 16:05:05.218040,2026-04-14 17:19:47.000000,-2777.0,0.0,0.0,4805.46566,4739.63005,ml_direct,1,ML Direct SELL | conf=55.1% [SELL=55.1% NO=7.6% BUY=37.3%],2.4,1.0,STABLE,,
210,56233105529,GBPUSD,SELL,1.0,1.35822,1.3576,2026-04-14 17:05:05.443628,2026-04-14 18:34:13.000000,62.0,0.0,0.0,1.3605,1.35306,bollinger_bounce,1,BB bounce SELL | BB_pos=0.93 RSI=81.1 BBW=0.0086 BBW_avg_ratio=0.93,2.4,2.0,STABLE,,
211,56233110210,USDCAD,BUY,1.0,1.37393,1.37412,2026-04-14 17:05:15.797221,2026-04-14 17:12:46.000000,14.55,0.0,0.0,1.37224,1.37554,bollinger_bounce,1,BB bounce BUY | BB_pos=0.03 RSI=21.0 BBW=0.0049 BBW_avg_ratio=0.77,2.4,2.0,STABLE,,
212,56236276608,XAUUSD,SELL,1.0,4815.21,4846.69,2026-04-14 19:21:36.348002,2026-04-15 01:00:18.000000,-3152.6,0.0,0.0,4846.68698,4778.40018,ml_direct,1,ML Direct SELL | conf=57.2% [SELL=57.2% NO=10.2% BUY=32.6%],2.4,1.0,,,
213,56236987831,XAUUSD,SELL,1.0,4815.58,4846.03,2026-04-14 20:05:04.730793,2026-04-14 22:59:01.000000,-3029.0,0.0,0.0,4846.03455,4780.09303,ml_direct,1,ML Direct SELL | conf=59.7% [SELL=59.7% NO=9.4% BUY=30.9%],2.4,1.0,,,
214,56238127960,XAUUSD,SELL,1.0,4836.78,4836.76,2026-04-14 21:05:04.421024,2026-04-15 03:59:12.000000,-2.5999999999999996,0.0,0.0,4867.88718,4800.83496,ml_direct,1,ML Direct SELL | conf=59.6% [SELL=59.6% NO=9.9% BUY=30.5%],2.4,1.0,,,
215,56241698595,XAUUSD,SELL,1.0,4847.92,4813.73,2026-04-15 05:05:06.886500,2026-04-15 08:43:46.000000,3419.0,0.0,0.0,4877.63816,4813.72547,ml_direct,1,ML Direct SELL | conf=56.0% [SELL=56.0% NO=8.5% BUY=35.5%],2.4,1.0,,,
216,56244026154,AUDUSD,BUY,1.0,0.71405,0.71424,2026-04-15 09:05:14.689520,2026-04-15 10:05:35.000000,20.0,0.0,0.0,0.71168,0.71528,asia_breakout,1,Asia Breakout BUY | Asia H=0.71325 L=0.70835 Range=49p | RSI=69.4 ATR=0.00090,2.4,1.0,,,
217,56247698914,XAUUSD,SELL,1.0,4795.72,4827.4,2026-04-15 13:05:05.313134,2026-04-15 16:51:13.000000,-3169.0,0.0,0.0,4827.40386,4764.25883,ml_direct,1,ML Direct SELL | conf=56.5% [SELL=56.5% NO=8.4% BUY=35.1%],2.4,1.0,,,
218,56248745849,XAUUSD,SELL,1.0,4798.73,4826.65,2026-04-15 14:05:07.323395,2026-04-15 16:50:38.000000,-2792.0,0.0,0.0,4826.64516,4766.66065,ml_direct,1,ML Direct SELL | conf=55.9% [SELL=55.9% NO=9.1% BUY=34.9%],2.4,1.0,,,
219,56254964143,XAUUSD,SELL,1.0,4804.64,4804.6,2026-04-15 19:05:07.291183,2026-04-15 20:23:26.000000,2.0,0.0,0.0,4825.72208,4761.99592,ml_direct,1,ML Direct SELL | conf=59.2% [SELL=59.2% NO=9.2% BUY=31.6%],2.4,1.0,,,
220,56255939076,XAUUSD,SELL,1.0,4800.07,4800.0,2026-04-15 20:05:05.196411,2026-04-15 21:02:31.000000,2.0,0.0,0.0,4827.92869,4769.30152,ml_direct,1,ML Direct SELL | conf=61.0% [SELL=61.0% NO=10.2% BUY=28.8%],2.4,1.0,,,
221,56256865706,AUDUSD,SELL,1.0,0.71686,0.71907,2026-04-15 21:05:25.230551,2026-04-16 05:42:33.000000,-265.4,0.0,0.0,0.71907,0.71504,bollinger_bounce,1,BB bounce SELL | BB_pos=0.99 RSI=76.0 BBW=0.0070 BBW_avg_ratio=1.33,2.4,2.0,,,
222,56256868300,XAUUSD,SELL,1.0,4797.35,4797.33,2026-04-15 21:05:35.569924,2026-04-16 01:16:33.000000,-11.8,0.0,0.0,4824.68052,4764.83605,ml_direct,1,ML Direct SELL | conf=60.2% [SELL=60.2% NO=10.3% BUY=29.5%],2.4,1.0,,,
223,56257560409,XAUUSD,SELL,1.0,4802.14,4800.67,2026-04-15 22:05:05.013858,2026-04-16 01:21:17.000000,135.2,0.0,0.0,4828.27702,4771.47348,ml_direct,1,ML Direct SELL | conf=57.6% [SELL=57.6% NO=10.5% BUY=31.9%],2.4,1.0,,,
224,56266674701,USDCHF,SELL,1.0,0.78339,0.78319,2026-04-16 14:05:08.420405,2026-04-16 16:51:12.000000,25.54,0.0,0.0,0.78579,0.78043,bollinger_bounce,1,BB bounce SELL | BB_pos=0.92 RSI=62.9 BBW=0.0050 BBW_avg_ratio=1.69,2.4,2.0,,,
225,56266680547,XAUUSD,SELL,1.0,4820.09,4820.04,2026-04-16 14:05:18.765233,2026-04-16 15:33:49.000000,2.0,0.0,0.0,4831.82726,4780.37486,ml_direct,1,ML Direct SELL | conf=55.5% [SELL=55.5% NO=9.3% BUY=35.3%],2.4,1.0,,,
226,56273130711,XAUUSD,SELL,1.0,4808.6,4791.55,2026-04-16 19:05:04.401835,2026-04-16 21:00:56.000000,1705.0,0.0,0.0,4829.45492,4769.81759,ml_direct,1,ML Direct SELL | conf=59.4% [SELL=59.4% NO=10.3% BUY=30.3%],2.4,1.0,,,
227,56274206531,USDCAD,BUY,1.0,1.37024,1.3704399999999999,2026-04-16 20:05:06.352759,2026-04-16 20:25:18.000000,14.59,0.0,0.0,1.36853,1.37204,bollinger_bounce,1,BB bounce BUY | BB_pos=0.03 RSI=32.0 BBW=0.0024 BBW_avg_ratio=0.58,2.4,2.0,,,
228,56274209124,USDJPY,BUY,1.0,159.194,159.214,2026-04-16 20:05:16.731905,2026-04-16 21:01:03.000000,12.56,0.0,0.0,158.93265,159.83338,ml_filtered_sma,1,"SMA20 x SMA50 BUY, RSI=58.8",2.4,1.0,,,
229,56280520024,AUDUSD,SELL,1.0,0.7165,0.7163,2026-04-17 09:16:01.452027,2026-04-17 10:00:02.000000,20.0,0.0,0.0,0.71862,0.71532,ml_filtered_sma,1,"SMA20 x SMA50 SELL, RSI=51.3",2.4,1.0,,,
230,56289308181,USDCAD,BUY,1.0,1.36695,1.36743,2026-04-17 17:05:06.880108,2026-04-17 19:11:15.000000,35.1,0.0,0.0,1.36428,1.36743,bollinger_bounce,1,BB bounce BUY | BB_pos=0.03 RSI=26.8 BBW=0.0040 BBW_avg_ratio=1.22,2.4,2.0,,,
231,56289314286,XAUUSD,SELL,1.0,4874.5,4874.45,2026-04-17 17:05:17.536016,2026-04-17 17:22:00.000000,2.0,0.0,0.0,4888.63222,4820.44241,ml_direct,1,ML Direct SELL | conf=55.0% [SELL=55.0% NO=7.9% BUY=37.1%],2.4,1.0,,,
232,56291860486,XAUUSD,SELL,1.0,4867.14,4865.34,2026-04-17 19:05:06.270130,2026-04-17 21:06:39.000000,180.0,0.0,0.0,4903.9701,4835.63322,rsi_reversal,1,"RSI reversal SELL | RSI=70.6 (prev=70.9, 2bars=74.3) price_confirm=yes",2.4,1.1,,,
233,56291863290,USDCHF,BUY,1.0,0.77978,0.77998,2026-04-17 19:05:17.360402,2026-04-17 20:16:09.000000,25.64,0.0,0.0,0.77615,0.78249,rsi_reversal,1,"RSI reversal BUY | RSI=28.5 (prev=26.2, 2bars=25.0) price_confirm=yes",2.4,1.1,,,
234,56292725399,EURUSD,BUY,1.0,1.17951,1.17551,2026-04-17 20:05:18.568648,2026-04-20 00:00:01.000000,-400.7,0.0,0.0,1.17551,1.18564,sma_crossover,1,"SMA20 crossed above SMA50, RSI=50.0",2.4,1.0,,,
235,56292728155,USDJPY,SELL,1.0,158.116,158.475,2026-04-17 20:05:28.951596,2026-04-17 22:24:24.000000,-226.53,0.0,0.0,158.47521,157.24599,sma_crossover,1,"SMA20 crossed below SMA50, RSI=31.4",2.4,1.0,,,
236,56292730559,EURUSD,BUY,1.0,1.1795,1.17551,2026-04-17 20:05:39.655625,2026-04-20 00:00:01.000000,-399.7,0.0,0.0,1.17551,1.18564,ml_filtered_sma,1,"SMA20 x SMA50 BUY, RSI=50.0",2.4,1.0,,,
237,56297066579,XAUUSD,SELL,1.0,4749.1,4806.96,2026-04-20 03:05:04.547222,2026-04-20 04:31:05.000000,-5787.0,0.0,0.0,4806.95526,4730.26554,ml_direct,1,ML Direct SELL | conf=55.1% [SELL=55.1% NO=9.6% BUY=35.3%],2.4,1.0,,,
238,56300289615,AUDUSD,SELL,1.0,0.71561,0.7154,2026-04-20 08:05:04.318544,2026-04-20 09:56:26.000000,21.0,0.0,0.0,0.71857,0.71322,ml_filtered_sma,1,"SMA20 x SMA50 SELL, RSI=45.2",2.4,1.0,,,
239,56302177772,XAUUSD,SELL,1.0,4797.44,4797.43,2026-04-20 10:05:15.175589,2026-04-20 12:01:18.000000,2.0,0.0,0.0,4821.21843,4747.81516,ml_direct,1,ML Direct SELL | conf=56.8% [SELL=56.8% NO=8.7% BUY=34.5%],2.4,1.0,,,
240,56305175962,XAUUSD,SELL,1.0,4791.55,4818.13,2026-04-20 13:05:04.519551,2026-04-20 15:20:19.000000,-2658.0,0.0,0.0,4818.13246,4749.81212,ml_direct,1,ML Direct SELL | conf=55.4% [SELL=55.4% NO=9.3% BUY=35.3%],2.4,1.0,,,
241,56308868818,USDCAD,BUY,1.0,1.3697300000000001,1.3679000000000001,2026-04-20 16:05:15.433509,2026-04-20 16:45:19.000000,-133.78,0.0,0.0,1.3679,1.3711,ml_filtered_sma,1,"SMA20 x SMA50 BUY, RSI=55.5",2.4,1.0,,,
242,56308871773,XAUUSD,SELL,1.0,4803.71,4803.71,2026-04-20 16:05:25.904835,2026-04-20 19:30:03.000000,2.0,0.0,0.0,4837.41893,4769.97291,ml_direct,1,ML Direct SELL | conf=58.9% [SELL=58.9% NO=8.2% BUY=32.9%],2.4,1.0,,,
243,56314549036,USDCHF,BUY,1.0,0.77828,0.77848,2026-04-20 20:05:14.951214,2026-04-20 20:35:39.000000,25.69,0.0,0.0,0.77516,0.78229,bollinger_bounce,1,BB bounce BUY | BB_pos=0.01 RSI=29.0 BBW=0.0084 BBW_avg_ratio=1.08,2.4,2.0,,,
244,56314551827,XAUUSD,SELL,1.0,4807.92,4782.93,2026-04-20 20:05:25.332428,2026-04-21 10:10:22.000000,2495.4,0.0,0.0,4835.39523,4771.44557,ml_direct,1,ML Direct SELL | conf=56.0% [SELL=56.0% NO=11.1% BUY=33.0%],2.4,1.0,,,
245,56315435636,XAUUSD,SELL,1.0,4812.71,4778.05,2026-04-20 21:05:17.191148,2026-04-21 09:00:24.000000,3466.4,0.0,0.0,4840.35455,4778.05303,ml_direct,1,ML Direct SELL | conf=57.7% [SELL=57.7% NO=11.7% BUY=30.6%],2.4,1.0,,,
246,56316180717,XAUUSD,SELL,1.0,4817.69,4817.65,2026-04-20 22:05:04.576479,2026-04-21 01:00:02.000000,-2.5999999999999996,0.0,0.0,4845.29005,4785.29495,ml_direct,1,ML Direct SELL | conf=58.1% [SELL=58.1% NO=10.7% BUY=31.2%],2.4,1.0,,,
247,56317012915,XAUUSD,SELL,1.0,4824.42,4824.4,2026-04-21 01:05:19.270480,2026-04-21 03:42:45.000000,2.0,0.0,0.0,4852.52609,4791.7379,ml_direct,1,ML Direct SELL | conf=59.3% [SELL=59.3% NO=11.4% BUY=29.3%],2.4,1.0,,,
248,56318311013,GBPUSD,BUY,1.0,1.35248,1.35037,2026-04-21 04:05:17.086618,2026-04-21 11:05:17.000000,-211.0,0.0,0.0,1.35037,1.35698,ml_filtered_sma,1,"SMA20 x SMA50 BUY, RSI=49.4",2.4,1.0,,,
249,56318312870,XAUUSD,SELL,1.0,4818.46,4788.13,2026-04-21 04:05:27.440921,2026-04-21 08:00:03.000000,3033.0,0.0,0.0,4844.53007,4788.13158,ml_direct,1,ML Direct SELL | conf=58.1% [SELL=58.1% NO=9.9% BUY=32.0%],2.4,1.0,,,
250,56318827869,AUDUSD,BUY,1.0,0.71746,0.71537,2026-04-21 05:05:04.560950,2026-04-21 10:59:26.000000,-209.0,0.0,0.0,0.71537,0.7196,ml_filtered_sma,1,"SMA20 x SMA50 BUY, RSI=57.8",2.4,1.0,,,
251,56319311958,EURUSD,BUY,1.0,1.17795,1.17499,2026-04-21 06:05:04.987136,2026-04-21 18:00:26.000000,-296.0,0.0,0.0,1.17499,1.18256,ml_filtered_sma,1,"SMA20 x SMA50 BUY, RSI=51.5",2.4,1.0,,,
252,56320527649,USDJPY,BUY,1.0,158.903,159.039,2026-04-21 08:05:16.144884,2026-04-21 16:53:39.000000,85.51,0.0,0.0,158.68936,159.4161,ml_filtered_sma,1,"SMA20 x SMA50 BUY, RSI=52.2",2.4,1.0,,,
253,56322377429,XAUUSD,SELL,1.0,4775.32,4775.3,2026-04-21 10:05:05.023790,2026-04-21 16:29:34.000000,2.0,0.0,0.0,4798.85314,4747.64799,ml_direct,1,ML Direct SELL | conf=55.2% [SELL=55.2% NO=8.1% BUY=36.8%],2.4,1.0,,,
254,56328694452,XAUUSD,SELL,1.0,4767.57,4738.5,2026-04-21 16:14:49.752617,2026-04-21 17:46:41.000000,2908.0,0.0,0.0,4794.65769,4738.50269,ml_direct,1,ML Direct SELL | conf=57.0% [SELL=57.0% NO=7.8% BUY=35.1%],2.4,1.0,,,
255,56333309927,USDJPY,SELL,1.0,159.403,159.383,2026-04-21 19:05:11.368658,2026-04-21 21:15:15.000000,12.55,0.0,0.0,159.64267,158.80383,bollinger_bounce,1,BB bounce SELL | BB_pos=0.94 RSI=65.6 BBW=0.0050 BBW_avg_ratio=1.51,2.4,2.0,,,
256,56333314623,XAUUSD,SELL,1.0,4740.01,4703.84,2026-04-21 19:05:21.717652,2026-04-21 20:11:08.000000,3611.0,0.0,0.0,4774.98767,4703.83939,ml_direct,1,ML Direct SELL | conf=64.6% [SELL=64.6% NO=9.3% BUY=26.0%],2.4,1.0,,,
257,56334678728,USDJPY,SELL,1.0,159.518,159.286,2026-04-21 20:05:09.148853,2026-04-21 20:46:06.000000,145.65,0.0,0.0,159.73717,158.91057,bollinger_bounce,1,BB bounce SELL | BB_pos=0.97 RSI=68.2 BBW=0.0054 BBW_avg_ratio=1.56,2.4,2.0,,,
258,56334690608,EURUSD,SELL,1.0,1.1736,1.17296,2026-04-21 20:05:19.576219,2026-04-21 20:26:01.000000,65.0,0.0,0.0,1.17743,1.16834,ml_filtered_sma,1,"SMA20 x SMA50 SELL, RSI=30.2",2.4,1.0,,,
259,56334696824,XAUUSD,SELL,1.0,4710.15,4709.82,2026-04-21 20:05:30.088154,2026-04-21 20:38:55.000000,2.0,0.0,0.0,4744.50338,4672.86607,ml_direct,1,ML Direct SELL | conf=55.8% [SELL=55.8% NO=8.6% BUY=35.6%],2.4,1.0,,,
260,56336122764,XAUUSD,SELL,1.0,4710.97,4706.59,2026-04-21 21:05:45.661649,2026-04-21 21:54:46.000000,437.0,0.0,0.0,4743.45517,4672.22564,ml_direct,1,ML Direct SELL | conf=57.9% [SELL=57.9% NO=9.1% BUY=33.0%],2.4,1.0,,,
261,56337077412,XAUUSD,SELL,1.0,4710.32,4671.98,2026-04-21 22:05:25.744564,2026-04-21 22:44:09.000000,3861.0,0.0,0.0,4743.09401,4671.97532,ml_direct,1,ML Direct SELL | conf=55.8% [SELL=55.8% NO=9.6% BUY=34.6%],2.4,1.0,,,
262,56338121110,EURUSD,BUY,1.0,1.17268,1.17427,2026-04-21 23:05:14.692137,2026-04-21 23:45:15.000000,159.0,0.0,0.0,1.16788,1.17973,bollinger_bounce,1,BB bounce BUY | BB_pos=0.00 RSI=25.7 BBW=0.0058 BBW_avg_ratio=1.65,2.4,2.0,,,
263,56338121450,USDJPY,SELL,1.0,159.61,159.416,2026-04-21 23:05:25.012568,2026-04-21 23:46:41.000000,121.69,0.0,0.0,159.90393,158.89268,bollinger_bounce,1,BB bounce SELL | BB_pos=0.95 RSI=67.9 BBW=0.0059 BBW_avg_ratio=1.52,2.4,2.0,,,
264,56339771495,XAUUSD,SELL,1.0,4739.72,4739.67,2026-04-22 04:05:06.597282,2026-04-22 17:49:29.000000,2.0,0.0,0.0,4782.85834,4701.20026,ml_direct,1,ML Direct SELL | conf=56.0% [SELL=56.0% NO=9.6% BUY=34.5%],2.4,1.0,,,
265,56340290230,USDCHF,BUY,1.0,0.78058,0.78078,2026-04-22 05:05:06.565657,2026-04-22 13:35:04.000000,25.62,0.0,0.0,0.77731,0.78443,ml_filtered_sma,1,"SMA20 x SMA50 BUY, RSI=52.4",2.4,1.0,,,
266,56342630217,AUDUSD,BUY,1.0,0.7166,0.7168,2026-04-22 09:05:05.006174,2026-04-22 09:59:55.000000,20.0,0.0,0.0,0.71376,0.71885,asia_breakout,1,Asia Breakout BUY | Asia H=0.71674 L=0.71299 Range=38p | RSI=57.5 ATR=0.00127,2.4,1.0,,,
267,56343274814,XAUUSD,SELL,1.0,4768.73,4762.59,2026-04-22 10:05:15.709855,2026-04-22 12:42:07.000000,613.0,0.0,0.0,4797.79585,4734.84151,ml_direct,1,ML Direct SELL | conf=56.2% [SELL=56.2% NO=8.1% BUY=35.7%],2.4,1.0,,,
268,56353293162,XAUUSD,SELL,1.0,4730.89,4730.86,2026-04-22 19:05:04.116301,2026-04-22 19:42:09.000000,2.0,0.0,0.0,4757.47168,4699.55305,ml_direct,1,ML Direct SELL | conf=58.6% [SELL=58.6% NO=10.2% BUY=31.2%],2.4,1.0,,,
269,56354142810,XAUUSD,SELL,1.0,4736.06,4705.43,2026-04-22 20:05:15.688725,2026-04-23 03:13:45.000000,3050.2,0.0,0.0,4762.35053,4705.43105,ml_direct,1,ML Direct SELL | conf=60.6% [SELL=60.6% NO=11.0% BUY=28.4%],2.4,1.0,,,
270,56354915907,XAUUSD,SELL,1.0,4736.68,4707.75,2026-04-22 21:05:05.418240,2026-04-23 03:12:52.000000,2879.2,0.0,0.0,4761.90024,4707.75472,ml_direct,1,ML Direct SELL | conf=63.0% [SELL=63.0% NO=10.2% BUY=26.8%],2.4,1.0,,,
271,56355601859,XAUUSD,SELL,1.0,4741.53,4712.37,2026-04-22 22:05:07.271215,2026-04-23 03:10:18.000000,2902.2,0.0,0.0,4767.26377,4712.37394,ml_direct,1,ML Direct SELL | conf=59.9% [SELL=59.9% NO=11.0% BUY=29.1%],2.4,1.0,,,
272,56361818836,XAUUSD,SELL,1.0,4712.94,4712.93,2026-04-23 10:05:04.895448,2026-04-23 10:35:47.000000,2.0,0.0,0.0,4740.50124,4679.81021,ml_direct,1,ML Direct SELL | conf=56.6% [SELL=56.6% NO=8.6% BUY=34.8%],2.4,1.0,,,
273,56364489407,XAUUSD,SELL,1.0,4700.63,4696.03,2026-04-23 13:05:04.692777,2026-04-23 13:40:21.000000,460.0,0.0,0.0,4729.43218,4669.69246,ml_direct,1,ML Direct SELL | conf=55.5% [SELL=55.5% NO=8.0% BUY=36.5%],2.4,1.0,,,
274,56377863495,XAUUSD,SELL,1.0,4692.91,4675.9,2026-04-24 03:05:09.412266,2026-04-24 07:48:41.000000,1704.0,0.0,0.0,4723.59571,4657.11,ml_direct,1,ML Direct SELL | conf=65.5% [SELL=65.5% NO=9.6% BUY=24.9%],2.4,1.0,,,
275,56378377350,XAUUSD,SELL,1.0,4696.55,4661.42,2026-04-24 04:05:09.069786,2026-04-24 07:25:14.000000,3513.0,0.0,0.0,4727.42354,4661.4192,ml_direct,1,ML Direct SELL | conf=63.8% [SELL=63.8% NO=10.3% BUY=25.9%],2.4,1.0,,,
276,56378908567,XAUUSD,SELL,1.0,4697.86,4662.62,2026-04-24 05:05:07.363166,2026-04-24 07:23:03.000000,3525.0,0.0,0.0,4727.28145,4662.62497,ml_direct,1,ML Direct SELL | conf=64.4% [SELL=64.4% NO=10.1% BUY=25.5%],2.4,1.0,,,
277,56382122993,XAUUSD,SELL,1.0,4674.37,4703.53,2026-04-24 10:05:08.252261,2026-04-24 14:08:09.000000,-2912.0,0.0,0.0,4703.53482,4640.73438,ml_direct,1,ML Direct SELL | conf=55.0% [SELL=55.0% NO=8.8% BUY=36.1%],2.4,1.0,,,
278,56387752068,XAUUSD,SELL,1.0,4697.1,4734.12,2026-04-24 16:05:07.101469,2026-04-24 17:12:05.000000,-3702.0,0.0,0.0,4734.1197,4669.14202,ml_direct,1,ML Direct SELL | conf=56.8% [SELL=56.8% NO=8.2% BUY=34.9%],2.4,1.0,,,
279,56391585068,GBPUSD,SELL,1.0,1.3514,1.3537,2026-04-24 19:05:09.091803,2026-04-24 23:41:41.000000,-229.0,0.0,0.0,1.3537,1.34626,bollinger_bounce,1,BB bounce SELL | BB_pos=0.97 RSI=66.9 BBW=0.0054 BBW_avg_ratio=1.27,2.4,2.0,,,
280,56391587023,XAUUSD,SELL,1.0,4726.06,4726.02,2026-04-24 19:05:19.414386,2026-04-24 22:03:01.000000,2.0,0.0,0.0,4750.68415,4681.73182,ml_direct,1,ML Direct SELL | conf=59.2% [SELL=59.2% NO=10.0% BUY=30.8%],2.4,1.0,,,
281,56392439059,GBPUSD,SELL,1.0,1.35219,1.35198,2026-04-24 20:05:09.499152,2026-04-27 01:00:19.000000,17.8,0.0,0.0,1.35444,1.34709,bollinger_bounce,1,BB bounce SELL | BB_pos=0.97 RSI=70.2 BBW=0.0061 BBW_avg_ratio=1.40,2.4,2.0,,,
282,56393837341,EURUSD,BUY,1.0,1.17179,1.17199,2026-04-24 22:05:19.912566,2026-04-24 23:57:47.000000,20.0,0.0,0.0,1.16831,1.17723,ml_filtered_sma,1,"SMA20 x SMA50 BUY, RSI=62.1",2.4,1.0,,,
283,56393838928,XAUUSD,SELL,1.0,4723.35,4691.86,2026-04-24 22:05:30.337109,2026-04-27 01:06:17.000000,3146.4,0.0,0.0,4751.84202,4691.8643,ml_direct,1,ML Direct SELL | conf=59.0% [SELL=59.0% NO=10.5% BUY=30.4%],2.4,1.0,,,
284,56394562800,USDJPY,SELL,1.0,159.545,159.525,2026-04-27 01:05:21.040168,2026-04-27 03:53:34.000000,12.54,0.0,0.0,159.75938,159.02307,ml_filtered_sma,1,"SMA20 x SMA50 SELL, RSI=50.2",2.4,1.0,,,
285,56394563160,XAUUSD,SELL,1.0,4695.69,4686.39,2026-04-27 01:05:23.304314,2026-04-27 03:52:13.000000,928.0,0.0,0.0,4725.21126,4662.20185,ml_direct,1,ML Direct SELL | conf=56.2% [SELL=56.2% NO=9.9% BUY=33.9%],2.4,1.0,,,
286,56395553256,XAUUSD,SELL,1.0,4678.99,4706.99,2026-04-27 03:05:06.610775,2026-04-27 04:02:42.000000,-2800.0,0.0,0.0,4706.98748,4646.67294,ml_direct,1,ML Direct SELL | conf=59.3% [SELL=59.3% NO=9.9% BUY=30.8%],2.4,1.0,,,
287,56396159881,USDCAD,SELL,1.0,1.36655,1.36643,2026-04-27 04:05:12.816595,2026-04-27 04:06:08.000000,8.78,0.0,0.0,1.3695,1.36643,ml_filtered_sma,1,"SMA20 x SMA50 SELL, RSI=45.2",2.4,1.0,,,
288,56396160771,XAUUSD,SELL,1.0,4705.23,4705.36,2026-04-27 04:05:14.981942,2026-04-27 04:50:54.000000,2.0,0.0,0.0,4735.73977,4671.86693,ml_direct,1,ML Direct SELL | conf=55.1% [SELL=55.1% NO=11.5% BUY=33.4%],2.4,1.0,,,
289,56396785803,AUDUSD,BUY,1.0,0.71673,0.71693,2026-04-27 05:05:10.554152,2026-04-27 07:50:06.000000,20.0,0.0,0.0,0.71369,0.71815,ml_filtered_sma,1,"SMA20 x SMA50 BUY, RSI=65.2",2.4,1.0,,,
290,56396786067,XAUUSD,SELL,1.0,4702.14,4702.12,2026-04-27 05:05:12.758893,2026-04-27 16:18:11.000000,2.0,0.0,0.0,4730.41646,4668.89081,ml_direct,1,ML Direct SELL | conf=59.2% [SELL=59.2% NO=10.6% BUY=30.2%],2.4,1.0,,,
291,56397384198,XAUUSD,SELL,1.0,4720.27,4708.66,2026-04-27 06:05:04.393784,2026-04-27 13:37:16.000000,1161.0,0.0,0.0,4749.51954,4686.83888,ml_direct,1,ML Direct SELL | conf=56.4% [SELL=56.4% NO=11.4% BUY=32.1%],2.4,1.0,,,
292,56397949865,USDCHF,SELL,1.0,0.78456,0.78436,2026-04-27 07:05:22.135899,2026-04-27 11:11:17.000000,25.5,0.0,0.0,0.78729,0.78138,ml_filtered_sma,1,"SMA20 x SMA50 SELL, RSI=43.1",2.4,1.0,,,
293,56403738547,GBPUSD,SELL,1.0,1.35556,1.35754,2026-04-27 14:05:08.435135,2026-04-27 15:17:08.000000,-198.0,0.0,0.0,1.35754,1.35123,stop_hunt_reversal,1,Stop Hunt SELL | HIGH sweep +4.4 pips | RSI=66.7 ATR=0.00126 Swing H=1.35574 L=1.34902,2.4,1.0,,,
294,56404732372,USDCAD,BUY,1.0,1.36069,1.36089,2026-04-27 15:05:06.851086,2026-04-27 16:53:29.000000,14.7,0.0,0.0,1.35924,1.36254,bollinger_bounce,1,BB bounce BUY | BB_pos=0.06 RSI=21.9 BBW=0.0071 BBW_avg_ratio=1.74,2.4,2.0,,,
295,56407548372,AUDUSD,SELL,1.0,0.7188,0.7186,2026-04-27 17:05:12.164119,2026-04-27 20:23:09.000000,20.0,0.0,0.0,0.72134,0.71742,stop_hunt_reversal,1,Stop Hunt SELL | HIGH sweep +4.3 pips | RSI=69.4 ATR=0.00098 Swing H=0.71902 L=0.71305,2.4,1.0,,,
296,56410385196,XAUUSD,SELL,1.0,4670.65,4651.38,2026-04-27 19:05:11.214700,2026-04-28 08:06:32.000000,1922.4,0.0,0.0,4702.26531,4651.38048,ml_direct,1,ML Direct SELL | conf=63.2% [SELL=63.2% NO=9.4% BUY=27.4%],2.4,1.0,,,
297,56411246561,XAUUSD,SELL,1.0,4674.64,4695.94,2026-04-27 20:05:10.436846,2026-04-28 03:01:40.000000,-2134.6,0.0,0.0,4695.93638,4648.32089,ml_direct,1,ML Direct SELL | conf=62.7% [SELL=62.7% NO=9.6% BUY=27.7%],2.4,1.0,,,
298,56412151980,XAUUSD,SELL,1.0,4680.19,4654.5,2026-04-27 21:05:07.271991,2026-04-28 08:06:31.000000,2563.4,0.0,0.0,4702.13187,4654.50449,ml_direct,1,ML Direct SELL | conf=61.7% [SELL=61.7% NO=9.6% BUY=28.7%],2.4,1.0,,,
299,56413984285,XAUUSD,SELL,1.0,4698.07,4675.38,2026-04-28 03:05:12.886990,2026-04-28 04:57:12.000000,2268.0,0.0,0.0,4717.81853,4675.37671,ml_direct,1,ML Direct SELL | conf=59.8% [SELL=59.8% NO=10.6% BUY=29.6%],2.4,1.0,,,
300,56414982957,XAUUSD,SELL,1.0,4673.09,4673.08,2026-04-28 05:05:10.423803,2026-04-28 06:07:30.000000,2.0,0.0,0.0,4692.78792,4648.91744,ml_direct,1,ML Direct SELL | conf=65.9% [SELL=65.9% NO=8.7% BUY=25.4%],2.4,1.0,,,
301,56415897160,XAUUSD,SELL,1.0,4667.81,4645.54,2026-04-28 07:05:10.462142,2026-04-28 08:30:26.000000,2227.0,0.0,0.0,4687.24956,4645.54218,ml_direct,1,ML Direct SELL | conf=57.1% [SELL=57.1% NO=8.8% BUY=34.1%],2.4,1.0,,,
302,56417706229,GBPUSD,SELL,1.0,1.35185,1.35165,2026-04-28 09:05:13.135444,2026-04-28 09:27:09.000000,20.0,0.0,0.0,1.35346,1.34816,asia_breakout,1,Asia Breakout SELL | Asia H=1.35411 L=1.35206 Range=20p | RSI=41.3 ATR=0.00106,2.4,1.0,,,
303,56417707101,USDCHF,BUY,1.0,0.78758,0.78778,2026-04-28 09:05:15.316566,2026-04-28 09:25:15.000000,25.39,0.0,0.0,0.78519,0.78987,asia_breakout,1,Asia Breakout BUY | Asia H=0.78684 L=0.78390 Range=29p | RSI=66.3 ATR=0.00075,2.4,1.0,,,
304,56418660485,XAUUSD,SELL,1.0,4637.56,4628.24,2026-04-28 10:05:25.345452,2026-04-28 11:30:16.000000,928.0,0.0,0.0,4652.66635,4602.60259,ml_direct,1,ML Direct SELL | conf=57.3% [SELL=57.3% NO=7.4% BUY=35.4%],2.4,1.0,,,
305,56418661330,AUDUSD,BUY,1.0,0.71682,0.71703,2026-04-28 10:05:27.665248,2026-04-28 10:26:47.000000,20.0,0.0,0.0,0.71544,0.71872,stop_hunt_reversal,1,Stop Hunt BUY | LOW sweep +3.1 pips | RSI=46.5 ATR=0.00082 Swing H=0.71998 L=0.71735,2.4,1.0,,,
306,56418661811,USDCHF,BUY,1.0,0.78934,0.78957,2026-04-28 10:05:29.847398,2026-04-28 12:47:07.000000,25.33,0.0,0.0,0.78674,0.79192,asia_breakout,1,Asia Breakout BUY | Asia H=0.78686 L=0.78390 Range=30p | RSI=75.1 ATR=0.00083,2.4,1.0,,,
307,56421619895,GBPUSD,SELL,1.0,1.3492199999999999,1.3490199999999999,2026-04-28 13:05:11.152200,2026-04-28 13:20:41.000000,20.0,0.0,0.0,1.35102,1.34527,ml_filtered_sma,1,"SMA20 x SMA50 SELL, RSI=32.2",2.4,1.0,,,
308,56421620484,USDJPY,BUY,1.0,159.565,159.585,2026-04-28 13:05:13.816316,2026-04-28 13:41:41.000000,12.53,0.0,0.0,159.31186,160.17334,ml_filtered_sma,1,"SMA20 x SMA50 BUY, RSI=57.6",2.4,1.0,,,
309,56421620963,XAUUSD,SELL,1.0,4608.81,4608.78,2026-04-28 13:05:16.302885,2026-04-28 14:02:15.000000,2.0,0.0,0.0,4637.79216,4584.96415,ml_direct,1,ML Direct SELL | conf=56.1% [SELL=56.1% NO=7.4% BUY=36.5%],2.4,1.0,,,
310,56422534331,XAUUSD,BUY,1.0,4604.55,4580.21,2026-04-28 14:05:30.723437,2026-04-28 14:37:04.000000,-2439.0,0.0,0.0,4580.20539,4631.52205,bollinger_bounce,1,BB bounce BUY | BB_pos=0.06 RSI=21.7 BBW=0.0266 BBW_avg_ratio=1.62,2.4,2.0,,,
311,56422535120,USDCAD,SELL,1.0,1.36615,1.36829,2026-04-28 14:05:32.898480,2026-04-28 17:47:19.000000,-156.4,0.0,0.0,1.36829,1.36498,bollinger_bounce,1,BB bounce SELL | BB_pos=0.98 RSI=63.5 BBW=0.0041 BBW_avg_ratio=0.85,2.4,2.0,,,
312,56422535859,USDCHF,SELL,1.0,0.78961,0.78941,2026-04-28 14:05:35.164291,2026-04-28 18:32:14.000000,25.34,0.0,0.0,0.79232,0.7863,stop_hunt_reversal,1,Stop Hunt SELL | HIGH sweep +3.7 pips | RSI=70.7 ATR=0.00096 Swing H=0.78972 L=0.78307,2.4,1.0,,,
313,56424325996,EURUSD,BUY,1.0,1.16792,1.16941,2026-04-28 15:05:06.765423,2026-04-28 15:55:07.000000,149.0,0.0,0.0,1.16467,1.17293,bollinger_bounce,1,BB bounce BUY | BB_pos=0.00 RSI=29.8 BBW=0.0050 BBW_avg_ratio=1.23,2.4,2.0,,,
314,56425848782,AUDUSD,BUY,1.0,0.71648,0.71668,2026-04-28 16:05:16.459782,2026-04-28 16:30:07.000000,20.0,0.0,0.0,0.71324,0.71734,bollinger_bounce,1,BB bounce BUY | BB_pos=0.03 RSI=39.0 BBW=0.0060 BBW_avg_ratio=1.30,2.4,2.0,,,
315,56427299096,XAUUSD,SELL,1.0,4567.16,4567.05,2026-04-28 17:05:09.536959,2026-04-28 17:48:00.000000,2.0,0.0,0.0,4609.44728,4540.61817,ml_direct,1,ML Direct SELL | conf=55.4% [SELL=55.4% NO=7.4% BUY=37.2%],2.4,1.0,,,
316,56429829608,USDCAD,SELL,1.0,1.36743,1.37032,2026-04-28 19:05:09.193539,2026-04-29 16:47:13.000000,-211.19,0.0,0.0,1.37032,1.36622,bollinger_bounce,1,BB bounce SELL | BB_pos=0.87 RSI=63.2 BBW=0.0062 BBW_avg_ratio=1.43,2.4,2.0,,,
317,56431735932,XAUUSD,SELL,1.0,4593.76,4593.76,2026-04-28 21:05:10.913607,2026-04-29 02:55:36.000000,-2.5999999999999996,0.0,0.0,4626.94601,4561.56466,ml_direct,1,ML Direct SELL | conf=55.1% [SELL=55.1% NO=8.4% BUY=36.5%],2.4,1.0,,,
318,56468583948,USDCHF,BUY,1.0,0.78224,0.78244,2026-04-30 20:05:04.498515,2026-05-01 09:07:52.000000,25.689999999999998,0.0,0.0,0.77829,0.78792,rsi_reversal,1,"RSI reversal BUY | RSI=24.4 (prev=23.5, 2bars=21.2) price_confirm=yes",2.4,1.1,,,
319,56478463869,USDJPY,BUY,1.0,156.592,156.611,2026-05-01 14:05:05.852290,2026-05-01 16:50:52.000000,12.77,0.0,0.0,155.98127,158.08385,ml_direct,1,ML Direct BUY | conf=55.2% [SELL=35.3% NO=9.5% BUY=55.2%],2.4,1.0,,,
320,56511431194,USDJPY,BUY,1.0,157.239,157.537,2026-05-05 06:05:19.984430,2026-05-05 12:30:37.000000,189.16,0.0,0.0,156.90823,158.03095,ml_direct,1,ML Direct BUY | conf=59.3% [SELL=23.8% NO=16.9% BUY=59.3%],2.4,1.0,,,
321,56511827574,USDJPY,BUY,1.0,157.263,157.537,2026-05-05 07:05:05.467181,2026-05-05 12:30:37.000000,173.93,0.0,0.0,156.95015,158.01011,ml_direct,1,ML Direct BUY | conf=60.9% [SELL=24.2% NO=14.9% BUY=60.9%],2.4,1.0,,,
322,56512333858,USDJPY,BUY,1.0,157.271,157.537,2026-05-05 08:05:05.255894,2026-05-05 12:30:37.000000,168.85,0.0,0.0,156.97685,157.99586,ml_direct,1,ML Direct BUY | conf=60.8% [SELL=25.2% NO=14.0% BUY=60.8%],2.4,1.0,,,
323,56546244452,USDJPY,BUY,1.0,156.33,156.35,2026-05-07 01:05:06.716095,2026-05-07 03:11:14.000000,12.79,0.0,0.0,155.91943,157.30743,ml_direct,1,ML Direct BUY | conf=57.1% [SELL=27.3% NO=15.7% BUY=57.1%],2.4,1.0,,,
324,56664674328,GBPUSD,SELL,1.0,1.33752,1.33556,2026-05-15 06:05:06.136788,2026-05-15 09:08:22.000000,196.0,0.0,0.0,1.3399,1.33218,ml_direct,1,ML Direct SELL | conf=55.9% [SELL=55.9% NO=18.7% BUY=25.4%],2.4,1.0,,1.33752,0.1
325,56665170555,GBPUSD,SELL,1.0,1.3372,1.33556,2026-05-15 07:05:06.901674,2026-05-15 09:08:22.000000,164.0,0.0,0.0,1.33948,1.33206,ml_direct,1,ML Direct SELL | conf=59.6% [SELL=59.6% NO=14.7% BUY=25.7%],2.4,1.0,,1.3372,0.0
326,56665844588,GBPUSD,SELL,1.0,1.33616,1.33556,2026-05-15 08:05:05.717351,2026-05-15 09:08:22.000000,60.0,0.0,0.0,1.33844,1.3311,ml_direct,1,ML Direct SELL | conf=58.1% [SELL=58.1% NO=12.9% BUY=29.0%],2.4,1.0,,1.33616,0.1
327,56668116118,GBPUSD,SELL,1.0,1.3355000000000001,1.3353,2026-05-15 10:05:07.835176,2026-05-15 11:43:30.000000,20.0,0.0,0.0,1.33799,1.3299,ml_direct,1,ML Direct SELL | conf=56.9% [SELL=56.9% NO=12.7% BUY=30.3%],2.4,1.0,,1.33551,0.0
328,56674926949,USDCHF,BUY,1.0,0.78644,0.78664,2026-05-15 16:05:04.557581,2026-05-15 16:10:21.000000,25.42,0.0,0.0,0.78325,0.79006,macd_crossover,1,MACD crossover BUY | MACD=0.00087 Signal=0.00086 Hist=0.00001 | EMA50=0.78346 EMA200=0.78175,2.4,2.0,,0.78648,0.1
329,56711232650,GBPUSD,SELL,1.0,1.33918,1.34172,2026-05-19 10:05:03.894292,2026-05-19 15:29:12.000000,-254.0,0.0,0.0,1.34172,1.33343,ml_direct,1,ML Direct SELL | conf=56.3% [SELL=56.3% NO=9.3% BUY=34.4%],2.4,1.0,,1.3391899999999999,0.1
330,56713198549,GBPUSD,SELL,1.0,1.3394300000000001,1.34186,2026-05-19 12:05:04.723459,2026-05-19 15:29:15.000000,-243.0,0.0,0.0,1.34186,1.3339,ml_direct,1,ML Direct SELL | conf=56.1% [SELL=56.1% NO=9.2% BUY=34.7%],2.4,1.0,,1.33942,0.1
