time,crypto_LO_12w_c10bps,crypto_LO_12w_c20bps,crypto_LO_12m_c10bps,crypto_LO_12m_c20bps,crypto_LS_12w_c10bps,crypto_LS_12w_c20bps,crypto_LS_12m_c10bps,crypto_LS_12m_c20bps,BH_BTC
2018-02-02,1.0,1.0,,,1.0,1.0,,,1.0
2018-02-09,0.9972751871965849,0.9971995957182905,,,0.9972751871965849,0.9971995957182905,,,0.978687100122506
2018-02-16,1.0063434288726383,1.0062668242761086,,,1.0063434288726383,1.0062668242761086,,,1.1450406456419058
2018-02-23,1.0027303063529571,1.0026533544366703,,,1.0027303063529571,1.0026533544366703,,,1.1417790765950302
2018-03-02,1.0029052125125015,1.0027888606657276,,,0.9994038067460852,0.9992490889189428,,,1.244107142655891
2018-03-09,0.9966576153449369,0.9965406447194203,,,0.9996552695228225,0.9994982172571353,,,1.0398927987395512
2018-03-16,0.9899711740511143,0.9898537050968127,,,0.9969678503484217,0.9968088181169285,,,0.9309108613404891
2018-03-23,0.9899326239349181,0.989776614013054,,,0.9974784079242324,0.9972425532318625,,,1.0028175268200379
2018-03-30,0.9899326239349181,0.989776614013054,,,1.0165875356003626,1.0163467152060304,,,0.7709012592090863
2018-04-06,0.9899326239349181,0.989776614013054,,,1.0200897846720787,1.0198460384181811,,,0.7439837349811733
2018-04-13,0.9899326239349181,0.989776614013054,,,1.0002092588490323,0.9999700647115881,,,0.8877925578973586
2018-04-20,0.9899326239349181,0.989776614013054,,,0.9872373497673708,0.9869989219903262,,,0.9981911477815356
2018-04-27,0.9899326239349181,0.989776614013054,,,0.9855914875964806,0.9853519836042383,,,1.0047695094009599
2018-05-04,0.9922923381131651,0.992096012633646,,,0.9830587729538341,0.9827317244911846,,,1.0947770941831594
2018-05-11,0.9873891760107356,0.9871932999884008,,,0.9811869538199546,0.9808597721848831,,,0.9466890115327007
2018-05-18,0.989764627330966,0.989542440398672,,,0.9834765630801662,0.983096637886424,,,0.9286354266806265
2018-05-25,0.9877216717872812,0.9874999362805439,,,0.9875319724923248,0.9871485830567002,,,0.840411899880875
2018-06-01,0.9891452427921896,0.9889231740882481,,,0.9889115639664434,0.9885208036201838,,,0.8476258955508997
2018-06-08,0.9911855712950658,0.9909625564436794,,,0.9896756306768416,0.9892796206185066,,,0.8569158449819283
2018-06-15,0.9900351978162212,0.9898124412499159,,,0.9992627037651602,0.998860613079895,,,0.7200358840215799
2018-06-22,0.9907848413471488,0.9905571375513932,,,1.0033523428390325,1.0029430476442303,,,0.6812779850851399
2018-06-29,0.9874332638088197,0.9871727862491043,,,0.9989469539681132,0.9984766133045015,,,0.6985122331379472
2018-07-06,0.9877152386955506,0.9874468206881041,,,0.996569577050055,0.9960910165875252,,,0.7449292969819779
2018-07-13,0.9876541450094786,0.9873246665211689,,,1.0045826876317419,1.0039725447290593,,,0.7003887060000923
2018-07-20,0.9876541450094786,0.9873246665211689,,,0.9962195629764717,0.9956141012382361,,,0.8269475027132782
2018-07-27,0.9876541450094786,0.9873246665211689,,,0.9841462678867218,0.9835447031494045,,,0.922860623710277
2018-08-03,0.9876541450094786,0.9873246665211689,,,0.9910223355581429,0.9904146781486787,,,0.8361044648784011
2018-08-10,0.9825182065759789,0.9821540355333345,,,0.9993827822812269,0.9986962482673507,,,0.6924365183032177
2018-08-17,0.9824819779177334,0.9820816050731973,1.0,1.0,1.0016426795867537,1.0008783294372834,1.0,1.0,0.7420790868508277
2018-08-24,0.9824819779177334,0.9820816050731973,0.9954440639205522,0.9953376112918484,1.0068695735871052,1.0061003860480497,0.9954440639205522,0.9953376112918484,0.7530279960734946
2018-08-31,0.9824819779177334,0.9820816050731973,0.9984481790462477,0.9982926790679479,1.0018254017946324,1.0010563476427912,0.9983647698597051,0.9981624875223832,0.7901708886366888
2018-09-07,0.9824819779177334,0.9820816050731973,0.9929250492579516,0.9927696013640263,1.0167254340670997,1.0159435779309225,1.004120334045431,1.0039150570610655,0.720784219144982
2018-09-14,0.9829635091357999,0.9825217268690039,0.9937174883328262,0.9935618787810759,1.0181639238588354,1.0172893415451219,1.0062980844680882,1.0060904421595775,0.7299231491384566
2018-09-21,0.9849531122358671,0.9845059534779727,0.9967345434579695,0.9965716624789139,1.0114605123363707,1.0105837193842522,1.0000948663841545,0.9998783982641691,0.7617488050868756
2018-09-28,0.9841094608196925,0.9836626811279499,0.995453929438847,0.9952912517437388,1.0161621591386827,1.0152771645913827,1.0037694114320197,1.0035502511540948,0.7477242835874554
2018-10-05,0.9841133318755093,0.9836623640653389,0.9954598029588323,0.995290770527491,1.01170861343584,1.0108172110527283,1.002153793954216,1.0019213858519673,0.747844873735353
2018-10-12,0.9814476028953092,0.980995487007303,0.9914151071508082,0.9912431650396312,1.0197287755534978,1.018823460748377,1.0064760963379722,1.0062327448842254,0.7097924835146505
2018-10-19,0.9813954016131139,0.9808911325372355,0.9943022004523148,0.9941294278916769,1.0141430948633048,1.0131331853072723,1.0069169469522634,1.0066728066901025,0.7358117801923356
2018-10-26,0.9813954016131139,0.9808911325372355,0.994421084189568,0.9942464411610425,1.0144265929969205,1.0134097360861558,1.007056444048404,1.0068026785320987,0.7369106156521503
2018-11-02,0.9813954016131139,0.9808911325372355,0.9930582106637191,0.9928797633123643,1.0169003706532325,1.0158767179713697,1.0065494175343446,1.006290736731037,0.7251164483834721
2018-11-09,0.9812180451302005,0.980658024899287,0.99297342610487,0.9927102246653472,1.0148471705241275,1.013704996919075,1.0036427330365973,1.0032124139041698,0.7235397603749789
2018-11-16,0.9811621842331378,0.9805463668692406,0.9834124884585764,0.9830948747316701,1.0391955016880086,1.0379053227095711,1.008522212383764,1.0079825971450587,0.6374305057009837
2018-11-23,0.9811621842331378,0.9805463668692406,0.9674102652911791,0.9670959702125976,1.082766348093809,1.0814161650996013,1.0179891759291035,1.0174387556620919,0.49820748943709187
2018-11-30,0.9811621842331378,0.9805463668692406,0.9628007519992349,0.9624820037075662,1.0965779743104511,1.0951924508150825,1.0212860177956467,1.0207167690636894,0.45546109953420644
2018-12-07,0.9811621842331378,0.9805463668692406,0.9572647139168747,0.9569475750474236,1.1203598408752065,1.118940396158499,1.031690826941977,1.0311121692061584,0.38358373633358617
2018-12-14,0.9811621842331378,0.9805463668692406,0.9573178050910153,0.957000544599314,1.1278142446624497,1.126381149670437,1.0386699265634283,1.0380834786134185,0.36336741789445093
2018-12-21,0.9811621842331378,0.9805463668692406,0.9672340269461785,0.9669132948026519,1.0922092149406653,1.090820856163241,1.0273973694364942,1.0268168193292313,0.432621100120252
2018-12-28,0.9811621842331378,0.9805463668692406,0.9703066670007174,0.9699791893962172,1.0787132650304763,1.0773251363210168,1.0212419659964052,1.020648961935169,0.43268872076393294
2019-01-04,0.9811621842331378,0.9805463668692406,0.9702648560005411,0.9698955956182127,1.0743520461650258,1.0729650555938006,1.0170260545002472,1.016344262278369,0.4273635950740615
2019-01-11,0.9811621842331378,0.9805463668692406,0.9702648560005411,0.9698955956182127,1.0832235861187045,1.0818195547430323,1.0254242209193813,1.0247315059809983,0.4058715004908131
2019-01-18,0.9811621842331378,0.9805463668692406,0.9702648560005411,0.9698955956182127,1.0804507488945283,1.0790437818347247,1.022799338589663,1.0221022117145742,0.4051457055819714
2019-01-25,0.9811621842331378,0.9805463668692406,0.9702648560005411,0.9698955956182127,1.0805771667114819,1.0791680565963002,1.0229190109205843,1.0222199284474862,0.4018120078485027
2019-02-01,0.9811621842331378,0.9805463668692406,0.9702648560005411,0.9698955956182127,1.0861207396891606,1.0846982120113202,1.0281667862410184,1.0274582553587506,0.3901790031139306
2019-02-08,0.9811621842331378,0.9805463668692406,0.9702648560005411,0.9698955956182127,1.062479526205666,1.0610852537427544,1.0057870363642976,1.0050913623023927,0.4123777334236444
2019-02-15,0.9841553942607931,0.9835001716509545,0.9702648560005411,0.9698955956182127,1.065941772723212,1.0644519597476945,1.002927876975851,1.0022249172929252,0.4060022337352629
2019-02-22,0.9900952056044334,0.9894359959942544,0.9702648560005411,0.9698955956182127,1.0589607792216071,1.057479512739735,0.9842532805417048,0.9835622702995558,0.4465216504395905
2019-03-01,0.9894216443254538,0.9887309457753067,0.9721013298918266,0.9716949840227258,1.0603290722334333,1.0587762100147504,0.9905886969040739,0.9898167042116375,0.4308562013201803
2019-03-08,0.9993389587743675,0.9985844540772478,0.9816965606205993,0.9812861307749258,1.070896487825085,1.0692066970109413,1.0001579192214742,0.9993781201181293,0.43557724925983565
2019-03-15,1.0025335017743946,1.0017718778782128,0.9832400029851538,0.9828261683865877,1.074319775638392,1.072619542925264,1.00010188925154,0.9993174227850877,0.4422119614156607
2019-03-22,1.0038065083485763,1.0030432423532438,0.9837140373665348,0.9832998179747816,1.0756839356736831,1.0739808212883457,0.999795327124877,0.9990104277783732,0.44933128818453216
2019-03-29,1.0103257236261003,1.0095571985916814,0.9867164941417889,0.9863009319084048,1.0826699584668287,1.080955459843689,0.9994047991828385,0.9986199056257663,0.46244067697280405
2019-04-05,1.029313250619616,1.0284961663330547,0.9928627919397333,0.9924440375399292,1.0975312782308386,1.0957204988032034,0.9880089488252204,0.9872317455323132,0.5640632343179274
2019-04-12,1.027485885217677,1.02662767089046,0.9910288600470655,0.9906100083186348,1.095546030392482,1.0936564499761883,0.9860645289280592,0.9852795089448718,0.5689161425127606
2019-04-19,1.0430865647816339,1.0422150329461322,1.0021511539982606,1.0017273485071678,1.1121800910775077,1.1102615148245902,0.9932258756154315,0.9924348790007119,0.5926588775198551
2019-04-26,1.0390192810458565,1.038147849845452,1.0005046017791055,1.0000786860628474,1.1078433925249367,1.1059287843153542,0.9938342430952501,0.9930396217838108,0.5989047709745149
2019-05-03,1.0464978746223874,1.0456196967671847,1.0013807353490818,1.0009542112581076,1.1158173643561424,1.1138884700036427,0.9884210243125039,0.9876302774386385,0.6505883559505602
2019-05-10,1.04701575153823,1.0461337083828923,0.9956983792579013,0.9952726868032044,1.1163695451768676,1.1144360415671422,0.9767109073051522,0.9759262881903807,0.7182811283180603
2019-05-17,1.0841539415721089,1.0832260061310552,1.0069012875982397,1.0064679232467686,1.1559677501283236,1.1539501047732603,0.9640233994536881,0.9632353470207461,0.8289456927340491
2019-05-24,1.1016321697690066,1.1006807438752182,1.017864132890273,1.0174246033037089,1.1746037273177803,1.1725444667389662,0.969461455007159,0.9686613714237924,0.8976493937245787
2019-05-31,1.1084728079059671,1.1075048805934307,1.0215004771888472,1.0209944630999337,1.1818974858638753,1.1798141530614856,0.9703648187678975,0.9694461417085966,0.9641576778169351
2019-06-07,1.099063914335232,1.0981005478733765,1.015362585037612,1.0148571932835715,1.1718653519434952,1.1697958090906004,0.9669383548739122,0.9660197223247995,0.8994142925246504
2019-06-14,1.1089067129759729,1.1079284159445906,1.022412626450678,1.0218997913275414,1.1823601325861817,1.1802653411423476,0.9717028469729208,0.9707741430633933,0.9748642797330787
2019-06-21,1.1346933762154217,1.133688889265712,1.0413247319553904,1.0408019043889167,1.2098548913517104,1.2077077222517985,0.9850498684041669,0.9841053935315581,1.1450271215131698
2019-06-28,1.1493430445039112,1.1483201231988263,1.0524529340466382,1.051919520996682,1.225474946255551,1.2232942331318157,0.9933857953120425,0.9924285833068552,1.3975643044146135
2019-07-05,1.1355210352617204,1.1345001944280588,1.0431890079986337,1.0426543780885622,1.2107373741144776,1.2085719977324407,0.9878377355467673,0.986877035971261,1.2364130404157316
2019-07-12,1.1371111750196687,1.1360821289070653,1.046607928351736,1.0460658432478076,1.2124328439254526,1.210257217111833,0.9929284396161403,0.9919568951272036,1.3250513071633927
2019-07-19,1.1178557318545963,1.1168430562669196,1.03748031046205,1.0369421175965456,1.1919019299475209,1.1897620205755801,0.9924231417664653,0.9914511705476848,1.1838447520181945
2019-07-26,1.1135467380477762,1.1125308540956238,1.0338358357375597,1.0332959130005142,1.1873075105710955,1.1851682736389246,0.9892705272485047,0.9882953302344145,1.1071753392020538
2019-08-02,1.1163641065072312,1.1153412728801393,1.036674562398461,1.0361294077260803,1.190311500091842,1.1881621853734035,0.9921996958768646,0.9912177210079154,1.1860379148949118
2019-08-09,1.1244430097787372,1.1234119208311464,1.0454992076743939,1.0449486975371935,1.198925545828488,1.1967597679609157,1.0019113064962626,1.0009189617775738,1.3388876178712343
2019-08-16,1.1141367731884693,1.113070106524755,1.035957531242504,1.0354111302693256,1.1939147443244746,1.1916606660662323,0.9978024702989325,0.9968112582565792,1.1643756416917332
2019-08-23,1.1143946185314424,1.1132879407468725,1.035538950969377,1.0349890815806397,1.1925534255289656,1.1902202103087651,0.9953965901722691,0.9944035395667452,1.1709134309249487
2019-08-30,1.110290060917258,1.10918740944232,1.0254860832344794,1.0249397710298334,1.2017105767031306,1.199357377608173,0.9910493689687072,0.9900589275455769,1.0801879403090038
2019-09-06,1.1141001958333996,1.1129921383098336,1.0287732399698,1.0282220575925307,1.205938743114795,1.203571883716333,0.9940911249257649,0.9930932019130454,1.1606779194931156
2019-09-13,1.1143160556755582,1.1132077640189832,1.0271594624506293,1.0266090951468643,1.2049811526076943,1.2026160971447342,0.9897978527844188,0.9888041772976459,1.165561256977605
2019-09-20,1.1134576603497937,1.1123500694939112,1.0271336522021828,1.0265831052214194,1.1935051143063655,1.1911622430832722,0.9818464918861711,0.9808605192342557,1.1460110018787268
2019-09-27,1.113406532459939,1.1122479154311964,1.0082995318096268,1.0077548508822518,1.2244851345263588,1.2219659299595775,0.9714232937341677,0.9704427426924226,0.9216592302742129
2019-10-04,1.113406532459939,1.1122479154311964,1.0079653012336551,1.0074132848594604,1.2244273393084588,1.221896244396386,0.9707479192758195,0.9697585126262295,0.9170632805253672
2019-10-11,1.113406532459939,1.1122479154311964,1.0107516401466903,1.0101941818457525,1.2197421872286793,1.217215892808136,0.9724079100188695,0.9714129348886988,0.9307418097312867
2019-10-18,1.113406532459939,1.1122479154311964,1.01255274961663,1.0119941714721645,1.219518290867905,1.216991799675772,0.9756952236108367,0.9746963577576604,0.8956365525643438
2019-10-25,1.113406532459939,1.1122479154311964,1.0172801617447245,1.0167185061749775,1.2115843663192507,1.2090737375849574,0.9784591280418694,0.9774569726452927,0.9754300391185423
2019-11-01,1.113406532459939,1.1122479154311964,1.0229431992493798,1.022376918207545,1.2045103289382122,1.2020124979210842,0.983642970009963,0.9826340007267567,1.0404123506851661
2019-11-08,1.113406532459939,1.1122479154311964,1.0198835276655707,1.0193121677535038,1.207795949573938,1.2052681567754462,0.9804549031193049,0.9794302804795526,0.9888087834708097
2019-11-15,1.113406532459939,1.1122479154311964,1.019908282319199,1.0193265381991443,1.2089426390610076,1.2064001067042753,0.9814532988126956,0.9804176052969122,0.9547730594847531
2019-11-22,1.113406532459939,1.1122479154311964,0.992493490980122,0.9918761043588604,1.2413760153223554,1.238763499636405,0.9550242322461354,0.9539192245621133,0.8191373183681334
2019-11-29,1.113406532459939,1.1122479154311964,0.9990815282408055,0.9984511176237264,1.233113587380535,1.2305073126391792,0.961363553646299,0.9602426267769099,0.8722702391404064
2019-12-06,1.113406532459939,1.1122479154311964,0.9944125523503056,0.9937843822884128,1.2388745151619398,1.2362551947855478,0.9568708439653548,0.9557544769639083,0.8483539444811975
2019-12-13,1.113406532459939,1.1122479154311964,0.9888779326768631,0.9882424053364657,1.2457426807046044,1.2430953375318279,0.9515451708476561,0.950424579073123,0.8180384829083187
2019-12-20,1.113406532459939,1.1122479154311964,0.9779598530512957,0.9773223061008393,1.2594739905277252,1.2567861000398128,0.9410392776536236,0.9399223676081907,0.8100761521148919
2019-12-27,1.113406532459939,1.1122479154311964,0.9769777123162293,0.9763380201886283,1.2607316696922586,1.2580375131995833,0.9400942153333275,0.9389757481161013,0.8176169808960411
2020-01-03,1.113406532459939,1.1122479154311964,0.9789780917398464,0.9782867470477196,1.2540475927681347,1.251365924663147,0.9389624568671031,0.9377498214825933,0.8277848716841935
2020-01-10,1.113406532459939,1.1122479154311964,0.991029844333038,0.9903282584207417,1.233373818319692,1.230730108530683,0.9466046602684123,0.9453774711094569,0.9238129477754499
2020-01-17,1.118980243437919,1.1177513684397946,1.0145310613600087,1.0137566964201772,1.2163970387242635,1.2136398377462752,0.9690018463030188,0.9676415582042505,1.0045362181802608
2020-01-24,1.1155603585342453,1.1143346516625574,1.0069637650971874,1.0061855955983898,1.2180130929054984,1.2152407593583576,0.961774148374908,0.9604148618752535,0.9510843533719596
2020-01-31,1.1154962951065903,1.1142066655848986,1.0217721260454726,1.0209785833778457,1.1999516432668742,1.1970760981522302,0.9759179529819095,0.9745349261825538,1.0540807367945335
2020-02-07,1.1188037559705841,1.117441865390596,1.0460661909466853,1.0452526984626416,1.1785355725455933,1.1755642837670992,0.9991217706273968,0.9977048274296926,1.1060178991843823
2020-02-14,1.1445893302744705,1.1431018958820136,1.0702539301628051,1.0694120738375372,1.205589070269951,1.2023420534015703,1.0222240341765254,1.020765208402324,1.1658204694450487
2020-02-21,1.1295079179169034,1.1280353132883671,1.0561519807376591,1.055316755305427,1.1897039091719026,1.1864946596402193,1.0087549393898956,1.0073110768183258,1.0906139165538715
2020-02-28,1.1096180115455827,1.1081685586314665,1.0375538251359713,1.0367307067872722,1.168753990195979,1.1655983295101986,0.9909914151349479,0.9895704956586894,0.9797002827669916
2020-03-06,1.121499649861038,1.1200293534713708,1.0486638099729253,1.0478268979954204,1.18126884850466,1.1780737986474288,1.0016028160367354,1.0001619282861633,1.0291726726946713
2020-03-13,1.0552740200898267,1.0538869564976634,0.9867392063920505,0.9859483566588578,1.1115137902386785,1.108503635496831,0.9424572092762961,0.94109820188144,0.6287142047305149
2020-03-20,1.0550179094296936,1.053521865123061,0.9915703845463875,0.9906852853420273,1.1025377064419908,1.099354170907182,0.9445325488577445,0.9430254180203375,0.699688832337995
2020-03-27,1.0544720221985417,1.0529767494455793,0.9926038579240896,0.9917166376902559,1.0996396276946314,1.0964628731572157,0.9449984112210597,0.94348917562787,0.7166785190628229
2020-04-03,1.0544381491809258,1.0529090994762442,0.9951170528518358,0.9942275503404291,1.0913300963657688,1.0881067652677563,0.942703545474661,0.9411978560306489,0.758940294352662
2020-04-10,1.0544381491809258,1.0529090994762442,0.9959051842210443,0.99501478061339,1.0854957402964807,1.082289200806273,0.9391573740255666,0.9376569673988051,0.7730076422597466
2020-04-17,1.0544381491809258,1.0529090994762442,0.996966569771255,0.9960745852320458,1.076921343539299,1.073739066348473,0.9337419191096794,0.9322492404160254,0.7920124241662656
2020-04-24,1.057693947059616,1.0561270051948757,0.9999278518684077,0.9990328691248777,1.0764103787974817,1.0731609800485933,0.9330802689382567,0.9315877995347109,0.8458215513753474
2020-05-01,1.0619998480533677,1.0604262714380093,1.0116282302965842,1.0106913143797467,1.0694394623661574,1.0662105925508765,0.9412767147682269,0.9397124420220522,0.9948078615760342
2020-05-08,1.0619666478672716,1.0603599694519639,1.0161297306481525,1.0151860937995048,1.065208420055518,1.0619235161674747,0.9459925649114335,0.9444178938398751,1.1044716404655455
2020-05-15,1.0619666478672716,1.0603599694519639,1.0114631128116616,1.0105214974556473,1.0728680162586604,1.069555182331402,0.9441102046437033,0.942534834455018,1.0499705286694623
2020-05-22,1.0619666478672716,1.0603599694519639,1.010758162277758,1.009784650822351,1.0695528601609117,1.0662494492142425,0.9398778389020661,0.9382490335774981,1.0334688375898649
2020-05-29,1.0631828283372275,1.0615293905981051,1.0119584496469882,1.0109837157579873,1.067708806093778,1.0643207215137371,0.9383368694320804,0.9367105835213836,1.0624409023749497
2020-06-05,1.064114306105852,1.0624592061652154,1.0128450486151939,1.0118692573221988,1.064302574828657,1.0609248804432954,0.9353433637462288,0.9337218976804132,1.084315053594995
2020-06-12,1.0609347380162493,1.0592161710790031,1.0121448372909236,1.0111696581837597,1.0610550893975705,1.057552246637036,0.9367837551564582,0.9351587600958509,1.066730305205775
2020-06-19,1.0575684123677422,1.0558550045975776,1.0114401562262685,1.010465567189874,1.0576883818764307,1.0541963602176172,0.9384513715648817,0.9368232243668835,1.0492729090288209
2020-06-26,1.0565695923179372,1.0548574198841827,1.0113971322578683,1.0103796021659137,1.0566894485214728,1.0532003426117051,0.9392573353649519,0.937547912804627,1.032590896232741
2020-07-03,1.05431138977984,1.0526017981940914,1.0113971322578683,1.0103796021659137,1.0544309898151258,1.0509482642814723,0.9412628860751634,0.9395488548421983,1.020875619715024
2020-07-10,1.0626241997281978,1.0608986719721483,1.0113971322578683,1.0103796021659137,1.0627447427603751,1.0592321044867343,0.933837023128402,0.9321343214411245,1.0468058825451958
2020-07-17,1.060205783414336,1.0584833288358793,1.0113971322578683,1.0103796021659137,1.0603260521037723,1.0568205556170087,0.9359608306101486,0.9342535062112539,1.0317016847683371
2020-07-24,1.0735356360451933,1.0717903992226459,1.018085857944395,1.0170279814892689,1.0736574168598523,1.0701067219048084,0.936571005805388,0.9347996287776551,1.074920292166261
2020-07-31,1.094154079039597,1.0923735415786204,1.0263916842037242,1.0253245359552698,1.094278198789919,1.090657530168278,0.9338627994151923,0.9320949907989418,1.277518502698627
2020-08-07,1.1019024294106226,1.100104304929466,1.0307252615086486,1.0296094787580041,1.102027428126103,1.098376149250139,0.9351281906026228,0.9332748261920017,1.3066821593074742
2020-08-14,1.1098732139941618,1.1080603905774116,1.0362287537577233,1.0350632973735465,1.1099991169075167,1.106319736669929,0.9383472720506827,0.9364070795863458,1.325425474725094
2020-08-21,1.1026261347755786,1.1008217228553911,1.031091593508483,1.029885696446147,1.102751215587476,1.0990924401830529,0.9351682338910945,0.9331515891786466,1.2995943888389874
2020-08-28,1.1051463817038216,1.1033363672652998,1.0317293976934074,1.0305218359092825,1.1052717484100234,1.1016031343338826,0.934186836026585,0.9321710545872584,1.2990951230864765
2020-09-04,1.0881542821814234,1.0862745080267155,1.015827410459925,1.0145086516757238,1.0882777213207582,1.0845680775983073,0.9197532208012114,0.9176161933348863,1.1773035817527946
2020-09-11,1.1020638847049886,1.1001515989750226,1.0136942402870137,1.0122991545417972,1.102188901735797,1.098423369001401,0.9041334051970115,0.9018967517880006,1.1707263471440983
2020-09-18,1.1138341652124066,1.1118905035808841,1.0244684963959587,1.0229963593824087,1.1139605174521274,1.1101438329425248,0.9136797412862536,0.9113007614793188,1.232204782357323
2020-09-25,1.0998045804856953,1.0978850030701044,1.0115645399373303,1.010110579723608,1.0999293412232807,1.0961603336957535,0.9021712530895295,0.8998219124026623,1.2043991736757342
2020-10-02,1.1046106295362113,1.1026759384661233,1.0159849877904883,1.0145184863046781,1.10473593546722,1.1009437430034035,0.9061136619240143,0.9037485428222309,1.1912954199411023
2020-10-09,1.1139279548127774,1.1119751003995535,1.024554761024815,1.0230741927996698,1.1140543176918971,1.1102282968679111,0.9137566770281069,0.9113700966746674,1.2454189831433005
2020-10-16,1.1197082335390538,1.1177438894746077,1.029871273698251,1.028381774978688,1.1198352521272423,1.1159880237426283,0.9184982478437045,0.9160981718403243,1.2756995073836106
2020-10-23,1.1416484191725542,1.1396288761515259,1.0500511439954725,1.0485170865255693,1.1417779266335761,1.1378386312576358,0.9364958131541259,0.9340350145055062,1.4564438528890356
2020-10-30,1.1375591159457477,1.1355403460672293,1.046289935676571,1.0447554289001189,1.1376881595202792,1.1337565238520377,0.9331413519326951,0.9306840725133305,1.5282378172957827
2020-11-06,1.1644354338174971,1.1623659966327755,1.0710099001189262,1.0694364049298974,1.164567526214793,1.1605400339585668,0.9551880335005067,0.9526702624383548,1.7558736981617327
2020-11-13,1.1691486482237914,1.1670580905833734,1.0753449616808843,1.0737533723056267,1.1692812752834412,1.1652247570909866,0.9590542899450183,0.956515882826641,1.8393603988716367
2020-11-20,1.1876932255699448,1.1855684025376936,1.0924016617386434,1.090783809816621,1.1878279563080016,1.1837059911655214,0.9742664329741066,0.9716868563396499,2.102514022830983
2020-11-27,1.1807006297366485,1.178581955663413,1.085970099156905,1.0843559199350272,1.1808345672415896,1.1767305193122366,0.96853039672075,0.9659607939836334,1.9316422913029707
2020-12-04,1.194576543117653,1.1924275147469672,1.0987327137018155,1.0970945452677148,1.194712054692405,1.190554328384036,0.9799128280952166,0.9773085557419315,2.1019336123060555
2020-12-11,1.185283430666798,1.1831489487613651,1.0901852106383316,1.0885577881023365,1.185417888040118,1.1812903381131479,0.9722896748063049,0.9697038822413632,2.032736280616655
2020-12-18,1.2189369728695971,1.2166675371748343,1.1299720841656358,1.1282825090391257,1.209470168314195,1.2051133978129092,1.0077738897322912,1.0050912696032346,2.6042276426429303
2020-12-25,1.226098354238224,1.2237265798495212,1.136675427398288,1.1349578326662886,1.2165029927738487,1.2119600525460577,1.0137523155522252,1.011037749714099,2.785121880575181
2021-01-01,1.2579286432974792,1.2554920176706432,1.166184240696646,1.1644190154638296,1.2480841801782623,1.2434200553969965,1.0400699670905187,1.0372822207439754,3.305712930081381
2021-01-08,1.3304892585491512,1.3279062493192177,1.2334527987763284,1.2315803411712167,1.3200769410412463,1.3151380007608053,1.1000639239170724,1.0971105541468937,4.573726224299929
2021-01-15,1.320983937584665,1.3183831040799965,1.2246407285761542,1.222748001938868,1.310646008065435,1.305706423646619,1.0922048144871428,1.08924257163233,4.14088761110917
2021-01-22,1.3176431810161051,1.3150467330422708,1.2215436231218688,1.2196536502231332,1.307331396028208,1.302402132896726,1.089442638275612,1.0864860759234534,3.7129560026281885
2021-01-29,1.3280474955673371,1.3254280642137781,1.231189120686096,1.2292819228459717,1.3176542871287331,1.312683644207582,1.0980450460119786,1.0950630880432426,3.8602596858119487
2021-02-05,1.3888839556823884,1.3860822549027652,1.2876445147123905,1.2856495031241642,1.3780146452875268,1.3727546252134883,1.1483952031809128,1.1452761883726266,4.315351125827366
2021-02-12,1.4433926396607404,1.4404521555430578,1.346730096517588,1.3446118885675755,1.4320967480508304,1.4266017416543488,1.2010911126085222,1.197800780723724,5.329363250208778
2021-02-19,1.487602371673905,1.4845542641871354,1.3959410700501884,1.393723634054504,1.4759604977392957,1.4702797942437114,1.244980280234359,1.241550272742284,6.30066617604133
2021-02-26,1.4701487852591162,1.4671278638400775,1.369685363564286,1.3674989284582733,1.458643501892401,1.4530209543785955,1.2215639358628918,1.2181889049717831,5.2154528948961065
2021-03-05,1.4727624636201637,1.4697297780039382,1.3747762234225998,1.372573748411414,1.4612367257862038,1.4555978502952804,1.2261042565605338,1.222709631996129,5.4943700179082
2021-03-12,1.489742980750175,1.486675255732687,1.392073595538919,1.3898433303989084,1.4780843545560347,1.4723803917687834,1.241531044729979,1.2380936390566568,6.448949231547735
2021-03-19,1.4905185675612769,1.4874486380068699,1.3937092600900827,1.3914756228877665,1.4788538716780502,1.4731463377219816,1.242989824154818,1.2395477101043302,6.540044381682469
2021-03-26,1.486957013677801,1.4838936393256623,1.3882082432542884,1.3859829037375513,1.475320190270521,1.4696255215041896,1.2380837019489896,1.234654712100696,6.201443024536149
2021-04-02,1.5088635475340963,1.5057536159763723,1.4071755152368222,1.4049181128511186,1.4970552850982457,1.491275307401222,1.2549998025600615,1.2515224852122069,6.64372936865986
2021-04-09,1.5201647289746518,1.5170306028848646,1.4112278482818674,1.4089629955247611,1.50826802426945,1.5024438624291419,1.25861390550342,1.2551257283975594,6.552726633404823
2021-04-16,1.5276608537189296,1.5245106223802312,1.4226042326569028,1.4203204990213085,1.515705484856603,1.5098519591150574,1.2687600173351867,1.2652431657569223,6.912497760066178
2021-04-23,1.5308295904390212,1.5276715241417158,1.4140211691824784,1.4117505965338886,1.5188494232608747,1.512982467782617,1.261105149233001,1.2576089658978884,5.7618581251274925
2021-04-30,1.5466849477698696,1.543491402203625,1.4298866206680112,1.4275878216132412,1.5345806976548115,1.528650232594542,1.275254868487119,1.2717170075758142,6.5022061235000885
2021-05-07,1.5547262466376595,1.5515156110507091,1.4395605353196936,1.4372456649376666,1.5425590658702497,1.5365972860753518,1.2838826202113245,1.2803203617276413,6.4594338123504595
2021-05-14,1.5542741602255854,1.5510636533496245,1.4392908635954882,1.4369755122321808,1.5421105174553698,1.5361496740939053,1.2836421115064975,1.2800797055767499,5.61718488498292
2021-05-21,1.533101181668797,1.5298954312028423,1.4036606358296448,1.4014017163725754,1.5305918685848265,1.5245993765865002,1.2518650315849658,1.2483900255908509,4.198341491012653
2021-05-28,1.5277199072487435,1.5245200477298715,1.4017545177503588,1.3994885896536065,1.5266788435828589,1.5206932065982035,1.250165046197743,1.2466857831272165,4.019313582845995
2021-06-04,1.5392064154547864,1.5359821832798688,1.4099606648675624,1.4076812374823169,1.5370409755614904,1.531014352080766,1.2574837586826857,1.2539839187817197,4.150667810206885
2021-06-11,1.5336406894105696,1.5304278195367824,1.404562286426591,1.4022888308037538,1.5309830859774662,1.5249778641728862,1.2526691752819623,1.2491802806579757,4.20735419580459
2021-06-18,1.5323460425519695,1.5291349629697755,1.4007126924948956,1.3984447766924906,1.5311638035016286,1.5251568999705165,1.2492358867035998,1.2457559386193817,4.036934395578511
2021-06-25,1.5204969230035696,1.517310464962563,1.3865221849880338,1.3842759837195693,1.5237288962033586,1.5177500678194327,1.2365799785197926,1.2331341617117286,3.5596013988457154
2021-07-02,1.524671334657512,1.5214349787290111,1.398013412352382,1.395733230306826,1.5183764708630583,1.5123259376090101,1.2468285139137605,1.2433404517377524,3.8077804312619254
2021-07-09,1.5240772797853193,1.520810358735271,1.399612275562572,1.3973285443366008,1.516344230519068,1.5102378347548528,1.2482544717927755,1.244761581810014,3.8110780646520968
2021-07-16,1.5192759588067213,1.515987490375365,1.3900651573411258,1.3877959472378625,1.5192915172196448,1.5131093386970136,1.2397398043947174,1.2362697989065048,3.536995817663188
2021-07-23,1.5192534726562525,1.5159426154168436,1.398756796348525,1.396472412284495,1.5102752870961322,1.5040850845699578,1.247491506382208,1.243998926318765,3.790598025702606
2021-07-30,1.5192534726562525,1.5159426154168436,1.4202638553779485,1.4179420714545992,1.4893609997523263,1.4832502413768662,1.2666727346961697,1.2631244262005332,4.756703178057552
2021-08-06,1.5192534726562525,1.5159426154168436,1.4291750955936349,1.4268349150874826,1.4764015706680331,1.4703397391848008,1.2746202896316814,1.271046306958013,4.8277612044589056
2021-08-13,1.5192534726562525,1.5159426154168436,1.4491942034321428,1.4467996976785589,1.4572704711251854,1.451270394744606,1.2924744777643733,1.2888312398281558,5.387111279912273
2021-08-20,1.5445731085549925,1.5410664730537529,1.4734257228527474,1.470936340915689,1.4814277120882926,1.4750647069529534,1.3140855360576034,1.3103325297983668,5.558695282220391
2021-08-27,1.5497622565876625,1.546238323426279,1.4783758441184087,1.4758728331408766,1.4864047168381147,1.480015054058382,1.3185003380093043,1.314730032372634,5.530230372262913
2021-09-03,1.5725645513533892,1.5689852847749886,1.5001278009936156,1.4975846364136574,1.5082748058472104,1.5017877942111255,1.337899980262947,1.3340712379146746,5.63495671715299
2021-09-10,1.5596768716028742,1.556123894195325,1.487833764054139,1.485308535979878,1.4959140015439465,1.4894772393725626,1.3269354532621254,1.3231355003915681,5.054745673124063
2021-09-17,1.561090149836777,1.5575309498832466,1.4891819427138908,1.4866515600357806,1.4972695019919335,1.4908240327927438,1.328137836286477,1.3243318867067333,5.330758489490061
2021-09-24,1.5459242859620514,1.5423953786815392,1.4747146612245676,1.472204771327834,1.4827236505218169,1.4763366973730254,1.3152350851967343,1.3114624669578392,4.824797166244225
2021-10-01,1.5668287494309685,1.5632471116115014,1.4946562062553195,1.4921075933501515,1.502773495568105,1.4962953791441285,1.3330200983705347,1.3291922044082005,5.425611093391998
2021-10-08,1.5748161682544797,1.571213741156974,1.5022757020814315,1.499711681245093,1.5104343719148872,1.5039208088587914,1.339815601599404,1.33596604189595,6.080384040175678
2021-10-15,1.5905846904263474,1.5869437971148839,1.5173178817301112,1.5147259011750596,1.5255582437437434,1.5189771680669244,1.3532310798284926,1.3493409380328794,6.950547896265424
2021-10-22,1.5956790062798931,1.5920249682948915,1.5221775390537926,1.5195758407940017,1.5304442932533284,1.5238407196454384,1.357565200850136,1.3536613382252503,6.839627500414176
2021-10-29,1.605687777754696,1.6020089867126912,1.5317252783375135,1.5291055111722118,1.5400438851046998,1.5333971362304295,1.366080422147138,1.3621505139614696,7.016059902874215
2021-11-05,1.614668718613923,1.6109663834351433,1.5402925317773872,1.5376552788749283,1.5486576662172895,1.5419708999210269,1.3737211899540696,1.3697667774471582,6.867678797434473
2021-11-12,1.6209146043900247,1.6171652595020172,1.5462507144710622,1.5435720593896123,1.554648207049579,1.5479042866171255,1.3790350388828014,1.3750375357827918,7.226644111425297
2021-11-19,1.6057817631499238,1.6020654547712982,1.5318149345008467,1.529159409508824,1.5401340281793467,1.5334511858394357,1.3661603826538862,1.362198527421876,6.542549726530846
2021-11-26,1.5964344729032705,1.59273522121676,1.5228982067576877,1.5202537718581612,1.531168874812615,1.5245205534075617,1.358207933626756,1.354265249558202,6.055037568902618
2021-12-03,1.6014192567395564,1.5977035015785312,1.5276533774171819,1.5249959580414125,1.53594987020412,1.5292760491269477,1.3624488674507078,1.3584896613464144,6.040895838287485
2021-12-10,1.5814959785078828,1.5778250941698908,1.5086478214693877,1.5060221678979182,1.516841097479429,1.5102490066783416,1.3454986230044692,1.3415875196649387,5.312789430442588
2021-12-17,1.5794387136740056,1.5757054679701274,1.505514525322694,1.502887503896358,1.5160450911189711,1.509334777478678,1.3427041698585154,1.338795113156935,5.19903572962111
2021-12-24,1.5916369507448953,1.5878116086029277,1.5171990760427638,1.514548466572678,1.5276960885452144,1.5208162197682427,1.3531251221049896,1.3491828765825327,5.727468519772839
2021-12-31,1.5754805328099735,1.5716919617125962,1.5017982634695497,1.4991725955643247,1.5121887227024382,1.5053767178053348,1.339389794472178,1.3354858161484375,5.208697592592384
2022-01-07,1.5564961555056296,1.552692461913284,1.4781472139761913,1.475560584684109,1.4995599711106555,1.4926907564070369,1.3182964325403455,1.3144518766843822,4.684586888582593
2022-01-14,1.5563619743307913,1.552424755375153,1.4881323432217122,1.4855220947672643,1.4891687840417616,1.4820931732774743,1.3272017432823082,1.3233257418169462,4.852903686790194
2022-01-21,1.544536569899884,1.5405750418526392,1.4505300443613252,1.4479737978761464,1.5041435781451888,1.4968813541156833,1.2936658572932402,1.28987714619361,4.107425535583673
2022-01-28,1.5444826209240388,1.5404674206446463,1.4484140316099636,1.445849003755244,1.5062170919875013,1.4988376629030948,1.291778675803498,1.2879843471796095,4.250696774382595
2022-02-04,1.5444826209240388,1.5404674206446463,1.4697685115577626,1.4671573896015524,1.4839931559407127,1.47671402854542,1.3108238253445985,1.3069661823245156,4.68546257591826
2022-02-11,1.5444826209240388,1.5404674206446463,1.466205953794939,1.4635903280808946,1.4875682784043323,1.4802607113005857,1.3076465320783779,1.3037885895108114,4.775564829601613
2022-02-18,1.5444826209240388,1.5404674206446463,1.4619145910097013,1.459246735187509,1.4952312987628569,1.4878847682140641,1.3067304726635511,1.3027697007787016,4.505162272639673
2022-02-25,1.5444826209240388,1.5404674206446463,1.4596885251734355,1.4570113594722616,1.4986038016629588,1.4912266841991881,1.3057222279179008,1.3017522392014047,4.4200425333848745
2022-03-04,1.5444826209240388,1.5404674206446463,1.454928787460664,1.4522506931591361,1.5035790746213409,1.4961658826631616,1.3015590847535727,1.2975916426867233,4.412095980741641
2022-03-11,1.5444826209240388,1.5404674206446463,1.4499423289408342,1.447272021012037,1.5093939774907388,1.5019500514433002,1.2976735631941403,1.293716174565486,4.364864088141255
2022-03-18,1.5444826209240388,1.5404674206446463,1.466601732785111,1.4638954616322102,1.4870294205584256,1.4796886247385987,1.3082752837749696,1.304279391824973,4.706116174519865
2022-03-25,1.5444826209240388,1.5404674206446463,1.4756392535306468,1.4729092723068975,1.4738598478216436,1.466574898408636,1.3128251391287746,1.3088072711719059,4.99414067122505
2022-04-01,1.5444826209240388,1.5404674206446463,1.501987815762807,1.4992078473079893,1.4445448385452062,1.437400863041471,1.3335981231037048,1.3295131785993215,5.216198975998052
2022-04-08,1.5331647293473198,1.5290434078158537,1.4874873990340578,1.4847261475755391,1.4435451926887526,1.436151008620341,1.3264749043779884,1.3223994107141046,4.761846855020213
2022-04-15,1.5330298274656535,1.528774329315787,1.4820717533542314,1.4792537430863173,1.4519207312735287,1.444232254583575,1.3247444871074303,1.3205552582311715,4.5702426341396345
2022-04-22,1.527928389930418,1.5234827209524533,1.480317260097665,1.4775004842019492,1.4471484052632602,1.4391041661145845,1.326064724747821,1.321866568517055,4.4752671860683435
2022-04-29,1.5178952177971354,1.513435187417893,1.4751590220825834,1.4723506687005246,1.437612698394268,1.4295475286965698,1.3254877785950716,1.3212837819629775,4.349823002965165
2022-05-06,1.5176489458546527,1.512944090774255,1.468020615610245,1.4652254348897118,1.4514614313515724,1.4428523080153524,1.32585888577715,1.3216514096019953,4.058790514626908
2022-05-13,1.5176489458546527,1.512944090774255,1.4541748525636748,1.4513476231027997,1.5110199777624926,1.5020545742548692,1.3552542195707988,1.3508459226499678,3.3006819541915218
2022-05-20,1.5176489458546527,1.512944090774255,1.4544880466923027,1.4516565571144326,1.5095781599750426,1.5005898246222187,1.354551630668586,1.350117302136528,3.2909851538876795
2022-05-27,1.5176489458546527,1.512944090774255,1.4493352729797073,1.4465133818611917,1.5227061916955091,1.5136380847079436,1.3567348193868196,1.3522919001025493,3.226609174092728
2022-06-03,1.5176489458546527,1.512944090774255,1.4471567907964367,1.4443388359607272,1.521486470237763,1.5124214356925312,1.3515700267091901,1.3471402761069107,3.3472455294301944
2022-06-10,1.5176489458546527,1.512944090774255,1.4462518671608913,1.443435457651959,1.5299175630771307,1.5208008045999233,1.3573696540549713,1.3529195668620666,3.2786860858128506
2022-06-17,1.5176489458546527,1.512944090774255,1.4407489251531869,1.437942753111216,1.5932089724110359,1.5837091497563123,1.403194305366869,1.3985887247794653,2.3068568459703167
2022-06-24,1.5176489458546527,1.512944090774255,1.4407173851682278,1.4378797960032654,1.565454835853703,1.5560855324148235,1.3786894413934632,1.3740727730773505,2.393510446825943
2022-07-01,1.5176489458546527,1.512944090774255,1.4346312011522209,1.431777661018233,1.5893457636505557,1.5798270388272981,1.3880817754484203,1.3833745785309481,2.172854143398591
2022-07-08,1.5176489458546527,1.512944090774255,1.4346033261575188,1.431722021917838,1.56381355470885,1.5544455781318776,1.365729556582495,1.3610432070468674,2.433751491880451
2022-07-15,1.5176489458546527,1.512944090774255,1.4340276146495237,1.4311200246421396,1.5664854153935737,1.5570970819303482,1.3669668355311222,1.362220255925439,2.347567854498407
2022-07-22,1.5176489458546527,1.512944090774255,1.4364083446635725,1.4334954392076427,1.5410834068382824,1.5318462067181897,1.349339933447088,1.3446535919216476,2.5566046773199234
2022-07-29,1.5176489458546527,1.512944090774255,1.4373916858662354,1.4344756794551905,1.5248769998479148,1.5157314509407687,1.3369995022833279,1.3323512012296945,2.6793271295149457
2022-08-05,1.5176489458546527,1.512944090774255,1.4364377521558953,1.4335234432523576,1.5223717548172209,1.513236942813233,1.3330287516962627,1.3283904859891547,2.627334743599424
2022-08-12,1.519702347376855,1.5149357813789517,1.4400146526437043,1.4370930356417837,1.5126097839543242,1.5034215579585066,1.3275125925986702,1.322892398654986,2.750320916304802
2022-08-19,1.5113954081887957,1.5066546751067582,1.4338215675874004,1.4309121477461832,1.5264477823186544,1.5171733324275452,1.3427518387861788,1.3380767011088104,2.3480581041650934
2022-08-26,1.5113398982751294,1.506544003510845,1.433792567228403,1.4308542647195688,1.5337027144749509,1.5242709213682173,1.3491747470199285,1.3444182602078043,2.281188049629044
2022-09-02,1.5113398982751294,1.506544003510845,1.433792567228403,1.4308542647195688,1.533662485944453,1.5242307216679378,1.3491393585988576,1.3443828037739427,2.248596026385575
2022-09-09,1.5113398982751294,1.506544003510845,1.433792567228403,1.4308542647195688,1.5194535023036708,1.5101054246101178,1.3366399336920396,1.331924186982679,2.4073073121583044
2022-09-16,1.4950993189427504,1.4901760815323875,1.433792567228403,1.4308542647195688,1.5029443796583106,1.4933383288494855,1.3508436833691713,1.346076996795814,2.231853155010182
2022-09-23,1.4925136382121367,1.4875116779531954,1.433792567228403,1.4308542647195688,1.5002594670440812,1.4904922641822056,1.3531008837547422,1.3483211091731613,2.1739935512446142
2022-09-30,1.4940178866742757,1.4889192254123764,1.433792567228403,1.4308542647195688,1.5016802107526888,1.4917211979709717,1.351652744247579,1.3468770662365863,2.188948983605375
2022-10-07,1.4935239761715737,1.4883352384790083,1.433792567228403,1.4308542647195688,1.5010508244395673,1.490912440492758,1.3519792622937836,1.3472020589018636,2.2010620949100814
2022-10-14,1.4900741547941214,1.4848973449206495,1.433792567228403,1.4308542647195688,1.501732672752077,1.4915894821922364,1.3588390386474503,1.3540374144357603,2.1612605840394994
2022-10-21,1.4901746333114834,1.4849593695390237,1.433792567228403,1.4308542647195688,1.5039038002328147,1.493669375328422,1.3606201581825517,1.355812063989522,2.159845058565112
2022-10-28,1.4901212437990945,1.4848529642159365,1.433792567228403,1.4308542647195688,1.4814782952287315,1.471288887102275,1.340428727100146,1.3356914718327084,2.3207224589570865
2022-11-04,1.4901212437990945,1.4848529642159365,1.433792567228403,1.4308542647195688,1.4642597421218086,1.4541737144641975,1.3248495294177018,1.3201536734220585,2.383460892164232
2022-11-11,1.4801504925329447,1.4748628883011277,1.433792567228403,1.4308542647195688,1.4937501183343773,1.4833487580872688,1.3692619251392502,1.3644038384431447,1.9238422500543784
2022-11-18,1.4773270161790888,1.4720453387216739,1.433792567228403,1.4308542647195688,1.5003698888443966,1.4899039969009182,1.3805461839595534,1.3756311029725998,1.882158631268011
2022-11-25,1.477276883450721,1.4719454317297853,1.433792567228403,1.4308542647195688,1.494590642605899,1.4840631370272819,1.375321543467907,1.3704236818671909,1.8620629029767732
2022-12-02,1.4760189984821679,1.4706431296673608,1.433792567228403,1.4308542647195688,1.4890124913079446,1.4784245901484938,1.3725306737445966,1.3676418581521559,1.9263701351173161
2022-12-09,1.4745693357764766,1.4691907110689117,1.433792567228403,1.4308542647195688,1.4887413959460187,1.4781241657673967,1.3749618307784064,1.3700354411134839,1.9304070875450663
2022-12-16,1.4633716767624534,1.4580325692592406,1.433792567228403,1.4308542647195688,1.4864338506256094,1.475825879255879,1.3937106682432059,1.388710431315963,1.8744577669634834
2022-12-23,1.4633136871119876,1.4579170131084667,1.433792567228403,1.4308542647195688,1.4814432228654482,1.4707537577953735,1.3891337002116284,1.3841416665365975,1.890954950000169
2022-12-30,1.4633136871119876,1.4579170131084667,1.433792567228403,1.4308542647195688,1.48917544089031,1.4784201651346605,1.3963841195796711,1.3913566022623818,1.8716808125296542
2023-01-06,1.4633136871119876,1.4579170131084667,1.433792567228403,1.4308542647195688,1.467931965985201,1.4573291073008978,1.3764643370022411,1.371507588255575,1.9103564396829493
2023-01-13,1.4633136871119876,1.4579170131084667,1.433792567228403,1.4308542647195688,1.4269376744273252,1.4166153788165328,1.3380244217625612,1.3331914747004816,2.2461335079448617
2023-01-20,1.4824983906633484,1.4768530547057714,1.433792567228403,1.4308542647195688,1.4344178907262355,1.4236796660904005,1.309954332411604,1.3052076416588219,2.5546188844171605
2023-01-27,1.4824238561647134,1.4767706358421078,1.433792567228403,1.4308542647195688,1.4354183668877238,1.4246620911445835,1.3109852269103361,1.3062251181053468,2.6004825859937357
2023-02-03,1.4833748921273422,1.4776118572507906,1.433792567228403,1.4308542647195688,1.429602560186482,1.41868354750345,1.3039906500799456,1.2992537976699337,2.640800267777749
2023-02-10,1.462680024561073,1.456849306502521,1.433792567228403,1.4308542647195688,1.4095283308276494,1.3984919011217236,1.3220396902289382,1.31722480199425,2.437182112536529
2023-02-17,1.4842323691065622,1.4783116119644018,1.433792567228403,1.4308542647195688,1.4302974940913251,1.4190944852283105,1.3025521718379804,1.297804528289049,2.7690619777009657
2023-02-24,1.4755954821879387,1.4697028211291971,1.433792567228403,1.4308542647195688,1.4219744592528563,1.4108305390481888,1.3101206416689815,1.3053398308718116,2.613007056214168
2023-03-03,1.4676963303525736,1.4618342684471541,1.433792567228403,1.4308542647195688,1.414362351263074,1.4032771791019878,1.317132288726085,1.3123250517759257,2.5193580997697516
2023-03-10,1.4491154601641523,1.4433220987898607,1.433792567228403,1.4308542647195688,1.3964566832412042,1.3855065564148215,1.3337971014155512,1.3289240929234112,2.2710043806906994
2023-03-17,1.504334497878711,1.4983166917283592,1.433792567228403,1.4308542647195688,1.4496691403423856,1.4382982161195674,1.282965494995931,1.2782748044900252,3.087460540536885
2023-03-24,1.499519521890334,1.4934883326724797,1.433792567228403,1.4308542647195688,1.4450291336738672,1.433663267943928,1.2870160224406049,1.2822826723511742,3.094148222196927
2023-03-31,1.5031737473593507,1.4971273055994647,1.433792567228403,1.4308542647195688,1.4485505698316876,1.4371564735514506,1.283878696858097,1.2791564086626448,3.2080766096812474
2023-04-07,1.5013708887780552,1.495331030818632,1.433792567228403,1.4308542647195688,1.4468132245448575,1.43543215263372,1.2854173940715987,1.280688875492378,3.145073328953018
2023-04-14,1.5209243070931477,1.5148054878856654,1.433792567228403,1.4308542647195688,1.4656560996896917,1.4541265161244585,1.2686759757505779,1.2640087850748585,3.43365569596857
2023-04-21,1.5080396772451254,1.5019430589310623,1.433792567228403,1.4308542647195688,1.4567624857445804,1.445249275556719,1.2824672434256492,1.2777464421912044,3.072551315615973
2023-04-28,1.5133227995591025,1.5071969674513876,1.433792567228403,1.4308542647195688,1.4594139409271853,1.4478719611400441,1.2758023017244942,1.2710991256329534,3.3034600356360793
2023-05-05,1.5167321364938249,1.51052301052992,1.433792567228403,1.4308542647195688,1.4628286501329901,1.4511260789320883,1.2730203006594794,1.2683087509175253,3.32531390066302
2023-05-12,1.4999682220845159,1.4937289639697748,1.433792567228403,1.4308542647195688,1.4465679618864948,1.4348087895262793,1.2870046316016839,1.2822386449505023,3.0198263727272416
2023-05-19,1.500181394904195,1.493841451906436,1.4338113984507201,1.4308096964032355,1.4473740884284851,1.4354191079658087,1.2873854037527075,1.2825022413915539,3.0294341391835706
2023-05-26,1.4998177284087235,1.4934124443196306,1.4333782854004926,1.43037730132721,1.4484528570461284,1.4363611331405368,1.2881904125951686,1.283303565187252,3.009785834151355
2023-06-02,1.5033885691110165,1.4969675337477983,1.4357634148491416,1.4327027703434752,1.4489376191539123,1.436841258184984,1.2867745600750418,1.281795247392742,3.0702691188917424
2023-06-09,1.4820688802752986,1.4756933674304844,1.4222584319365559,1.4192132640657495,1.4283600694091763,1.4163620089307145,1.280787582156879,1.2758190171568422,2.9840775924346024
2023-06-16,1.4780877862554684,1.4715698911824726,1.4185161006164033,1.4154034765986232,1.4336383381509241,1.4212987530289145,1.2856590839698614,1.2805419478342068,2.969109762955833
2023-06-23,1.4780305141013361,1.471455851978025,1.433184738041073,1.4299256051247538,1.4150930530655408,1.4028016236151784,1.295717292780468,1.290352131101817,3.4586268726692007
2023-06-30,1.4787956564493965,1.4721143345559833,1.4329253114635239,1.429663500253954,1.4136096190298433,1.4011283676998383,1.2925543106058524,1.287196883371322,3.4342270904076733
2023-07-07,1.4766960786332397,1.470019791289116,1.4294713862251525,1.4262079063217725,1.4080569031839412,1.395611744085882,1.2849256809081133,1.2795879902407694,3.419880243840041
2023-07-14,1.4765879893199396,1.4698045900272219,1.4314361395237987,1.428092275951279,1.3919315204280944,1.3794132647283084,1.2739377714518691,1.2685062133168379,3.4161960457701595
2023-07-21,1.4725057696008075,1.4655887518813517,1.4280124467128312,1.4246046820446876,1.389172695213494,1.3763892696548206,1.272362821950079,1.2668066481167513,3.369955922610427
2023-07-28,1.4698564822378415,1.4629516275869934,1.4264167988625887,1.422941298069848,1.3872038719981645,1.3744358018796068,1.2722942109928372,1.2666087666387837,3.3037350262537144
2023-08-04,1.4662775114094702,1.4592760094280077,1.4246492853546977,1.421175434459337,1.3854936962638122,1.3725259219953563,1.273769352027448,1.2680713814929783,3.281177906532492
2023-08-11,1.4708410649324044,1.4636991804824044,1.4258439266636564,1.4223630907948026,1.390311003884531,1.3770793182396377,1.2724043559505853,1.266707887894245,3.3163451492894755
2023-08-18,1.4522094202328424,1.445156258688107,1.4197116365118438,1.4161825045534844,1.3800496547783943,1.3669137264998692,1.2843024945696297,1.2784394111006852,2.9363137507705934
2023-08-25,1.4502970201512175,1.4431341799511856,1.4193748300383189,1.4157839942337427,1.3776261831359276,1.3642904008122805,1.2848146443994946,1.2788326020440886,2.93699108421813
2023-09-01,1.4502554885314356,1.4430515269508368,1.4179174017039018,1.4143267138956066,1.3826780716156852,1.3692101174011915,1.2869676717827214,1.2809707954925507,2.908256818696657
2023-09-08,1.4508654351279844,1.44361343776424,1.4185891473250178,1.4149431777429595,1.3819290387550154,1.368299529337804,1.286500969355974,1.280424315886097,2.9201411468235765
2023-09-15,1.4497770094744926,1.4425302966367475,1.4207542888376308,1.4170183272940424,1.3787526419629688,1.3651534229170346,1.2894009756242424,1.283156867014621,2.9978485365202188
2023-09-22,1.4504641618732377,1.443213995479793,1.4180783516822764,1.4142632884159938,1.3834048905017537,1.3697582492746605,1.2876748674800116,1.2812841858015758,2.995610293214381
2023-09-29,1.4524532352441903,1.4451930316629749,1.4231333817449203,1.4193044801866495,1.3783008966547865,1.36470424602155,1.2885730209134274,1.282177546936908,3.032443257827371
2023-10-06,1.4524077028349687,1.4451024220393047,1.42527222608714,1.4214223125968453,1.3698129255879374,1.3561907413309093,1.2846193377972948,1.2782212176818593,3.1478638075155834
2023-10-13,1.4524077028349687,1.4451024220393047,1.415379686901032,1.4115373384570058,1.386182908350655,1.3723793982406038,1.2821732487334172,1.2757698434226337,3.027376217594215
2023-10-20,1.4524077028349687,1.4451024220393047,1.4294279263047187,1.4255417991944692,1.3579219495896695,1.3443935618196203,1.2814952667163872,1.2750893924778905,3.3437326369909712
2023-10-27,1.473477222500739,1.4659275857647742,1.4545933273571547,1.450627526972698,1.3599683084598795,1.3461451799589792,1.291388400486018,1.2849170639295515,3.8196670134103
2023-11-03,1.486456622454536,1.478833644054265,1.4599159948185907,1.4559246697199544,1.3661221262415646,1.35222128834061,1.2839395130114208,1.2774910333280527,3.9126183502140752
2023-11-10,1.5115016029989925,1.5037473030836912,1.498584021368895,1.4944450152985347,1.3665723856134055,1.3526620829328315,1.3091076841265306,1.3024561085410726,4.203933718245064
2023-11-17,1.5028999704825832,1.4949824934196663,1.4927554868471646,1.488610041388463,1.3585930754652786,1.3443771390128814,1.3062047561380103,1.2995394684263775,4.126428063468736
2023-11-24,1.50510679492422,1.497175370487161,1.5000752167955351,1.4959073091449742,1.3605880029149164,1.3463491044447053,1.3170964005452943,1.3103735170370305,4.250359798174919
2023-12-01,1.5072991650424359,1.4993290321226767,1.504570592782797,1.5003862761548385,1.362569863930263,1.3482858050286255,1.323031074778676,1.3162541315481133,4.359561502665943
2023-12-08,1.5488994451109441,1.5406928722818893,1.5398169362416216,1.5355291831573208,1.400175728291511,1.3854826292968667,1.3484840620229441,1.3415622819732234,4.978117959704858
2023-12-15,1.5406649318309982,1.5324889419951182,1.5281693806013439,1.523904522150032,1.3927318844285232,1.378105167436185,1.3352464780585234,1.328381286682896,4.726716803617253
2023-12-22,1.5775796869088807,1.5692015820967813,1.564649044140664,1.5601408800188505,1.4261021230447393,1.411119356085703,1.3670011577907653,1.3597303430136085,4.955357978052593
2023-12-29,1.594940388550628,1.5864500158955317,1.581867448671845,1.5772897199083515,1.4417958681368515,1.426630173225625,1.3820445178449439,1.374676299653726,4.740990394487564
2024-01-05,1.597390776685006,1.588863121015987,1.5842977521830044,1.579688891556633,1.4440109725462948,1.4288001808158506,1.3841678232123544,1.3767672816477539,4.975201255940755
2024-01-12,1.5952849888384943,1.5867672855322712,1.5822092244410788,1.577605157603491,1.4421073802628037,1.4269154809455569,1.3823431201890266,1.3749512172659137,4.821659568377432
2024-01-19,1.5984568820269105,1.5899115434242244,1.5853551191851318,1.5807312602855974,1.4449747115599851,1.4297429845770098,1.3850916226557701,1.3776757511376143,4.695017372870372
2024-01-26,1.5861893011132193,1.5777060263358198,1.573188089582884,1.5685962188806915,1.433885051030749,1.4187670579586664,1.3744615432680425,1.367099537012786,4.713554445324765
2024-02-02,1.5938935700338086,1.585362265005678,1.5809875196304686,1.576270272485711,1.4408495640473231,1.4256520029556072,1.3814140536941208,1.373841862545825,4.868686345025318
2024-02-09,1.620993487742111,1.6122876981174403,1.5999522612745873,1.5951582441572678,1.4653473757894822,1.4498649532027192,1.3910523852705445,1.3834018562592398,5.31191374310692
2024-02-16,1.6567691378769673,1.6478629577458528,1.6351621891436001,1.6301534718879245,1.4976878851368056,1.4818563417102097,1.4215720915018846,1.413566527454212,5.874443115824019
2024-02-23,1.6581525197581908,1.6492249257002982,1.6365275294880137,1.631500802853223,1.4989384361258717,1.483081104267687,1.422759086738141,1.414734848098122,5.718920143400845
2024-03-01,1.717835839429382,1.7085837625737956,1.6954324821562892,1.690221713813517,1.5528910253990118,1.536460099434772,1.473969686714353,1.4656539275753195,7.03118325983345
2024-03-08,1.761652009255439,1.7521327180435549,1.7386772182723138,1.7333026512315357,1.5925000120835862,1.575621909301531,1.5115656575452965,1.503011006007287,7.677669296734035
2024-03-15,1.8001425970015326,1.7903995097257939,1.7766658265107416,1.7711581919642103,1.6272947735510708,1.6100336834510018,1.5445920726772604,1.535836949196805,7.832707654544164
2024-03-22,1.7724565519009414,1.762838300538613,1.749340852209601,1.7438931814639613,1.6022671137603766,1.585249005558191,1.520836373624647,1.512194447506946,7.189949769131852
2024-03-29,1.7953606270736266,1.7856015141115105,1.7719462212036599,1.7664117601253477,1.6229719634115178,1.605719040540253,1.540488957260333,1.5317211421344865,7.872230793764925
2024-04-05,1.7806772470347563,1.7709928965384973,1.757454336185115,1.7519601405023746,1.6096984662812803,1.5925821030950413,1.5278900484594835,1.5191896068411397,7.643456632063679
2024-04-12,1.7749316207063999,1.765273513874194,1.7517836421153814,1.7463022237056869,1.6045045290284838,1.5874388941698532,1.5229600785259196,1.5142834173707358,7.564103806704136
2024-04-19,1.7588592180053921,1.7492829827661271,1.7359208495364138,1.7304835418907836,1.5899753817501943,1.57305925791526,1.5091693344803068,1.5005664517551613,7.19235819105762
2024-04-26,1.7647926027722523,1.755177744282156,1.741776853370987,1.736314952753038,1.5953390490711397,1.5783601779306875,1.514260408426505,1.5056230843636047,7.186948539563148
2024-05-03,1.7631863861243027,1.7535697359279425,1.740191584385553,1.734724225569613,1.5938870596783254,1.5769141612179425,1.512882212329397,1.5042437058329459,7.0868699869154055
2024-05-10,1.7559449055462621,1.7463659947556882,1.7330445444245102,1.7275979025781694,1.5873408985480655,1.5704361288731008,1.5066687415110749,1.4980642068972625,6.852224099321201
2024-05-17,1.7763899566179673,1.7666956751626386,1.7532229589683743,1.7477091011107801,1.6058228370397094,1.5887177861519262,1.524211387223386,1.5155033729407892,7.55367670344854
2024-05-24,1.796369033317169,1.7865622919708126,1.7729414761990836,1.7673622125617547,1.6238835435343733,1.6065830291122936,1.5413542088756262,1.532545314688305,7.725657413532919
2024-05-31,1.7944017655284035,1.7845925335753,1.7709998647635692,1.7654136230433535,1.6221051707564802,1.6048117052553508,1.5396662169151993,1.5308556204561599,7.611831584024848
2024-06-07,1.8033421439765256,1.7933216342894422,1.7806794202455951,1.7750590055382696,1.629397655645273,1.6117321042766697,1.5480813980041155,1.5392194893031317,7.816450524792546
2024-06-14,1.795605439916245,1.7855771163173622,1.7579148445948152,1.7523561029394115,1.6362308770385294,1.6183929004244224,1.528290403792721,1.519532960554012,7.44322852509233
2024-06-21,1.7918395666255789,1.7816672579129151,1.7511291532605247,1.7455874654824728,1.6356780768126506,1.6175455817574378,1.5223910810916341,1.5136636240095696,7.229048025308152
2024-06-28,1.7887424762315458,1.778435606558951,1.7434733593640495,1.7379546501087721,1.6371747683648745,1.6187505718965547,1.5157353113987087,1.5070449267466637,6.810282395078118
2024-07-05,1.7797784099759606,1.7695218948790397,1.719505954302383,1.7140589132602253,1.6432663687452,1.6247697103012193,1.4948986051884026,1.4863240471850352,6.382125384451534
2024-07-12,1.7797027424889822,1.7693714320189575,1.73118332943146,1.7256909197783405,1.6319579394158386,1.6134493781452959,1.5050506443535134,1.496410591393719,6.524163673514008
2024-07-19,1.7883530754446206,1.7778980142065535,1.770521238902108,1.764901602408869,1.6107384019933053,1.5923378980986769,1.539250110689504,1.5304116283764233,7.5126535129487895
2024-07-26,1.7894349377162582,1.7788381654113314,1.7704612509123723,1.7648304984756318,1.6127250956322845,1.5940530667037438,1.5391979585222144,1.5303499715191224,7.653303324794349
2024-08-02,1.7666111875834063,1.7561471716440735,1.7439904978936829,1.7384414446945486,1.5956975628784988,1.5772204303935513,1.5161848996450906,1.507467044384092,6.930927766501409
2024-08-09,1.7575706164432956,1.747155535958598,1.7313826576878837,1.7258690570121218,1.5909013186335492,1.5724754927041973,1.5052239357176735,1.4965650607951027,6.856506740087658
2024-08-16,1.7573703405784917,1.7467573578340465,1.7243967733755472,1.7189003159984082,1.5969541118291504,1.5781008055046775,1.4991505698834993,1.490522207036018,6.635230580759898
2024-08-23,1.7573703405784917,1.7467573578340465,1.7514061163649994,1.7457910889238872,1.5718805628377768,1.5532934513202363,1.522631866392512,1.5138401934467127,7.217065647247895
2024-08-30,1.7573703405784917,1.7467573578340465,1.7256142157219299,1.7200753531566655,1.5950169503883174,1.5761504517687632,1.5002089860296899,1.4915411253305662,6.663337101305866
2024-09-06,1.7573703405784917,1.7467573578340465,1.695628857305516,1.690160324349963,1.6226849028667991,1.603467388066004,1.474140410715592,1.4656006944949287,6.081684610555808
2024-09-13,1.7573703405784917,1.7467573578340465,1.7315005510800818,1.7259126976343233,1.5883493939684323,1.5695350705573086,1.5053264294991675,1.4966029031969659,6.818189502345873
2024-09-20,1.760805319526978,1.7501083145226823,1.7444240385332044,1.7387868290219228,1.5826894877832578,1.5638215346322968,1.5165618098242568,1.5077665399424571,7.122826137182
2024-09-27,1.7742534471568445,1.7633064235656426,1.76173709491422,1.7560416018124902,1.5911551568740177,1.5718855993864098,1.5316133795910092,1.5227287932984717,7.412343923101803
2024-10-04,1.7565793446728093,1.745738295397351,1.7365320310896701,1.7309142511077813,1.5822180639599126,1.5630533620382812,1.50970068155078,1.5009399356894737,6.997158805954673
2024-10-11,1.7607215378232663,1.7498534061845952,1.7413633264541906,1.7357268272934523,1.585275259654575,1.5660707372512326,1.5139008977138029,1.505113098967781,7.04832509300656
2024-10-18,1.7604899037668753,1.7493929976147478,1.763396956368141,1.7576876807510537,1.5647968882033017,1.5454271087705167,1.5330564246505882,1.524156169388654,7.711909009661863
2024-10-25,1.7550959630430172,1.7438703524957757,1.7569474704872619,1.7512532326527686,1.5609208863885384,1.5413064801147471,1.5274493911748477,1.518576620830049,7.516973345069271
2024-11-01,1.758948022828301,1.7476332550595273,1.7628991982654207,1.7571841469877143,1.5624834483086285,1.542735185458111,1.5326236852979758,1.5237195365896115,7.8322748824246045
2024-11-08,1.7854188740640964,1.7739262039221428,1.802141138810075,1.7962905200458463,1.5747299333170202,1.5548195549686932,1.5667397184750111,1.5576301228739151,8.622734285807665
2024-11-15,1.814264073677967,1.8025017625808712,1.8313289890606494,1.8253708389998728,1.6001079066548014,1.5797405246573963,1.592114958682152,1.5828467458422404,10.259411948342336
2024-11-22,1.8398280260418778,1.827887635519383,1.857133395220822,1.8510787928817967,1.6226542839414968,1.6019890977613414,1.6145487110515684,1.6051390659970646,11.145234491487123
2024-11-29,1.8441843316203967,1.8322039349110462,1.8615306760835661,1.8554498549276133,1.626496370163191,1.6057719695493842,1.6183716050705688,1.6089293759917647,10.983846555235358
2024-12-06,1.8629546452517256,1.8508442889783208,1.8804775427418068,1.874326706783956,1.6430510314650555,1.622108665205023,1.6348435716079488,1.625298194258265,11.240899670123959
2024-12-13,1.8588550656245733,1.846764271951072,1.8763394025872997,1.870194924913463,1.639435367201766,1.6185328749489243,1.6312459685117986,1.6217153729769613,11.430621783088752
2024-12-20,1.8335677593640123,1.8216378478415116,1.8508142446557205,1.8447497115938023,1.6171329806459338,1.5965116868260527,1.6090549880771818,1.5996508849070445,11.022778013823913
2024-12-27,1.8261923781722618,1.814301836710723,1.8433694908418814,1.83732062549208,1.6106281912215428,1.5900822927953635,1.6025826917385546,1.5932088488508884,10.627601845141964
2025-01-03,1.8494452720999388,1.8374002190457797,1.8668411008170376,1.860712066442524,1.6311363079649082,1.6103260736261087,1.6229883651970234,1.613492434738158,11.064335407408741
2025-01-10,1.8278074351491593,1.8158907060772267,1.8449997389979733,1.8389296534934967,1.6120526064849685,1.5914748025719188,1.6039999916836667,1.5946040966994883,10.675734219314032
2025-01-17,1.8549318904493588,1.8428339502482598,1.8723793261399013,1.8662147376131581,1.6359752845665376,1.6150882799988573,1.6278031698737114,1.6182640049691421,11.729643650477907
2025-01-24,1.8558822336822707,1.843770879692158,1.8733386082737644,1.867163554263769,1.6368134490559745,1.6159094195072878,1.6286371475172934,1.619086759072436,11.819017855230964
2025-01-31,1.8480626781001896,1.8359957608125483,1.865445502178131,1.8592897892737832,1.6299169156929734,1.609095184629336,1.6217750641011568,1.6122591254619671,11.54392129858684
2025-02-07,1.8021569750440312,1.7903885984619483,1.8191080114072724,1.813103990217965,1.5894299328516073,1.5691243595929643,1.5814903240873368,1.5722097063643772,10.876419892640957
2025-02-14,1.8028531247548865,1.790852091912588,1.8380536699719183,1.8319715293577643,1.5741042791746565,1.5536081492015457,1.5979612403361585,1.5885704492290134,10.988408694662363
2025-02-21,1.8010247840593294,1.788858263323779,1.8262952610845211,1.8201747522000344,1.582288209783627,1.5613687138617116,1.5890807967046086,1.5796147952436665,10.83981233017357
2025-02-28,1.800935970128836,1.7886818353980032,1.7984753965103748,1.7924368935041737,1.616234325137189,1.5946998554267218,1.5749361907760255,1.5655421257529845,9.506328728743169
2025-03-07,1.800935970128836,1.7886818353980032,1.799125382467705,1.7930750013698353,1.6182387688023283,1.5966657560570465,1.5780448487305192,1.5686206217029977,9.782650346048642
2025-03-14,1.800935970128836,1.7886818353980032,1.7948739600434216,1.7887841964247595,1.6305775610550797,1.6088393602077427,1.582620272083879,1.573075206861205,9.464996737303942
2025-03-21,1.800935970128836,1.7886818353980032,1.794894673636016,1.788708416898989,1.62340458263486,1.6017583288988182,1.5756959487798377,1.5660206104005048,9.476896843581052
2025-03-28,1.800935970128836,1.7886818353980032,1.7927757914220812,1.7864957562546069,1.6269930029531785,1.6052941611384297,1.5754645093471116,1.5656147581525204,9.514718196602514
2025-04-04,1.800935970128836,1.7886818353980032,1.788641973055932,1.7823762688458022,1.6358719875478736,1.6140544812519058,1.5767970763077377,1.56693875261628,9.454478346179377
2025-04-11,1.800935970128836,1.7886818353980032,1.786143338131763,1.779883057110795,1.6473789391829174,1.625403618455642,1.5834889796091742,1.5735845971830045,9.401956265221688
2025-04-18,1.800935970128836,1.7886818353980032,1.7872906670179018,1.780927453334868,1.6392528230360641,1.617382494991269,1.5777133222833966,1.5676678650859839,9.520388187575158
2025-04-25,1.800935970128836,1.7886818353980032,1.8005493987212704,1.7940393224671451,1.613291308530094,1.5917657567111358,1.5761354246483363,1.5659239748592968,10.665880764518995
2025-05-02,1.800935970128836,1.7886818353980032,1.8019228714679607,1.7953488930253494,1.609947423103382,1.588458646005741,1.5752826056385236,1.5649754975834764,10.919284618670284
2025-05-09,1.8195111899114824,1.8069080687101695,1.830267960609008,1.8235648021201871,1.600451197581883,1.57871458252444,1.5830569452521615,1.572676296246676,11.605053741506564
2025-05-16,1.817270168645306,1.804673036979086,1.8261920612069842,1.8194938602863493,1.5957079361635969,1.5740171111102859,1.5752146704829098,1.564866886371566,11.660492526228357
2025-05-23,1.8219187933622834,1.8091930204234319,1.8324381022732747,1.8256584685207715,1.5965657130543014,1.574695191672333,1.578777819531383,1.5683061134233833,12.094887541234504
2025-05-30,1.8116623985573679,1.7987841819369004,1.822162519448038,1.8153544940860504,1.587388827784337,1.565262464226496,1.5697687532960336,1.5592478189077954,11.719275151780169
2025-06-06,1.8056086026204963,1.7927715876357526,1.820455448491339,1.8135947601410458,1.5820844575862647,1.5600304368011297,1.5720729725243419,1.5614367251834453,11.753419068796115
2025-06-13,1.8127704779192337,1.799875769151528,1.822521182571719,1.815547270274151,1.588359733180798,1.5662123394314502,1.569396158457131,1.5585934065206988,11.953818481398123
2025-06-20,1.7995895222203493,1.7867864041117807,1.8133614368133282,1.8062556114895667,1.57681050533758,1.5548222616316703,1.5650320096978205,1.5539741706053196,11.641794291239858
2025-06-27,1.8062355343490075,1.7933791918312778,1.8196155608647577,1.8124799351071677,1.5826337787083538,1.5605591606190912,1.5700463145577266,1.5589478791414997,12.064378233816406
2025-07-04,1.8135112841822,1.8005986532503984,1.8246619258823336,1.8175029766718835,1.5890088318132591,1.5668413772878595,1.5724286688636562,1.561309479940341,12.169939693655943
2025-07-11,1.8511189365595837,1.8379196574636858,1.850672400760677,1.8433928491289509,1.6219608692737668,1.5993172949709888,1.5846494024244102,1.5734274317818746,13.245493365851349
2025-07-18,1.8769898986914704,1.8635883730223965,1.864142969705822,1.8567971230103233,1.6446291524400403,1.6216536471428726,1.5855633206495252,1.5743196605518497,13.290255977946654
2025-07-25,1.8919800252990315,1.8784629750524178,1.8789764569713094,1.8715098643371546,1.6577635860535345,1.6345971989384132,1.5981266961921345,1.5866881295019681,13.2552589138096
2025-08-01,1.8672724201799198,1.8538968232651432,1.8544386670865471,1.8470346438993361,1.6361146428737143,1.6132202735299928,1.577256558658,1.5659377490334232,12.768798257190609
2025-08-08,1.8878427343108763,1.8742158182619517,1.8815918776585165,1.8740524229226925,1.6482058447265295,1.6249849354385901,1.600351191132713,1.588843740649476,13.149368366837484
2025-08-15,1.9057231594653155,1.891881984209854,1.8994910970423629,1.891872420251491,1.6637482606158827,1.640167154502535,1.6155750222947238,1.6039517444960791,13.22457491972866
2025-08-22,1.9326118955836509,1.918511094304689,1.92629190208785,1.9185013957292079,1.6872228601267538,1.6632532624604905,1.638369923137533,1.6265281038818509,13.178811522106878
2025-08-29,1.9078903263932454,1.8939582155872607,1.9016511769390478,1.8939486411330049,1.6656402564122814,1.641967143370124,1.617412236026696,1.6057119890396414,12.214249247438584
2025-09-05,1.9076659746422124,1.8937153283756931,1.901427558859173,1.8937057551492955,1.665444391218697,1.6417565722932879,1.6172220420400318,1.6055060674388433,12.471499589204589
2025-09-12,1.9532631241975862,1.9389713000395004,1.9468755974164846,1.9389614980323266,1.7052519455767392,1.6809912385608432,1.6558769828396005,1.6438744198545174,13.07664011053721
2025-09-19,1.9577641849373728,1.9434206747928084,1.9513619388664518,1.9434108502928815,1.7091814942835133,1.684848624163834,1.6596927528631285,1.6476466331622446,13.031893276592099
2025-09-26,1.9265870933701998,1.9124681670560069,1.920286802076838,1.9124584990291038,1.6819630435823634,1.6580143464641124,1.633262402707835,1.62140486480918,12.356935567669668
2025-10-03,2.000157729369619,1.9854822433603458,1.9936168486738735,1.9854722062281858,1.7461922140515833,1.721313902551769,1.6956318404221498,1.6833067466593978,13.775677530674413
2025-10-10,1.9545417991384038,1.9401347697627616,1.9481500908569567,1.9401249618739438,1.7063682636516453,1.6819999086794226,1.6569609783222385,1.6448608182175595,12.709807134654113
2025-10-17,1.949028980996572,1.9345033029891738,1.9344539545538162,1.9264631454951486,1.7087297015017775,1.6840615199252993,1.6453119973147723,1.633278169208468,11.994964516067228
2025-10-24,1.9543348422983933,1.9396980785911782,1.950350060739419,1.942286652101163,1.7039823972388493,1.6792549493486815,1.6588321197018645,1.6466935246801588,12.51037018921383
2025-10-31,1.9482042620783644,1.9335262005893907,1.9424650785855375,1.9344144093116198,1.7001760621721493,1.6753652896650224,1.6521257022625377,1.640019344423487,12.352940314638854
2025-11-07,1.928467616315366,1.9138633919499095,1.906565757157325,1.898662588512996,1.6971485084982496,1.6722521615503998,1.6215922361636141,1.6097085292094035,11.646425178321271
2025-11-14,1.9207942994996854,1.9061688348933532,1.8805481311981533,1.8726682691089664,1.7154586062197135,1.6901583572906123,1.6077440938477818,1.5958316305643805,10.660845280586225
2025-11-21,1.9119912621645323,1.897429072734215,1.8513841245453773,1.8436135392559287,1.7308188808495244,1.7052790665580126,1.5870258083990596,1.5752545566526648,9.594178087981218
2025-11-28,1.9118967155359108,1.897241419657106,1.8571711506121562,1.8491786342317604,1.7076104715639877,1.6822376243035098,1.5758426874311662,1.5638290005337203,10.243479397680385
2025-12-05,1.9114423318867257,1.8967017642463992,1.8568156390405193,1.8488236427071447,1.710878656642391,1.6852937935732204,1.5790061218026312,1.5669626830926089,10.067591341401977
2025-12-12,1.9113529127979716,1.896524305224416,1.8566189360433145,1.8486274598381434,1.7089965158570695,1.683280494926146,1.5770828006451665,1.5650525210806714,10.173347774097461
2025-12-19,1.9113529127979716,1.896524305224416,1.854108340556884,1.846127589113731,1.7186067410093882,1.6927449364005742,1.5816861820041506,1.5696196950798589,9.933127691442495
2025-12-26,1.9113529127979716,1.896524305224416,1.8519446768624113,1.8439725950329808,1.7245022304658233,1.6985507670930873,1.5834215656789772,1.571340965582228,9.84664314219607
2026-01-02,1.9113529127979716,1.896524305224416,1.8567611710005183,1.8487681836338852,1.707081266613109,1.6813781603543752,1.5756623485428103,1.5636281755403165,10.142547697911537
2026-01-09,1.9113529127979716,1.896524305224416,1.8582968652736098,1.8502971999610724,1.7039529936465188,1.6782891840349445,1.5753814235144425,1.5633421376883305,10.215369496102232
2026-01-16,1.9113529127979716,1.896524305224416,1.8623623726511862,1.8543436654559284,1.6852812527306789,1.659896113740506,1.5650142925069102,1.553051857699185,10.768693445192904
2026-01-23,1.9113529127979716,1.896524305224416,1.8579582113221376,1.8499581873564959,1.710811980372917,1.6850377170225017,1.581321569014776,1.569230221562306,10.098045425294401
2026-01-30,1.9113529127979716,1.896524305224416,1.8547229604651234,1.846736160469931,1.731398072425863,1.7053078177427712,1.594843628389603,1.5826434373416292,9.496247617781073
2026-02-06,1.9113529127979716,1.896524305224416,1.8341632609318057,1.8262648580756147,1.8030002063186163,1.7758266757156975,1.6254409291423917,1.6130026748644544,7.954471020609644
2026-02-13,1.9113529127979716,1.896524305224416,1.8298394424281392,1.8219471378959922,1.8123004620863017,1.7849463285159008,1.6261840237113403,1.6137033544971524,7.759915158632396
2026-02-20,1.9113529127979716,1.896524305224416,1.8297655800626733,1.8218000503185372,1.8153218576188845,1.7879189551506975,1.6287643506763074,1.6161312375238674,7.665928098969573
2026-02-27,1.9113529127979716,1.896524305224416,1.8297655800626733,1.8218000503185372,1.8234374820963972,1.7959110200552586,1.6360459463762496,1.6233554048762913,7.423856337688479
2026-03-06,1.9113529127979716,1.896524305224416,1.8313265939456613,1.8232789221174606,1.813826134694674,1.786428839354216,1.6302177469162076,1.6174276214603254,7.6765231268236445
2026-03-13,1.9113529127979716,1.896524305224416,1.834809691623459,1.8267455515371536,1.798925075149931,1.7717485217987732,1.6230283525803082,1.6102907086294607,7.993887093811245
2026-03-20,1.9113529127979716,1.896524305224416,1.835127128991001,1.8269844631240257,1.797859317797804,1.7706952383340102,1.6226298545238897,1.6097575039192664,7.946634915017755
2026-03-27,1.9113529127979716,1.896524305224416,1.824924011240273,1.8167990182226745,1.8198595028806293,1.7923193241809074,1.624491493306583,1.6115646500635608,7.484171697830391
2026-04-03,1.9113529127979716,1.896524305224416,1.827436796151424,1.8191982268987845,1.822991011155111,1.7953910863721139,1.6317680506062364,1.6185981070549162,7.54694844940229
2026-04-10,1.9113529127979716,1.896524305224416,1.8353191241201519,1.8270442395124074,1.79730400835114,1.7700914788517053,1.6228535795784023,1.6097542287876994,8.222974564494878
2026-04-17,1.9113529127979716,1.896524305224416,1.8477767869912953,1.8393424353437213,1.775166425905058,1.7482789512566947,1.624902282870325,1.611601662984812,8.686097082958131
2026-04-24,1.9113529127979716,1.896524305224416,1.8422050155733363,1.8337899894361371,1.785166158522725,1.7581165485870989,1.6242669147874056,1.6109616554293855,8.547358681307287
