field,version,n_total,n_available,pct_available
ticket,v1,132,132,100.0
ticket,v2,46,46,100.0
ticket,v3,137,137,100.0
version,v1,132,132,100.0
version,v2,46,46,100.0
version,v3,137,137,100.0
engine_version,v1,132,32,24.2
engine_version,v2,46,46,100.0
engine_version,v3,137,137,100.0
symbol,v1,132,132,100.0
symbol,v2,46,46,100.0
symbol,v3,137,137,100.0
order_type,v1,132,132,100.0
order_type,v2,46,46,100.0
order_type,v3,137,137,100.0
open_time,v1,132,132,100.0
open_time,v2,46,46,100.0
open_time,v3,137,137,100.0
close_time,v1,132,132,100.0
close_time,v2,46,46,100.0
close_time,v3,137,136,99.3
hold_minutes,v1,132,132,100.0
hold_minutes,v2,46,46,100.0
hold_minutes,v3,137,136,99.3
session_at_entry,v1,132,132,100.0
session_at_entry,v2,46,46,100.0
session_at_entry,v3,137,137,100.0
day_of_week,v1,132,132,100.0
day_of_week,v2,46,46,100.0
day_of_week,v3,137,137,100.0
hour_of_day_utc,v1,132,132,100.0
hour_of_day_utc,v2,46,46,100.0
hour_of_day_utc,v3,137,137,100.0
open_price,v1,132,132,100.0
open_price,v2,46,46,100.0
open_price,v3,137,137,100.0
close_price,v1,132,132,100.0
close_price,v2,46,46,100.0
close_price,v3,137,136,99.3
stop_loss,v1,132,132,100.0
stop_loss,v2,46,46,100.0
stop_loss,v3,137,137,100.0
take_profit,v1,132,132,100.0
take_profit,v2,46,46,100.0
take_profit,v3,137,137,100.0
volume,v1,132,132,100.0
volume,v2,46,46,100.0
volume,v3,137,137,100.0
sl_distance_raw,v1,132,132,100.0
sl_distance_raw,v2,46,46,100.0
sl_distance_raw,v3,137,137,100.0
tp_distance_raw,v1,132,132,100.0
tp_distance_raw,v2,46,46,100.0
tp_distance_raw,v3,137,137,100.0
planned_rr,v1,132,132,100.0
planned_rr,v2,46,46,100.0
planned_rr,v3,137,137,100.0
realized_rr,v1,132,0,0.0
realized_rr,v2,46,0,0.0
realized_rr,v3,137,0,0.0
strategy,v1,132,132,100.0
strategy,v2,46,46,100.0
strategy,v3,137,137,100.0
signal_status_at_entry,v1,132,21,15.9
signal_status_at_entry,v2,46,13,28.3
signal_status_at_entry,v3,137,49,35.8
signal_reason,v1,132,9,6.8
signal_reason,v2,46,6,13.0
signal_reason,v3,137,28,20.4
ml_confidence_pct,v1,132,5,3.8
ml_confidence_pct,v2,46,32,69.6
ml_confidence_pct,v3,137,76,55.5
ml_confidence,v1,132,5,3.8
ml_confidence,v2,46,32,69.6
ml_confidence,v3,137,76,55.5
ml_confidence_from_signal,v1,132,3,2.3
ml_confidence_from_signal,v2,46,12,26.1
ml_confidence_from_signal,v3,137,43,31.4
ml_class_probs,v1,132,5,3.8
ml_class_probs,v2,46,32,69.6
ml_class_probs,v3,137,76,55.5
rsi_at_entry,v1,132,132,100.0
rsi_at_entry,v2,46,46,100.0
rsi_at_entry,v3,137,136,99.3
atr_at_entry,v1,132,132,100.0
atr_at_entry,v2,46,46,100.0
atr_at_entry,v3,137,136,99.3
h1_trend,v1,132,0,0.0
h1_trend,v2,46,0,0.0
h1_trend,v3,137,0,0.0
h4_trend,v1,132,103,78.0
h4_trend,v2,46,43,93.5
h4_trend,v3,137,127,92.7
trend_alignment,v1,132,132,100.0
trend_alignment,v2,46,46,100.0
trend_alignment,v3,137,137,100.0
detected_regime,v1,132,115,87.1
detected_regime,v2,46,14,30.4
detected_regime,v3,137,0,0.0
volatility_regime,v1,132,103,78.0
volatility_regime,v2,46,43,93.5
volatility_regime,v3,137,127,92.7
volatility_bucket,v1,132,103,78.0
volatility_bucket,v2,46,43,93.5
volatility_bucket,v3,137,127,92.7
rsi_14,v1,132,103,78.0
rsi_14,v2,46,43,93.5
rsi_14,v3,137,127,92.7
atr_14,v1,132,103,78.0
atr_14,v2,46,43,93.5
atr_14,v3,137,127,92.7
macd,v1,132,0,0.0
macd,v2,46,0,0.0
macd,v3,137,0,0.0
bb_position,v1,132,103,78.0
bb_position,v2,46,43,93.5
bb_position,v3,137,127,92.7
news_nearby,v1,132,132,100.0
news_nearby,v2,46,46,100.0
news_nearby,v3,137,136,99.3
news_event_name,v1,132,0,0.0
news_event_name,v2,46,0,0.0
news_event_name,v3,137,0,0.0
news_impact,v1,132,0,0.0
news_impact,v2,46,0,0.0
news_impact,v3,137,0,0.0
exit_reason,v1,132,132,100.0
exit_reason,v2,46,46,100.0
exit_reason,v3,137,136,99.3
max_favorable_pips,v1,132,0,0.0
max_favorable_pips,v2,46,0,0.0
max_favorable_pips,v3,137,0,0.0
max_adverse_pips,v1,132,0,0.0
max_adverse_pips,v2,46,0,0.0
max_adverse_pips,v3,137,0,0.0
risk_reward_planned,v1,132,132,100.0
risk_reward_planned,v2,46,46,100.0
risk_reward_planned,v3,137,136,99.3
risk_reward_actual,v1,132,132,100.0
risk_reward_actual,v2,46,46,100.0
risk_reward_actual,v3,137,136,99.3
profit,v1,132,132,100.0
profit,v2,46,46,100.0
profit,v3,137,137,100.0
swap,v1,132,132,100.0
swap,v2,46,46,100.0
swap,v3,137,137,100.0
commission,v1,132,132,100.0
commission,v2,46,46,100.0
commission,v3,137,137,100.0
net_pnl,v1,132,132,100.0
net_pnl,v2,46,46,100.0
net_pnl,v3,137,137,100.0
was_profitable,v1,132,132,100.0
was_profitable,v2,46,46,100.0
was_profitable,v3,137,137,100.0
was_big_loss,v1,132,132,100.0
was_big_loss,v2,46,46,100.0
was_big_loss,v3,137,137,100.0
was_big_win,v1,132,132,100.0
was_big_win,v2,46,46,100.0
was_big_win,v3,137,137,100.0
shadow_predicted_direction,v1,132,0,0.0
shadow_predicted_direction,v2,46,10,21.7
shadow_predicted_direction,v3,137,37,27.0
shadow_agreed_with_trade,v1,132,132,100.0
shadow_agreed_with_trade,v2,46,46,100.0
shadow_agreed_with_trade,v3,137,137,100.0
shadow_sim_status,v1,132,0,0.0
shadow_sim_status,v2,46,10,21.7
shadow_sim_status,v3,137,37,27.0
shadow_sim_pnl,v1,132,0,0.0
shadow_sim_pnl,v2,46,10,21.7
shadow_sim_pnl,v3,137,36,26.3
comment,v1,132,132,100.0
comment,v2,46,46,100.0
comment,v3,137,137,100.0
data_group,v1,132,132,100.0
data_group,v2,46,46,100.0
data_group,v3,137,33,24.1
_source,v1,132,132,100.0
_source,v2,46,46,100.0
_source,v3,137,137,100.0
is_closed,v1,132,132,100.0
is_closed,v2,46,46,100.0
is_closed,v3,137,137,100.0
